2025-04-12 03:14:06.086+0000 INFO  [o.n.g.f.m.GlobalModule] Logging config in use: Embedded default config 'default-server-logs.xml'
2025-04-12 03:14:06.263+0000 WARN  [o.n.k.i.JvmChecker] The max heap memory has not been configured. It is recommended that it is always explicitly configured, to ensure the system has a balanced configuration. Until then, a JVM computed heuristic of 2059403264 bytes is used instead. If you are running neo4j server, you need to configure server.memory.heap.max_size in neo4j.conf. If you are running neo4j embedded, you have to launch the JVM with -Xmx set to a value. You can run neo4j-admin server memory-recommendation for memory configuration suggestions.
2025-04-12 03:14:06.264+0000 WARN  [o.n.k.i.JvmChecker] The initial heap memory has not been configured. It is recommended that it is always explicitly configured, to ensure the system has a balanced configuration. Until then, a JVM computed heuristic of 130023424 bytes is used instead. If you are running neo4j server, you need to configure server.memory.heap.initial_size in neo4j.conf. If you are running neo4j embedded, you have to launch the JVM with -Xms set to a value. You can run neo4j-admin server memory-recommendation for memory configuration suggestions.
2025-04-12 03:14:06.466+0000 INFO  [o.n.i.d.DiagnosticsManager] 
                                                                ********************************************************************************
                                                                                             [ System diagnostics ]                             
                                                                ********************************************************************************
2025-04-12 03:14:06.467+0000 INFO  [o.n.i.d.DiagnosticsManager] 
                                                                --------------------------------------------------------------------------------
                                                                                         [ System memory information ]                          
                                                                --------------------------------------------------------------------------------
                                                                Total Physical memory: 7.667GiB
                                                                Free Physical memory: 5.685GiB
                                                                Committed virtual memory: 5.082GiB
                                                                Total swap space: 1024MiB
                                                                Free swap space: 1024MiB
                                                                
2025-04-12 03:14:06.468+0000 INFO  [o.n.i.d.DiagnosticsManager] 
                                                                --------------------------------------------------------------------------------
                                                                                           [ JVM memory information ]                           
                                                                --------------------------------------------------------------------------------
                                                                Free  memory: 71.33MiB
                                                                Total memory: 100.0MiB
                                                                Max   memory: 1.918GiB
                                                                Garbage Collector: G1 Young Generation: [G1 Eden Space, G1 Survivor Space, G1 Old Gen]
                                                                Garbage Collector: G1 Old Generation: [G1 Eden Space, G1 Survivor Space, G1 Old Gen]
                                                                Memory Pool: CodeHeap 'non-nmethods' (Non-heap memory): committed=2.438MiB, used=1.222MiB, max=5.566MiB, threshold=0B
                                                                Memory Pool: Metaspace (Non-heap memory): committed=22.00MiB, used=21.64MiB, max=-1B, threshold=0B
                                                                Memory Pool: CodeHeap 'profiled nmethods' (Non-heap memory): committed=4.688MiB, used=4.650MiB, max=117.2MiB, threshold=0B
                                                                Memory Pool: Compressed Class Space (Non-heap memory): committed=2.500MiB, used=2.311MiB, max=1.000GiB, threshold=0B
                                                                Memory Pool: G1 Eden Space (Heap memory): committed=74.00MiB, used=2.000MiB, max=-1B, threshold=?
                                                                Memory Pool: G1 Old Gen (Heap memory): committed=25.00MiB, used=24.67MiB, max=1.918GiB, threshold=0B
                                                                Memory Pool: G1 Survivor Space (Heap memory): committed=1.000MiB, used=1.000MiB, max=-1B, threshold=?
                                                                Memory Pool: CodeHeap 'non-profiled nmethods' (Non-heap memory): committed=2.438MiB, used=1.296MiB, max=117.2MiB, threshold=0B
                                                                
2025-04-12 03:14:06.469+0000 INFO  [o.n.i.d.DiagnosticsManager] 
                                                                --------------------------------------------------------------------------------
                                                                                        [ Operating system information ]                        
                                                                --------------------------------------------------------------------------------
                                                                Operating System: Linux; version: 6.5.11-linuxkit; arch: amd64; cpus: 4
                                                                Max number of file descriptors: 1048576
                                                                Number of open file descriptors: 255
                                                                Process id: 7
                                                                Byte order: LITTLE_ENDIAN
                                                                Local timezone: Etc/UTC
                                                                Memory page size: 4096
                                                                Unaligned memory access allowed: true
                                                                
2025-04-12 03:14:06.469+0000 INFO  [o.n.i.d.DiagnosticsManager] 
                                                                --------------------------------------------------------------------------------
                                                                                              [ JVM information ]                               
                                                                --------------------------------------------------------------------------------
                                                                VM Name: OpenJDK 64-Bit Server VM
                                                                VM Vendor: Eclipse Adoptium
                                                                VM Version: 17.0.13+11
                                                                JIT compiler: HotSpot 64-Bit Tiered Compilers
                                                                VM Arguments: [--add-opens=java.base/java.nio=org.apache.arrow.memory.core,ALL-UNNAMED, -Dfile.encoding=UTF-8]
                                                                
2025-04-12 03:14:06.470+0000 INFO  [o.n.i.d.DiagnosticsManager] 
                                                                --------------------------------------------------------------------------------
                                                                                               [ Java classpath ]                               
                                                                --------------------------------------------------------------------------------
                                                                 [classpath] /var/lib/neo4j/lib/grpc-core-1.68.0.jar
                                                                 [classpath] /var/lib/neo4j/lib/jackson-module-jaxb-annotations-2.18.0.jar
                                                                 [classpath] /var/lib/neo4j/lib/neo4j-gql-status-5.26.0.jar
                                                                 [classpath] /var/lib/neo4j/lib/neo4j-index-5.26.0.jar
                                                                 [classpath] /var/lib/neo4j/lib/jaxb-runtime-2.3.2.jar
                                                                 [classpath] /var/lib/neo4j/lib/netty-transport-4.1.115.Final.jar
                                                                 [classpath] /var/lib/neo4j/lib/netty-codec-http2-4.1.115.Final.jar
                                                                 [classpath] /var/lib/neo4j/lib/neo4j-rewriting-5.26.0.jar
                                                                 [classpath] /var/lib/neo4j/lib/antlr4-runtime-4.13.2.jar
                                                                 [classpath] /var/lib/neo4j/lib/neo4j-cypher-expression-evaluator-5.26.0.jar
                                                                 [classpath] /var/lib/neo4j/lib/neo4j-cypher-physical-planning-5.26.0.jar
                                                                 [classpath] /var/lib/neo4j/lib/cypher-parser-common-5.26.0.jar
                                                                 [classpath] /var/lib/neo4j/lib/netty-common-4.1.115.Final.jar
                                                                 [classpath] /var/lib/neo4j/lib/neo4j-ssl-5.26.0.jar
                                                                 [classpath] /var/lib/neo4j/lib/caffeine-3.1.8.jar
                                                                 [classpath] /var/lib/neo4j/lib/magnolia_2.13-1.1.8.jar
                                                                 [classpath] /var/lib/neo4j/lib/scala-library-2.13.11.jar
                                                                 [classpath] /var/lib/neo4j/lib/cypher-parser-ast-common-5.26.0.jar
                                                                 [classpath] /var/lib/neo4j/lib/commons-compress-1.27.1.jar
                                                                 [classpath] /var/lib/neo4j/lib/proto-google-common-protos-2.41.0.jar
                                                                 [classpath] /var/lib/neo4j/lib/protobuf-java-util-3.25.1.jar
                                                                 [classpath] /var/lib/neo4j/lib/neo4j-util-5.26.0.jar
                                                                 [classpath] /var/lib/neo4j/conf/*
                                                                 [classpath] /var/lib/neo4j/lib/parquet-column-1.14.3.jar
                                                                 [classpath] /var/lib/neo4j/lib/neo4j-common-5.26.0.jar
                                                                 [classpath] /var/lib/neo4j/lib/WMI4Java-1.6.3.jar
                                                                 [classpath] /var/lib/neo4j/lib/jakarta.xml.bind-api-2.3.2.jar
                                                                 [classpath] /var/lib/neo4j/lib/jProcesses-1.6.5.jar
                                                                 [classpath] /var/lib/neo4j/lib/grpc-stub-1.68.0.jar
                                                                 [classpath] /var/lib/neo4j/lib/neo4j-schema-5.26.0.jar
                                                                 [classpath] /var/lib/neo4j/lib/parquet-hadoop-1.14.3.jar
                                                                 [classpath] /var/lib/neo4j/lib/neo4j-fulltext-index-5.26.0.jar
                                                                 [classpath] /var/lib/neo4j/lib/netty-transport-native-epoll-4.1.115.Final-linux-aarch_64.jar
                                                                 [classpath] /var/lib/neo4j/lib/hk2-locator-2.6.1.jar
                                                                 [classpath] /var/lib/neo4j/lib/parquet-format-structures-1.14.3.jar
                                                                 [classpath] /var/lib/neo4j/lib/neo4j-consistency-check-5.26.0.jar
                                                                 [classpath] /var/lib/neo4j/lib/netty-resolver-4.1.115.Final.jar
                                                                 [classpath] /var/lib/neo4j/lib/animal-sniffer-annotations-1.24.jar
                                                                 [classpath] /var/lib/neo4j/lib/neo4j-push-to-cloud-5.26.0.jar
                                                                 [classpath] /var/lib/neo4j/lib/jetty-alpn-server-10.0.24.jar
                                                                 [classpath] /var/lib/neo4j/lib/eclipse-collections-api-11.1.0.jar
                                                                 [classpath] /var/lib/neo4j/lib/netty-codec-socks-4.1.115.Final.jar
                                                                 [classpath] /var/lib/neo4j/lib/grpc-context-1.68.0.jar
                                                                 [classpath] /var/lib/neo4j/lib/jetty-io-10.0.24.jar
                                                                 [classpath] /var/lib/neo4j/lib/neo4j-collections-5.26.0.jar
                                                                 [classpath] /var/lib/neo4j/lib/jansi-2.4.0.jar
                                                                 [classpath] /var/lib/neo4j/lib/cypher-v5-antlr-parser-5.26.0.jar
                                                                 [classpath] /var/lib/neo4j/lib/jline-terminal-3.21.0.jar
                                                                 [classpath] /var/lib/neo4j/lib/ipaddress-5.5.1.jar
                                                                 [classpath] /var/lib/neo4j/lib/neo4j-cypher-5.26.0.jar
                                                                 [classpath] /var/lib/neo4j/lib/lucene-queryparser-9.11.1.jar
                                                                 [classpath] /var/lib/neo4j/lib/neo4j-fabric-5.26.0.jar
                                                                 [classpath] /var/lib/neo4j/lib/neo4j-cypher-macros-5.26.0.jar
                                                                 [classpath] /var/lib/neo4j/lib/neo4j-import-tool-5.26.0.jar
                                                                 [classpath] /var/lib/neo4j/lib/parquet-common-1.14.3.jar
                                                                 [classpath] /var/lib/neo4j/lib/shiro-lang-2.0.1.jar
                                                                 [classpath] /var/lib/neo4j/lib/jackson-databind-2.18.0.jar
                                                                 [classpath] /var/lib/neo4j/lib/kiama_2.13-2.5.1.jar
                                                                 [classpath] /var/lib/neo4j/lib/zstd-jni-1.5.6-6.jar
                                                                 [classpath] /var/lib/neo4j/lib/jakarta.ws.rs-api-2.1.6.jar
                                                                 [classpath] /var/lib/neo4j/lib/cypher-antlr-common-5.26.0.jar
                                                                 [classpath] /var/lib/neo4j/lib/neo4j-security-5.26.0.jar
                                                                 [classpath] /var/lib/neo4j/lib/neo4j-cypher-config-5.26.0.jar
                                                                 [classpath] /var/lib/neo4j/lib/parquet-encoding-1.14.3.jar
                                                                 [classpath] /var/lib/neo4j/lib/cypher-v25-antlr-parser-5.26.0.jar
                                                                 [classpath] /var/lib/neo4j/lib/lucene-analysis-common-9.11.1.jar
                                                                 [classpath] /var/lib/neo4j/lib/neo4j-udc-5.26.0.jar
                                                                 [classpath] /var/lib/neo4j/lib/istack-commons-runtime-3.0.8.jar
                                                                 [classpath] /var/lib/neo4j/lib/jetty-servlet-api-4.0.6.jar
                                                                 [classpath] /var/lib/neo4j/lib/neo4j-cypher-runtime-util-5.26.0.jar
                                                                 [classpath] /var/lib/neo4j/lib/eclipse-collections-11.1.0.jar
                                                                 [classpath] /var/lib/neo4j/lib/cypher-antlr-ast-common-5.26.0.jar
                                                                 [classpath] /var/lib/neo4j/lib/jetty-xml-10.0.24.jar
                                                                 [classpath] /var/lib/neo4j/lib/neo4j-dbms-5.26.0.jar
                                                                 [classpath] /var/lib/neo4j/lib/commons-text-1.12.0.jar
                                                                 [classpath] /var/lib/neo4j/lib/neo4j-import-api-5.26.0.jar
                                                                 [classpath] /var/lib/neo4j/lib/neo4j-id-generator-5.26.0.jar
                                                                 [classpath] /var/lib/neo4j/lib/neo4j-csv-5.26.0.jar
                                                                 [classpath] /var/lib/neo4j/lib/neo4j-notifications-5.26.0.jar
                                                                 [classpath] /var/lib/neo4j/lib/grpc-protobuf-lite-1.68.0.jar
                                                                 [classpath] /var/lib/neo4j/lib/picocli-4.7.6.jar
                                                                 [classpath] /var/lib/neo4j/lib/jakarta.validation-api-2.0.2.jar
                                                                 [classpath] /var/lib/neo4j/lib/neo4j-import-util-5.26.0.jar
                                                                 [classpath] /var/lib/neo4j/lib/jackson-jaxrs-json-provider-2.18.0.jar
                                                                 [classpath] /var/lib/neo4j/lib/jackson-datatype-jdk8-2.17.0.jar
                                                                 [classpath] /var/lib/neo4j/lib/guava-33.3.1-jre.jar
                                                                 [classpath] /var/lib/neo4j/lib/cypher-v25-parser-listener-5.26.0.jar
                                                                 [classpath] /var/lib/neo4j/lib/hk2-utils-2.6.1.jar
                                                                 [classpath] /var/lib/neo4j/lib/stax-ex-1.8.1.jar
                                                                 [classpath] /var/lib/neo4j/lib/txw2-2.3.2.jar
                                                                 [classpath] /var/lib/neo4j/lib/log4j-api-2.20.0.jar
                                                                 [classpath] /var/lib/neo4j/lib/neo4j-spatial-index-5.26.0.jar
                                                                 [classpath] /var/lib/neo4j/lib/neo4j-cypher-planner-spi-5.26.0.jar
                                                                 [classpath] /var/lib/neo4j/lib/commons-io-2.17.0.jar
                                                                 [classpath] /var/lib/neo4j/lib/arrow-memory-core-17.0.0.jar
                                                                 [classpath] /var/lib/neo4j/lib/argparse4j-0.9.0.jar
                                                                 [classpath] /var/lib/neo4j/lib/log4j-core-2.20.0.jar
                                                                 [classpath] /var/lib/neo4j/lib/reactor-core-3.6.10.jar
                                                                 [classpath] /var/lib/neo4j/lib/neo4j-cypher-ast-factory-5.26.0.jar
                                                                 [classpath] /var/lib/neo4j/lib/grpc-protobuf-1.68.0.jar
                                                                 [classpath] /var/lib/neo4j/lib/jetty-security-10.0.24.jar
                                                                 [classpath] /var/lib/neo4j/lib/neo4j-kernel-5.26.0.jar
                                                                 [classpath] /var/lib/neo4j/lib/neo4j-cypher-cache-5.26.0.jar
                                                                 [classpath] /var/lib/neo4j/lib/neo4j-codegen-5.26.0.jar
                                                                 [classpath] /var/lib/neo4j/lib/neo4j-cypher-ir-5.26.0.jar
                                                                 [classpath] /var/lib/neo4j/lib/flight-core-17.0.0.jar
                                                                 [classpath] /var/lib/neo4j/lib/netty-handler-4.1.115.Final.jar
                                                                 [classpath] /var/lib/neo4j/lib/arrow-vector-17.0.0.jar
                                                                 [classpath] /var/lib/neo4j/lib/neo4j-kernel-api-5.26.0.jar
                                                                 [classpath] /var/lib/neo4j/lib/shiro-crypto-core-2.0.1.jar
                                                                 [classpath] /var/lib/neo4j/lib/http2-common-10.0.24.jar
                                                                 [classpath] /var/lib/neo4j/lib/lucene-backward-codecs-9.11.1.jar
                                                                 [classpath] /var/lib/neo4j/lib/neo4j-layout-5.26.0.jar
                                                                 [classpath] /var/lib/neo4j/lib/parquet-jackson-1.14.3.jar
                                                                 [classpath] /var/lib/neo4j/lib/neo4j-unsafe-5.26.0.jar
                                                                 [classpath] /var/lib/neo4j/lib/jackson-annotations-2.18.0.jar
                                                                 [classpath] /var/lib/neo4j/lib/jetty-http-10.0.24.jar
                                                                 [classpath] /var/lib/neo4j/lib/jetty-webapp-10.0.24.jar
                                                                 [classpath] /var/lib/neo4j/lib/cypher-ast-factory-5.26.0.jar
                                                                 [classpath] /var/lib/neo4j/lib/grpc-api-1.68.0.jar
                                                                 [classpath] /var/lib/neo4j/lib/neo4j-data-collector-5.26.0.jar
                                                                 [classpath] /var/lib/neo4j/lib/shiro-cache-2.0.1.jar
                                                                 [classpath] /var/lib/neo4j/lib/neo4j-cypher-interpreted-runtime-5.26.0.jar
                                                                 [classpath] /var/lib/neo4j/lib/netty-codec-4.1.115.Final.jar
                                                                 [classpath] /var/lib/neo4j/lib/netty-handler-proxy-4.1.115.Final.jar
                                                                 [classpath] /var/lib/neo4j/lib/scala-collection-contrib_2.13-0.3.0.jar
                                                                 [classpath] /var/lib/neo4j/lib/neo4j-cypher-slotted-runtime-5.26.0.jar
                                                                 [classpath] /var/lib/neo4j/lib/jersey-container-servlet-2.43.jar
                                                                 [classpath] /var/lib/neo4j/lib/neo4j-5.26.0.jar
                                                                 [classpath] /var/lib/neo4j/lib/neo4j-diagnostics-5.26.0.jar
                                                                 [classpath] /var/lib/neo4j/lib/neo4j-cloud-5.26.0.jar
                                                                 [classpath] /var/lib/neo4j/lib/commons-codec-1.17.1.jar
                                                                 [classpath] /var/lib/neo4j/lib/jetty-server-10.0.24.jar
                                                                 [classpath] /var/lib/neo4j/lib/jetty-util-10.0.24.jar
                                                                 [classpath] /var/lib/neo4j/lib/jPowerShell-3.0.jar
                                                                 [classpath] /var/lib/neo4j/lib/shiro-hashes-argon2-2.0.1.jar
                                                                 [classpath] /var/lib/neo4j/lib/neo4j-token-api-5.26.0.jar
                                                                 [classpath] /var/lib/neo4j/lib/reactive-streams-1.0.4.jar
                                                                 [classpath] /var/lib/neo4j/lib/cypher-v25-ast-factory-5.26.0.jar
                                                                 [classpath] /var/lib/neo4j/lib/neo4j-graphdb-api-5.26.0.jar
                                                                 [classpath] /var/lib/neo4j/lib/perfmark-api-0.27.0.jar
                                                                 [classpath] /var/lib/neo4j/lib/netty-transport-native-epoll-4.1.115.Final-linux-x86_64.jar
                                                                 [classpath] /var/lib/neo4j/lib/neo4j-concurrent-5.26.0.jar
                                                                 [classpath] /var/lib/neo4j/lib/netty-transport-native-unix-common-4.1.115.Final.jar
                                                                 [classpath] /var/lib/neo4j/lib/neo4j-cypher-rendering-5.26.0.jar
                                                                 [classpath] /var/lib/neo4j/lib/aircompressor-0.27.jar
                                                                 [classpath] /var/lib/neo4j/lib/cypher-v5-literal-interpreter-5.26.0.jar
                                                                 [classpath] /var/lib/neo4j/lib/http2-server-10.0.24.jar
                                                                 [classpath] /var/lib/neo4j/lib/neo4j-storage-engine-util-5.26.0.jar
                                                                 [classpath] /var/lib/neo4j/lib/neo4j-lucene-index-5.26.0.jar
                                                                 [classpath] /var/lib/neo4j/lib/shiro-crypto-hash-2.0.1.jar
                                                                 [classpath] /var/lib/neo4j/lib/arrow-memory-netty-17.0.0.jar
                                                                 [classpath] /var/lib/neo4j/lib/listenablefuture-9999.0-empty-to-avoid-conflict-with-guava.jar
                                                                 [classpath] /var/lib/neo4j/lib/failureaccess-1.0.2.jar
                                                                 [classpath] /var/lib/neo4j/lib/jaxb-api-2.2.12.jar
                                                                 [classpath] /var/lib/neo4j/lib/jersey-container-servlet-core-2.43.jar
                                                                 [classpath] /var/lib/neo4j/lib/neo4j-native-5.26.0.jar
                                                                 [classpath] /var/lib/neo4j/lib/neo4j-cypher-dsl-2024.2.0.jar
                                                                 [classpath] /var/lib/neo4j/lib/jersey-client-2.43.jar
                                                                 [classpath] /var/lib/neo4j/lib/neo4j-cypher-logical-plans-5.26.0.jar
                                                                 [classpath] /var/lib/neo4j/lib/grpc-netty-1.68.0.jar
                                                                 [classpath] /var/lib/neo4j/lib/shiro-core-2.0.1.jar
                                                                 [classpath] /var/lib/neo4j/lib/jersey-server-2.43.jar
                                                                 [classpath] /var/lib/neo4j/lib/netty-tcnative-classes-2.0.69.Final.jar
                                                                 [classpath] /var/lib/neo4j/lib/neo4j-cypher-javacc-parser-5.26.0.jar
                                                                 [classpath] /var/lib/neo4j/lib/javax.annotation-api-1.3.2.jar
                                                                 [classpath] /var/lib/neo4j/lib/neo4j-bolt-5.26.0.jar
                                                                 [classpath] /var/lib/neo4j/lib/jna-5.15.0.jar
                                                                 [classpath] /var/lib/neo4j/lib/http2-hpack-10.0.24.jar
                                                                 [classpath] /var/lib/neo4j/lib/annotations-5.26.0.jar
                                                                 [classpath] /var/lib/neo4j/lib/shiro-hashes-bcrypt-2.0.1.jar
                                                                 [classpath] /var/lib/neo4j/lib/neo4j-expressions-5.26.0.jar
                                                                 [classpath] /var/lib/neo4j/lib/netty-transport-classes-kqueue-4.1.115.Final.jar
                                                                 [classpath] /var/lib/neo4j/lib/cypher-v5-ast-factory-5.26.0.jar
                                                                 [classpath] /var/lib/neo4j/lib/neo4j-capabilities-5.26.0.jar
                                                                 [classpath] /var/lib/neo4j/lib/snappy-java-1.1.10.5.jar
                                                                 [classpath] /var/lib/neo4j/lib/netty-buffer-4.1.115.Final.jar
                                                                 [classpath] /var/lib/neo4j/lib/neo4j-slf4j-provider-5.26.0.jar
                                                                 [classpath] /var/lib/neo4j/lib/commons-configuration2-2.11.0.jar
                                                                 [classpath] /var/lib/neo4j/lib/neo4j-graph-algo-5.26.0.jar
                                                                 [classpath] /var/lib/neo4j/lib/netty-transport-native-kqueue-4.1.115.Final-osx-x86_64.jar
                                                                 [classpath] /var/lib/neo4j/lib/jline-terminal-jansi-3.21.0.jar
                                                                 [classpath] /var/lib/neo4j/lib/neo4j-server-5.26.0.jar
                                                                 [classpath] /var/lib/neo4j/lib/hk2-api-2.6.1.jar
                                                                 [classpath] /var/lib/neo4j/lib/neo4j-io-5.26.0.jar
                                                                 [classpath] /var/lib/neo4j/lib/shiro-config-core-2.0.1.jar
                                                                 [classpath] /var/lib/neo4j/lib/parquet-floor-1.47.jar
                                                                 [classpath] /var/lib/neo4j/lib/neo4j-command-line-5.26.0.jar
                                                                 [classpath] /var/lib/neo4j/lib/shiro-event-2.0.1.jar
                                                                 [classpath] /var/lib/neo4j/lib/jsr305-3.0.2.jar
                                                                 [classpath] /var/lib/neo4j/lib/neo4j-resource-5.26.0.jar
                                                                 [classpath] /var/lib/neo4j/lib/commons-logging-1.3.4.jar
                                                                 [classpath] /var/lib/neo4j/lib/jakarta.activation-api-1.2.2.jar
                                                                 [classpath] /var/lib/neo4j/lib/neo4j-values-5.26.0.jar
                                                                 [classpath] /var/lib/neo4j/lib/zstd-proxy-5.26.0.jar
                                                                 [classpath] /var/lib/neo4j/lib/commons-lang3-3.17.0.jar
                                                                 [classpath] /var/lib/neo4j/lib/neo4j-procedure-api-5.26.0.jar
                                                                 [classpath] /var/lib/neo4j/lib/jettison-1.5.4.jar
                                                                 [classpath] /var/lib/neo4j/lib/netty-codec-http-4.1.115.Final.jar
                                                                 [classpath] /var/lib/neo4j/lib/jakarta.inject-2.6.1.jar
                                                                 [classpath] /var/lib/neo4j/lib/slf4j-api-2.0.9.jar
                                                                 [classpath] /var/lib/neo4j/lib/cypher-parser-factory-5.26.0.jar
                                                                 [classpath] /var/lib/neo4j/lib/neo4j-logging-5.26.0.jar
                                                                 [classpath] /var/lib/neo4j/lib/neo4j-cypher-planner-5.26.0.jar
                                                                 [classpath] /var/lib/neo4j/lib/jline-reader-3.21.0.jar
                                                                 [classpath] /var/lib/neo4j/lib/gson-2.11.0.jar
                                                                 [classpath] /var/lib/neo4j/lib/arrow-format-17.0.0.jar
                                                                 [classpath] /var/lib/neo4j/lib/FastInfoset-1.2.16.jar
                                                                 [classpath] /var/lib/neo4j/lib/server-api-5.26.0.jar
                                                                 [classpath] /var/lib/neo4j/lib/javassist-3.30.2-GA.jar
                                                                 [classpath] /var/lib/neo4j/lib/cypher-v5-parser-listener-5.26.0.jar
                                                                 [classpath] /var/lib/neo4j/lib/neo4j-record-storage-engine-5.26.0.jar
                                                                 [classpath] /var/lib/neo4j/lib/jersey-hk2-2.43.jar
                                                                 [classpath] /var/lib/neo4j/lib/netty-transport-classes-epoll-4.1.115.Final.jar
                                                                 [classpath] /var/lib/neo4j/lib/shiro-crypto-cipher-2.0.1.jar
                                                                 [classpath] /var/lib/neo4j/lib/grpc-util-1.68.0.jar
                                                                 [classpath] /var/lib/neo4j/lib/netty-transport-native-kqueue-4.1.115.Final-osx-aarch_64.jar
                                                                 [classpath] /var/lib/neo4j/lib/flatbuffers-java-24.3.25.jar
                                                                 [classpath] /var/lib/neo4j/lib/cypher-shell-5.26.0.jar
                                                                 [classpath] /var/lib/neo4j/lib/jetty-servlet-10.0.24.jar
                                                                 [classpath] /var/lib/neo4j/lib/neo4j-ast-5.26.0.jar
                                                                 [classpath] /var/lib/neo4j/lib/neo4j-lock-5.26.0.jar
                                                                 [classpath] /var/lib/neo4j/lib/neo4j-front-end-5.26.0.jar
                                                                 [classpath] /var/lib/neo4j/lib/scala-reflect-2.13.11.jar
                                                                 [classpath] /var/lib/neo4j/lib/jetty-alpn-java-server-10.0.24.jar
                                                                 [classpath] /var/lib/neo4j/lib/neo4j-configuration-5.26.0.jar
                                                                 [classpath] /var/lib/neo4j/lib/jakarta.annotation-api-1.3.5.jar
                                                                 [classpath] /var/lib/neo4j/lib/protobuf-java-3.25.5.jar
                                                                 [classpath] /var/lib/neo4j/lib/jctools-core-4.0.5.jar
                                                                 [classpath] /var/lib/neo4j/lib/jackson-datatype-jsr310-2.17.1.jar
                                                                 [classpath] /var/lib/neo4j/lib/neo4j-procedure-5.26.0.jar
                                                                 [classpath] /var/lib/neo4j/lib/jackson-core-2.18.0.jar
                                                                 [classpath] /var/lib/neo4j/lib/neo4j-bootcheck-5.26.0.jar
                                                                 [classpath] /var/lib/neo4j/lib/neo4j-monitoring-5.26.0.jar
                                                                 [classpath] /var/lib/neo4j/lib/neo4j-query-router-5.26.0.jar
                                                                 [classpath] /var/lib/neo4j/lib/log4j-layout-template-json-2.20.0.jar
                                                                 [classpath] /var/lib/neo4j/lib/jersey-common-2.43.jar
                                                                 [classpath] /var/lib/neo4j/lib/neo4j-browser-5.26.0.jar
                                                                 [classpath] /var/lib/neo4j/lib/arrow-memory-netty-buffer-patch-17.0.0.jar
                                                                 [classpath] /var/lib/neo4j/lib/neo4j-wal-5.26.0.jar
                                                                 [classpath] /var/lib/neo4j/lib/neo4j-exceptions-5.26.0.jar
                                                                 [classpath] /var/lib/neo4j/lib/neo4j-java-driver-5.26.0.jar
                                                                 [classpath] /var/lib/neo4j/lib/lucene-core-9.11.1.jar
                                                                 [classpath] /var/lib/neo4j/lib/jackson-jaxrs-base-2.18.0.jar
                                                                
2025-04-12 03:14:06.470+0000 INFO  [o.n.i.d.DiagnosticsManager] 
                                                                --------------------------------------------------------------------------------
                                                                                                [ Library path ]                                
                                                                --------------------------------------------------------------------------------
                                                                /usr/java/packages/lib
                                                                /usr/lib64
                                                                /lib64
                                                                /lib
                                                                /usr/lib
                                                                
2025-04-12 03:14:06.471+0000 INFO  [o.n.i.d.DiagnosticsManager] 
                                                                --------------------------------------------------------------------------------
                                                                                             [ System properties ]                              
                                                                --------------------------------------------------------------------------------
                                                                sun.jnu.encoding = UTF-8
                                                                sun.arch.data.model = 64
                                                                user.timezone = Etc/UTC
                                                                sun.java.launcher = SUN_STANDARD
                                                                sun.boot.library.path = /opt/java/openjdk/lib
                                                                sun.java.command = org.neo4j.server.CommunityEntryPoint --home-dir=/var/lib/neo4j --config-dir=/var/lib/neo4j/conf --console-mode
                                                                jdk.debug = release
                                                                sun.cpu.endian = little
                                                                user.home = /var/lib/neo4j
                                                                user.language = en
                                                                file.separator = /
                                                                sun.management.compiler = HotSpot 64-Bit Tiered Compilers
                                                                user.name = neo4j
                                                                path.separator = :
                                                                file.encoding = UTF-8
                                                                jnidispatch.path = /var/lib/neo4j/.cache/JNA/temp/jna11646889320839214183.tmp
                                                                jna.loaded = true
                                                                user.dir = /var/lib/neo4j
                                                                native.encoding = UTF-8
                                                                sun.io.unicode.encoding = UnicodeLittle
                                                                
2025-04-12 03:14:06.471+0000 INFO  [o.n.i.d.DiagnosticsManager] 
                                                                --------------------------------------------------------------------------------
                                                                                      [ (IANA) TimeZone database version ]                      
                                                                --------------------------------------------------------------------------------
                                                                  TimeZone version: 2024a (available for 603 zone identifiers)
                                                                
2025-04-12 03:14:06.472+0000 INFO  [o.n.i.d.DiagnosticsManager] 
                                                                --------------------------------------------------------------------------------
                                                                                            [ Network information ]                             
                                                                --------------------------------------------------------------------------------
                                                                Interface eth0:
                                                                    address: 172.19.0.2
                                                                Interface lo:
                                                                    address: 127.0.0.1
                                                                
2025-04-12 03:14:06.472+0000 INFO  [o.n.i.d.DiagnosticsManager] 
                                                                --------------------------------------------------------------------------------
                                                                                         [ Native access information ]                          
                                                                --------------------------------------------------------------------------------
                                                                Native access details: Linux native access is available.
                                                                
2025-04-12 03:14:06.473+0000 INFO  [o.n.i.d.DiagnosticsManager] 
                                                                --------------------------------------------------------------------------------
                                                                                                [ DBMS config ]                                 
                                                                --------------------------------------------------------------------------------
                                                                DBMS provided settings:
                                                                server.default_listen_address=0.0.0.0
                                                                server.directories.logs=/logs
                                                                server.directories.neo4j_home=/var/lib/neo4j
                                                                server.directories.plugins=/plugins
                                                                server.memory.pagecache.size=512.00MiB
                                                                Directories in use:
                                                                server.directories.data=/var/lib/neo4j/data
                                                                server.directories.dumps.root=/var/lib/neo4j/data/dumps
                                                                server.directories.import=/var/lib/neo4j
                                                                server.directories.lib=/var/lib/neo4j/lib
                                                                server.directories.licenses=/var/lib/neo4j/licenses
                                                                server.directories.logs=/logs
                                                                server.directories.neo4j_home=/var/lib/neo4j
                                                                server.directories.plugins=/plugins
                                                                server.directories.run=/var/lib/neo4j/run
                                                                server.directories.script.root=/var/lib/neo4j/data/scripts
                                                                server.directories.transaction.logs.root=/var/lib/neo4j/data/transactions
                                                                
2025-04-12 03:14:06.474+0000 INFO  [o.n.i.d.DiagnosticsManager] 
                                                                --------------------------------------------------------------------------------
                                                                                                 [ Packaging ]                                  
                                                                --------------------------------------------------------------------------------
                                                                Edition: Community
                                                                Package Type: docker bullseye
                                                                
2025-04-12 03:14:06.509+0000 INFO  [o.n.d.i.DefaultIdentityModule] Generated new ServerId: ServerId{da816d0a} (da816d0a-1e8a-464a-b408-79f096fe1e05)
2025-04-12 03:14:06.512+0000 INFO  [o.n.d.i.DefaultIdentityModule] This instance is ServerId{da816d0a} (da816d0a-1e8a-464a-b408-79f096fe1e05)
2025-04-12 03:17:53.727+0000 INFO  [o.n.g.f.m.GlobalModule] Logging config in use: Embedded default config 'default-server-logs.xml'
2025-04-12 03:17:53.874+0000 WARN  [o.n.k.i.JvmChecker] The max heap memory has not been configured. It is recommended that it is always explicitly configured, to ensure the system has a balanced configuration. Until then, a JVM computed heuristic of 2059403264 bytes is used instead. If you are running neo4j server, you need to configure server.memory.heap.max_size in neo4j.conf. If you are running neo4j embedded, you have to launch the JVM with -Xmx set to a value. You can run neo4j-admin server memory-recommendation for memory configuration suggestions.
2025-04-12 03:17:53.875+0000 WARN  [o.n.k.i.JvmChecker] The initial heap memory has not been configured. It is recommended that it is always explicitly configured, to ensure the system has a balanced configuration. Until then, a JVM computed heuristic of 130023424 bytes is used instead. If you are running neo4j server, you need to configure server.memory.heap.initial_size in neo4j.conf. If you are running neo4j embedded, you have to launch the JVM with -Xms set to a value. You can run neo4j-admin server memory-recommendation for memory configuration suggestions.
2025-04-12 03:17:54.032+0000 INFO  [o.n.i.d.DiagnosticsManager] 
                                                                ********************************************************************************
                                                                                             [ System diagnostics ]                             
                                                                ********************************************************************************
2025-04-12 03:17:54.032+0000 INFO  [o.n.i.d.DiagnosticsManager] 
                                                                --------------------------------------------------------------------------------
                                                                                         [ System memory information ]                          
                                                                --------------------------------------------------------------------------------
                                                                Total Physical memory: 7.667GiB
                                                                Free Physical memory: 5.694GiB
                                                                Committed virtual memory: 5.082GiB
                                                                Total swap space: 1024MiB
                                                                Free swap space: 1024MiB
                                                                
2025-04-12 03:17:54.033+0000 INFO  [o.n.i.d.DiagnosticsManager] 
                                                                --------------------------------------------------------------------------------
                                                                                           [ JVM memory information ]                           
                                                                --------------------------------------------------------------------------------
                                                                Free  memory: 73.79MiB
                                                                Total memory: 104.0MiB
                                                                Max   memory: 1.918GiB
                                                                Garbage Collector: G1 Young Generation: [G1 Eden Space, G1 Survivor Space, G1 Old Gen]
                                                                Garbage Collector: G1 Old Generation: [G1 Eden Space, G1 Survivor Space, G1 Old Gen]
                                                                Memory Pool: CodeHeap 'non-nmethods' (Non-heap memory): committed=2.438MiB, used=1.222MiB, max=5.566MiB, threshold=0B
                                                                Memory Pool: Metaspace (Non-heap memory): committed=21.88MiB, used=21.54MiB, max=-1B, threshold=0B
                                                                Memory Pool: CodeHeap 'profiled nmethods' (Non-heap memory): committed=4.750MiB, used=4.725MiB, max=117.2MiB, threshold=0B
                                                                Memory Pool: Compressed Class Space (Non-heap memory): committed=2.500MiB, used=2.305MiB, max=1.000GiB, threshold=0B
                                                                Memory Pool: G1 Eden Space (Heap memory): committed=76.00MiB, used=3.000MiB, max=-1B, threshold=?
                                                                Memory Pool: G1 Old Gen (Heap memory): committed=25.00MiB, used=24.31MiB, max=1.918GiB, threshold=0B
                                                                Memory Pool: G1 Survivor Space (Heap memory): committed=3.000MiB, used=2.897MiB, max=-1B, threshold=?
                                                                Memory Pool: CodeHeap 'non-profiled nmethods' (Non-heap memory): committed=2.438MiB, used=1.276MiB, max=117.2MiB, threshold=0B
                                                                
2025-04-12 03:17:54.033+0000 INFO  [o.n.i.d.DiagnosticsManager] 
                                                                --------------------------------------------------------------------------------
                                                                                        [ Operating system information ]                        
                                                                --------------------------------------------------------------------------------
                                                                Operating System: Linux; version: 6.5.11-linuxkit; arch: amd64; cpus: 4
                                                                Max number of file descriptors: 1048576
                                                                Number of open file descriptors: 255
                                                                Process id: 7
                                                                Byte order: LITTLE_ENDIAN
                                                                Local timezone: Etc/UTC
                                                                Memory page size: 4096
                                                                Unaligned memory access allowed: true
                                                                
2025-04-12 03:17:54.033+0000 INFO  [o.n.i.d.DiagnosticsManager] 
                                                                --------------------------------------------------------------------------------
                                                                                              [ JVM information ]                               
                                                                --------------------------------------------------------------------------------
                                                                VM Name: OpenJDK 64-Bit Server VM
                                                                VM Vendor: Eclipse Adoptium
                                                                VM Version: 17.0.13+11
                                                                JIT compiler: HotSpot 64-Bit Tiered Compilers
                                                                VM Arguments: [--add-opens=java.base/java.nio=ALL-UNNAMED, -Dfile.encoding=UTF-8]
                                                                
2025-04-12 03:17:54.034+0000 INFO  [o.n.i.d.DiagnosticsManager] 
                                                                --------------------------------------------------------------------------------
                                                                                               [ Java classpath ]                               
                                                                --------------------------------------------------------------------------------
                                                                 [classpath] /var/lib/neo4j/lib/grpc-core-1.68.0.jar
                                                                 [classpath] /var/lib/neo4j/lib/jackson-module-jaxb-annotations-2.18.0.jar
                                                                 [classpath] /var/lib/neo4j/lib/neo4j-gql-status-5.26.0.jar
                                                                 [classpath] /var/lib/neo4j/lib/neo4j-index-5.26.0.jar
                                                                 [classpath] /var/lib/neo4j/lib/jaxb-runtime-2.3.2.jar
                                                                 [classpath] /var/lib/neo4j/lib/netty-transport-4.1.115.Final.jar
                                                                 [classpath] /var/lib/neo4j/lib/netty-codec-http2-4.1.115.Final.jar
                                                                 [classpath] /var/lib/neo4j/lib/neo4j-rewriting-5.26.0.jar
                                                                 [classpath] /var/lib/neo4j/lib/antlr4-runtime-4.13.2.jar
                                                                 [classpath] /var/lib/neo4j/lib/neo4j-cypher-expression-evaluator-5.26.0.jar
                                                                 [classpath] /var/lib/neo4j/lib/neo4j-cypher-physical-planning-5.26.0.jar
                                                                 [classpath] /var/lib/neo4j/lib/cypher-parser-common-5.26.0.jar
                                                                 [classpath] /var/lib/neo4j/lib/netty-common-4.1.115.Final.jar
                                                                 [classpath] /var/lib/neo4j/lib/neo4j-ssl-5.26.0.jar
                                                                 [classpath] /var/lib/neo4j/lib/caffeine-3.1.8.jar
                                                                 [classpath] /var/lib/neo4j/lib/magnolia_2.13-1.1.8.jar
                                                                 [classpath] /var/lib/neo4j/lib/scala-library-2.13.11.jar
                                                                 [classpath] /var/lib/neo4j/lib/cypher-parser-ast-common-5.26.0.jar
                                                                 [classpath] /var/lib/neo4j/lib/commons-compress-1.27.1.jar
                                                                 [classpath] /var/lib/neo4j/lib/proto-google-common-protos-2.41.0.jar
                                                                 [classpath] /var/lib/neo4j/lib/protobuf-java-util-3.25.1.jar
                                                                 [classpath] /var/lib/neo4j/lib/neo4j-util-5.26.0.jar
                                                                 [classpath] /var/lib/neo4j/conf/*
                                                                 [classpath] /var/lib/neo4j/lib/parquet-column-1.14.3.jar
                                                                 [classpath] /var/lib/neo4j/lib/neo4j-common-5.26.0.jar
                                                                 [classpath] /var/lib/neo4j/lib/WMI4Java-1.6.3.jar
                                                                 [classpath] /var/lib/neo4j/lib/jakarta.xml.bind-api-2.3.2.jar
                                                                 [classpath] /var/lib/neo4j/lib/jProcesses-1.6.5.jar
                                                                 [classpath] /var/lib/neo4j/lib/grpc-stub-1.68.0.jar
                                                                 [classpath] /var/lib/neo4j/lib/neo4j-schema-5.26.0.jar
                                                                 [classpath] /var/lib/neo4j/lib/parquet-hadoop-1.14.3.jar
                                                                 [classpath] /var/lib/neo4j/lib/neo4j-fulltext-index-5.26.0.jar
                                                                 [classpath] /var/lib/neo4j/lib/netty-transport-native-epoll-4.1.115.Final-linux-aarch_64.jar
                                                                 [classpath] /var/lib/neo4j/lib/hk2-locator-2.6.1.jar
                                                                 [classpath] /var/lib/neo4j/lib/parquet-format-structures-1.14.3.jar
                                                                 [classpath] /var/lib/neo4j/lib/neo4j-consistency-check-5.26.0.jar
                                                                 [classpath] /var/lib/neo4j/lib/netty-resolver-4.1.115.Final.jar
                                                                 [classpath] /var/lib/neo4j/lib/animal-sniffer-annotations-1.24.jar
                                                                 [classpath] /var/lib/neo4j/lib/neo4j-push-to-cloud-5.26.0.jar
                                                                 [classpath] /var/lib/neo4j/lib/jetty-alpn-server-10.0.24.jar
                                                                 [classpath] /var/lib/neo4j/lib/eclipse-collections-api-11.1.0.jar
                                                                 [classpath] /var/lib/neo4j/lib/netty-codec-socks-4.1.115.Final.jar
                                                                 [classpath] /var/lib/neo4j/lib/grpc-context-1.68.0.jar
                                                                 [classpath] /var/lib/neo4j/lib/jetty-io-10.0.24.jar
                                                                 [classpath] /var/lib/neo4j/lib/neo4j-collections-5.26.0.jar
                                                                 [classpath] /var/lib/neo4j/lib/jansi-2.4.0.jar
                                                                 [classpath] /var/lib/neo4j/lib/cypher-v5-antlr-parser-5.26.0.jar
                                                                 [classpath] /var/lib/neo4j/lib/jline-terminal-3.21.0.jar
                                                                 [classpath] /var/lib/neo4j/lib/ipaddress-5.5.1.jar
                                                                 [classpath] /var/lib/neo4j/lib/neo4j-cypher-5.26.0.jar
                                                                 [classpath] /var/lib/neo4j/lib/lucene-queryparser-9.11.1.jar
                                                                 [classpath] /var/lib/neo4j/lib/neo4j-fabric-5.26.0.jar
                                                                 [classpath] /var/lib/neo4j/lib/neo4j-cypher-macros-5.26.0.jar
                                                                 [classpath] /var/lib/neo4j/lib/neo4j-import-tool-5.26.0.jar
                                                                 [classpath] /var/lib/neo4j/lib/parquet-common-1.14.3.jar
                                                                 [classpath] /var/lib/neo4j/lib/shiro-lang-2.0.1.jar
                                                                 [classpath] /var/lib/neo4j/lib/jackson-databind-2.18.0.jar
                                                                 [classpath] /var/lib/neo4j/lib/kiama_2.13-2.5.1.jar
                                                                 [classpath] /var/lib/neo4j/lib/zstd-jni-1.5.6-6.jar
                                                                 [classpath] /var/lib/neo4j/lib/jakarta.ws.rs-api-2.1.6.jar
                                                                 [classpath] /var/lib/neo4j/lib/cypher-antlr-common-5.26.0.jar
                                                                 [classpath] /var/lib/neo4j/lib/neo4j-security-5.26.0.jar
                                                                 [classpath] /var/lib/neo4j/lib/neo4j-cypher-config-5.26.0.jar
                                                                 [classpath] /var/lib/neo4j/lib/parquet-encoding-1.14.3.jar
                                                                 [classpath] /var/lib/neo4j/lib/cypher-v25-antlr-parser-5.26.0.jar
                                                                 [classpath] /var/lib/neo4j/lib/lucene-analysis-common-9.11.1.jar
                                                                 [classpath] /var/lib/neo4j/lib/neo4j-udc-5.26.0.jar
                                                                 [classpath] /var/lib/neo4j/lib/istack-commons-runtime-3.0.8.jar
                                                                 [classpath] /var/lib/neo4j/lib/jetty-servlet-api-4.0.6.jar
                                                                 [classpath] /var/lib/neo4j/lib/neo4j-cypher-runtime-util-5.26.0.jar
                                                                 [classpath] /var/lib/neo4j/lib/eclipse-collections-11.1.0.jar
                                                                 [classpath] /var/lib/neo4j/lib/cypher-antlr-ast-common-5.26.0.jar
                                                                 [classpath] /var/lib/neo4j/lib/jetty-xml-10.0.24.jar
                                                                 [classpath] /var/lib/neo4j/lib/neo4j-dbms-5.26.0.jar
                                                                 [classpath] /var/lib/neo4j/lib/commons-text-1.12.0.jar
                                                                 [classpath] /var/lib/neo4j/lib/neo4j-import-api-5.26.0.jar
                                                                 [classpath] /var/lib/neo4j/lib/neo4j-id-generator-5.26.0.jar
                                                                 [classpath] /var/lib/neo4j/lib/neo4j-csv-5.26.0.jar
                                                                 [classpath] /var/lib/neo4j/lib/neo4j-notifications-5.26.0.jar
                                                                 [classpath] /var/lib/neo4j/lib/grpc-protobuf-lite-1.68.0.jar
                                                                 [classpath] /var/lib/neo4j/lib/picocli-4.7.6.jar
                                                                 [classpath] /var/lib/neo4j/lib/jakarta.validation-api-2.0.2.jar
                                                                 [classpath] /var/lib/neo4j/lib/neo4j-import-util-5.26.0.jar
                                                                 [classpath] /var/lib/neo4j/lib/jackson-jaxrs-json-provider-2.18.0.jar
                                                                 [classpath] /var/lib/neo4j/lib/jackson-datatype-jdk8-2.17.0.jar
                                                                 [classpath] /var/lib/neo4j/lib/guava-33.3.1-jre.jar
                                                                 [classpath] /var/lib/neo4j/lib/cypher-v25-parser-listener-5.26.0.jar
                                                                 [classpath] /var/lib/neo4j/lib/hk2-utils-2.6.1.jar
                                                                 [classpath] /var/lib/neo4j/lib/stax-ex-1.8.1.jar
                                                                 [classpath] /var/lib/neo4j/lib/txw2-2.3.2.jar
                                                                 [classpath] /var/lib/neo4j/lib/log4j-api-2.20.0.jar
                                                                 [classpath] /var/lib/neo4j/lib/neo4j-spatial-index-5.26.0.jar
                                                                 [classpath] /var/lib/neo4j/lib/neo4j-cypher-planner-spi-5.26.0.jar
                                                                 [classpath] /var/lib/neo4j/lib/commons-io-2.17.0.jar
                                                                 [classpath] /var/lib/neo4j/lib/arrow-memory-core-17.0.0.jar
                                                                 [classpath] /var/lib/neo4j/lib/argparse4j-0.9.0.jar
                                                                 [classpath] /var/lib/neo4j/lib/log4j-core-2.20.0.jar
                                                                 [classpath] /var/lib/neo4j/lib/reactor-core-3.6.10.jar
                                                                 [classpath] /var/lib/neo4j/lib/neo4j-cypher-ast-factory-5.26.0.jar
                                                                 [classpath] /var/lib/neo4j/lib/grpc-protobuf-1.68.0.jar
                                                                 [classpath] /var/lib/neo4j/lib/jetty-security-10.0.24.jar
                                                                 [classpath] /var/lib/neo4j/lib/neo4j-kernel-5.26.0.jar
                                                                 [classpath] /var/lib/neo4j/lib/neo4j-cypher-cache-5.26.0.jar
                                                                 [classpath] /var/lib/neo4j/lib/neo4j-codegen-5.26.0.jar
                                                                 [classpath] /var/lib/neo4j/lib/neo4j-cypher-ir-5.26.0.jar
                                                                 [classpath] /var/lib/neo4j/lib/flight-core-17.0.0.jar
                                                                 [classpath] /var/lib/neo4j/lib/netty-handler-4.1.115.Final.jar
                                                                 [classpath] /var/lib/neo4j/lib/arrow-vector-17.0.0.jar
                                                                 [classpath] /var/lib/neo4j/lib/neo4j-kernel-api-5.26.0.jar
                                                                 [classpath] /var/lib/neo4j/lib/shiro-crypto-core-2.0.1.jar
                                                                 [classpath] /var/lib/neo4j/lib/http2-common-10.0.24.jar
                                                                 [classpath] /var/lib/neo4j/lib/lucene-backward-codecs-9.11.1.jar
                                                                 [classpath] /var/lib/neo4j/lib/neo4j-layout-5.26.0.jar
                                                                 [classpath] /var/lib/neo4j/lib/parquet-jackson-1.14.3.jar
                                                                 [classpath] /var/lib/neo4j/lib/neo4j-unsafe-5.26.0.jar
                                                                 [classpath] /var/lib/neo4j/lib/jackson-annotations-2.18.0.jar
                                                                 [classpath] /var/lib/neo4j/lib/jetty-http-10.0.24.jar
                                                                 [classpath] /var/lib/neo4j/lib/jetty-webapp-10.0.24.jar
                                                                 [classpath] /var/lib/neo4j/lib/cypher-ast-factory-5.26.0.jar
                                                                 [classpath] /var/lib/neo4j/lib/grpc-api-1.68.0.jar
                                                                 [classpath] /var/lib/neo4j/lib/neo4j-data-collector-5.26.0.jar
                                                                 [classpath] /var/lib/neo4j/lib/shiro-cache-2.0.1.jar
                                                                 [classpath] /var/lib/neo4j/lib/neo4j-cypher-interpreted-runtime-5.26.0.jar
                                                                 [classpath] /var/lib/neo4j/lib/netty-codec-4.1.115.Final.jar
                                                                 [classpath] /var/lib/neo4j/lib/netty-handler-proxy-4.1.115.Final.jar
                                                                 [classpath] /var/lib/neo4j/lib/scala-collection-contrib_2.13-0.3.0.jar
                                                                 [classpath] /var/lib/neo4j/lib/neo4j-cypher-slotted-runtime-5.26.0.jar
                                                                 [classpath] /var/lib/neo4j/lib/jersey-container-servlet-2.43.jar
                                                                 [classpath] /var/lib/neo4j/lib/neo4j-5.26.0.jar
                                                                 [classpath] /var/lib/neo4j/lib/neo4j-diagnostics-5.26.0.jar
                                                                 [classpath] /var/lib/neo4j/lib/neo4j-cloud-5.26.0.jar
                                                                 [classpath] /var/lib/neo4j/lib/commons-codec-1.17.1.jar
                                                                 [classpath] /var/lib/neo4j/lib/jetty-server-10.0.24.jar
                                                                 [classpath] /var/lib/neo4j/lib/jetty-util-10.0.24.jar
                                                                 [classpath] /var/lib/neo4j/lib/jPowerShell-3.0.jar
                                                                 [classpath] /var/lib/neo4j/lib/shiro-hashes-argon2-2.0.1.jar
                                                                 [classpath] /var/lib/neo4j/lib/neo4j-token-api-5.26.0.jar
                                                                 [classpath] /var/lib/neo4j/lib/reactive-streams-1.0.4.jar
                                                                 [classpath] /var/lib/neo4j/lib/cypher-v25-ast-factory-5.26.0.jar
                                                                 [classpath] /var/lib/neo4j/lib/neo4j-graphdb-api-5.26.0.jar
                                                                 [classpath] /var/lib/neo4j/lib/perfmark-api-0.27.0.jar
                                                                 [classpath] /var/lib/neo4j/lib/netty-transport-native-epoll-4.1.115.Final-linux-x86_64.jar
                                                                 [classpath] /var/lib/neo4j/lib/neo4j-concurrent-5.26.0.jar
                                                                 [classpath] /var/lib/neo4j/lib/netty-transport-native-unix-common-4.1.115.Final.jar
                                                                 [classpath] /var/lib/neo4j/lib/neo4j-cypher-rendering-5.26.0.jar
                                                                 [classpath] /var/lib/neo4j/lib/aircompressor-0.27.jar
                                                                 [classpath] /var/lib/neo4j/lib/cypher-v5-literal-interpreter-5.26.0.jar
                                                                 [classpath] /var/lib/neo4j/lib/http2-server-10.0.24.jar
                                                                 [classpath] /var/lib/neo4j/lib/neo4j-storage-engine-util-5.26.0.jar
                                                                 [classpath] /var/lib/neo4j/lib/neo4j-lucene-index-5.26.0.jar
                                                                 [classpath] /var/lib/neo4j/lib/shiro-crypto-hash-2.0.1.jar
                                                                 [classpath] /var/lib/neo4j/lib/arrow-memory-netty-17.0.0.jar
                                                                 [classpath] /var/lib/neo4j/lib/listenablefuture-9999.0-empty-to-avoid-conflict-with-guava.jar
                                                                 [classpath] /var/lib/neo4j/lib/failureaccess-1.0.2.jar
                                                                 [classpath] /var/lib/neo4j/lib/jaxb-api-2.2.12.jar
                                                                 [classpath] /var/lib/neo4j/lib/jersey-container-servlet-core-2.43.jar
                                                                 [classpath] /var/lib/neo4j/lib/neo4j-native-5.26.0.jar
                                                                 [classpath] /var/lib/neo4j/lib/neo4j-cypher-dsl-2024.2.0.jar
                                                                 [classpath] /var/lib/neo4j/lib/jersey-client-2.43.jar
                                                                 [classpath] /var/lib/neo4j/lib/neo4j-cypher-logical-plans-5.26.0.jar
                                                                 [classpath] /var/lib/neo4j/lib/grpc-netty-1.68.0.jar
                                                                 [classpath] /var/lib/neo4j/lib/shiro-core-2.0.1.jar
                                                                 [classpath] /var/lib/neo4j/lib/jersey-server-2.43.jar
                                                                 [classpath] /var/lib/neo4j/lib/netty-tcnative-classes-2.0.69.Final.jar
                                                                 [classpath] /var/lib/neo4j/lib/neo4j-cypher-javacc-parser-5.26.0.jar
                                                                 [classpath] /var/lib/neo4j/lib/javax.annotation-api-1.3.2.jar
                                                                 [classpath] /var/lib/neo4j/lib/neo4j-bolt-5.26.0.jar
                                                                 [classpath] /var/lib/neo4j/lib/jna-5.15.0.jar
                                                                 [classpath] /var/lib/neo4j/lib/http2-hpack-10.0.24.jar
                                                                 [classpath] /var/lib/neo4j/lib/annotations-5.26.0.jar
                                                                 [classpath] /var/lib/neo4j/lib/shiro-hashes-bcrypt-2.0.1.jar
                                                                 [classpath] /var/lib/neo4j/lib/neo4j-expressions-5.26.0.jar
                                                                 [classpath] /var/lib/neo4j/lib/netty-transport-classes-kqueue-4.1.115.Final.jar
                                                                 [classpath] /var/lib/neo4j/lib/cypher-v5-ast-factory-5.26.0.jar
                                                                 [classpath] /var/lib/neo4j/lib/neo4j-capabilities-5.26.0.jar
                                                                 [classpath] /var/lib/neo4j/lib/snappy-java-1.1.10.5.jar
                                                                 [classpath] /var/lib/neo4j/lib/netty-buffer-4.1.115.Final.jar
                                                                 [classpath] /var/lib/neo4j/lib/neo4j-slf4j-provider-5.26.0.jar
                                                                 [classpath] /var/lib/neo4j/lib/commons-configuration2-2.11.0.jar
                                                                 [classpath] /var/lib/neo4j/lib/neo4j-graph-algo-5.26.0.jar
                                                                 [classpath] /var/lib/neo4j/lib/netty-transport-native-kqueue-4.1.115.Final-osx-x86_64.jar
                                                                 [classpath] /var/lib/neo4j/lib/jline-terminal-jansi-3.21.0.jar
                                                                 [classpath] /var/lib/neo4j/lib/neo4j-server-5.26.0.jar
                                                                 [classpath] /var/lib/neo4j/lib/hk2-api-2.6.1.jar
                                                                 [classpath] /var/lib/neo4j/lib/neo4j-io-5.26.0.jar
                                                                 [classpath] /var/lib/neo4j/lib/shiro-config-core-2.0.1.jar
                                                                 [classpath] /var/lib/neo4j/lib/parquet-floor-1.47.jar
                                                                 [classpath] /var/lib/neo4j/lib/neo4j-command-line-5.26.0.jar
                                                                 [classpath] /var/lib/neo4j/lib/shiro-event-2.0.1.jar
                                                                 [classpath] /var/lib/neo4j/lib/jsr305-3.0.2.jar
                                                                 [classpath] /var/lib/neo4j/lib/neo4j-resource-5.26.0.jar
                                                                 [classpath] /var/lib/neo4j/lib/commons-logging-1.3.4.jar
                                                                 [classpath] /var/lib/neo4j/lib/jakarta.activation-api-1.2.2.jar
                                                                 [classpath] /var/lib/neo4j/lib/neo4j-values-5.26.0.jar
                                                                 [classpath] /var/lib/neo4j/lib/zstd-proxy-5.26.0.jar
                                                                 [classpath] /var/lib/neo4j/lib/commons-lang3-3.17.0.jar
                                                                 [classpath] /var/lib/neo4j/lib/neo4j-procedure-api-5.26.0.jar
                                                                 [classpath] /var/lib/neo4j/lib/jettison-1.5.4.jar
                                                                 [classpath] /var/lib/neo4j/lib/netty-codec-http-4.1.115.Final.jar
                                                                 [classpath] /var/lib/neo4j/lib/jakarta.inject-2.6.1.jar
                                                                 [classpath] /var/lib/neo4j/lib/slf4j-api-2.0.9.jar
                                                                 [classpath] /var/lib/neo4j/lib/cypher-parser-factory-5.26.0.jar
                                                                 [classpath] /var/lib/neo4j/lib/neo4j-logging-5.26.0.jar
                                                                 [classpath] /var/lib/neo4j/lib/neo4j-cypher-planner-5.26.0.jar
                                                                 [classpath] /var/lib/neo4j/lib/jline-reader-3.21.0.jar
                                                                 [classpath] /var/lib/neo4j/lib/gson-2.11.0.jar
                                                                 [classpath] /var/lib/neo4j/lib/arrow-format-17.0.0.jar
                                                                 [classpath] /var/lib/neo4j/lib/FastInfoset-1.2.16.jar
                                                                 [classpath] /var/lib/neo4j/lib/server-api-5.26.0.jar
                                                                 [classpath] /var/lib/neo4j/lib/javassist-3.30.2-GA.jar
                                                                 [classpath] /var/lib/neo4j/lib/cypher-v5-parser-listener-5.26.0.jar
                                                                 [classpath] /var/lib/neo4j/lib/neo4j-record-storage-engine-5.26.0.jar
                                                                 [classpath] /var/lib/neo4j/lib/jersey-hk2-2.43.jar
                                                                 [classpath] /var/lib/neo4j/lib/netty-transport-classes-epoll-4.1.115.Final.jar
                                                                 [classpath] /var/lib/neo4j/lib/shiro-crypto-cipher-2.0.1.jar
                                                                 [classpath] /var/lib/neo4j/lib/grpc-util-1.68.0.jar
                                                                 [classpath] /var/lib/neo4j/lib/netty-transport-native-kqueue-4.1.115.Final-osx-aarch_64.jar
                                                                 [classpath] /var/lib/neo4j/lib/flatbuffers-java-24.3.25.jar
                                                                 [classpath] /var/lib/neo4j/lib/cypher-shell-5.26.0.jar
                                                                 [classpath] /var/lib/neo4j/lib/jetty-servlet-10.0.24.jar
                                                                 [classpath] /var/lib/neo4j/lib/neo4j-ast-5.26.0.jar
                                                                 [classpath] /var/lib/neo4j/lib/neo4j-lock-5.26.0.jar
                                                                 [classpath] /var/lib/neo4j/lib/neo4j-front-end-5.26.0.jar
                                                                 [classpath] /var/lib/neo4j/lib/scala-reflect-2.13.11.jar
                                                                 [classpath] /var/lib/neo4j/lib/jetty-alpn-java-server-10.0.24.jar
                                                                 [classpath] /var/lib/neo4j/lib/neo4j-configuration-5.26.0.jar
                                                                 [classpath] /var/lib/neo4j/lib/jakarta.annotation-api-1.3.5.jar
                                                                 [classpath] /var/lib/neo4j/lib/protobuf-java-3.25.5.jar
                                                                 [classpath] /var/lib/neo4j/lib/jctools-core-4.0.5.jar
                                                                 [classpath] /var/lib/neo4j/lib/jackson-datatype-jsr310-2.17.1.jar
                                                                 [classpath] /var/lib/neo4j/lib/neo4j-procedure-5.26.0.jar
                                                                 [classpath] /var/lib/neo4j/lib/jackson-core-2.18.0.jar
                                                                 [classpath] /var/lib/neo4j/lib/neo4j-bootcheck-5.26.0.jar
                                                                 [classpath] /var/lib/neo4j/lib/neo4j-monitoring-5.26.0.jar
                                                                 [classpath] /var/lib/neo4j/lib/neo4j-query-router-5.26.0.jar
                                                                 [classpath] /var/lib/neo4j/lib/log4j-layout-template-json-2.20.0.jar
                                                                 [classpath] /var/lib/neo4j/lib/jersey-common-2.43.jar
                                                                 [classpath] /var/lib/neo4j/lib/neo4j-browser-5.26.0.jar
                                                                 [classpath] /var/lib/neo4j/lib/arrow-memory-netty-buffer-patch-17.0.0.jar
                                                                 [classpath] /var/lib/neo4j/lib/neo4j-wal-5.26.0.jar
                                                                 [classpath] /var/lib/neo4j/lib/neo4j-exceptions-5.26.0.jar
                                                                 [classpath] /var/lib/neo4j/lib/neo4j-java-driver-5.26.0.jar
                                                                 [classpath] /var/lib/neo4j/lib/lucene-core-9.11.1.jar
                                                                 [classpath] /var/lib/neo4j/lib/jackson-jaxrs-base-2.18.0.jar
                                                                
2025-04-12 03:17:54.035+0000 INFO  [o.n.i.d.DiagnosticsManager] 
                                                                --------------------------------------------------------------------------------
                                                                                                [ Library path ]                                
                                                                --------------------------------------------------------------------------------
                                                                /usr/java/packages/lib
                                                                /usr/lib64
                                                                /lib64
                                                                /lib
                                                                /usr/lib
                                                                
2025-04-12 03:17:54.035+0000 INFO  [o.n.i.d.DiagnosticsManager] 
                                                                --------------------------------------------------------------------------------
                                                                                             [ System properties ]                              
                                                                --------------------------------------------------------------------------------
                                                                sun.jnu.encoding = UTF-8
                                                                sun.arch.data.model = 64
                                                                user.timezone = Etc/UTC
                                                                sun.java.launcher = SUN_STANDARD
                                                                sun.boot.library.path = /opt/java/openjdk/lib
                                                                sun.java.command = org.neo4j.server.CommunityEntryPoint --home-dir=/var/lib/neo4j --config-dir=/var/lib/neo4j/conf --console-mode
                                                                jdk.debug = release
                                                                sun.cpu.endian = little
                                                                user.home = /var/lib/neo4j
                                                                user.language = en
                                                                file.separator = /
                                                                sun.management.compiler = HotSpot 64-Bit Tiered Compilers
                                                                user.name = neo4j
                                                                path.separator = :
                                                                file.encoding = UTF-8
                                                                jnidispatch.path = /var/lib/neo4j/.cache/JNA/temp/jna7390476029392640897.tmp
                                                                jna.loaded = true
                                                                user.dir = /var/lib/neo4j
                                                                native.encoding = UTF-8
                                                                sun.io.unicode.encoding = UnicodeLittle
                                                                
2025-04-12 03:17:54.035+0000 INFO  [o.n.i.d.DiagnosticsManager] 
                                                                --------------------------------------------------------------------------------
                                                                                      [ (IANA) TimeZone database version ]                      
                                                                --------------------------------------------------------------------------------
                                                                  TimeZone version: 2024a (available for 603 zone identifiers)
                                                                
2025-04-12 03:17:54.036+0000 INFO  [o.n.i.d.DiagnosticsManager] 
                                                                --------------------------------------------------------------------------------
                                                                                            [ Network information ]                             
                                                                --------------------------------------------------------------------------------
                                                                Interface eth0:
                                                                    address: 172.19.0.2
                                                                Interface lo:
                                                                    address: 127.0.0.1
                                                                
2025-04-12 03:17:54.036+0000 INFO  [o.n.i.d.DiagnosticsManager] 
                                                                --------------------------------------------------------------------------------
                                                                                         [ Native access information ]                          
                                                                --------------------------------------------------------------------------------
                                                                Native access details: Linux native access is available.
                                                                
2025-04-12 03:17:54.037+0000 INFO  [o.n.i.d.DiagnosticsManager] 
                                                                --------------------------------------------------------------------------------
                                                                                                [ DBMS config ]                                 
                                                                --------------------------------------------------------------------------------
                                                                DBMS provided settings:
                                                                server.default_listen_address=0.0.0.0
                                                                server.directories.logs=/logs
                                                                server.directories.neo4j_home=/var/lib/neo4j
                                                                server.directories.plugins=/plugins
                                                                server.memory.pagecache.size=512.00MiB
                                                                Directories in use:
                                                                server.directories.data=/var/lib/neo4j/data
                                                                server.directories.dumps.root=/var/lib/neo4j/data/dumps
                                                                server.directories.import=/var/lib/neo4j
                                                                server.directories.lib=/var/lib/neo4j/lib
                                                                server.directories.licenses=/var/lib/neo4j/licenses
                                                                server.directories.logs=/logs
                                                                server.directories.neo4j_home=/var/lib/neo4j
                                                                server.directories.plugins=/plugins
                                                                server.directories.run=/var/lib/neo4j/run
                                                                server.directories.script.root=/var/lib/neo4j/data/scripts
                                                                server.directories.transaction.logs.root=/var/lib/neo4j/data/transactions
                                                                
2025-04-12 03:17:54.038+0000 INFO  [o.n.i.d.DiagnosticsManager] 
                                                                --------------------------------------------------------------------------------
                                                                                                 [ Packaging ]                                  
                                                                --------------------------------------------------------------------------------
                                                                Edition: Community
                                                                Package Type: docker bullseye
                                                                
2025-04-12 03:17:54.059+0000 INFO  [o.n.d.i.DefaultIdentityModule] Found ServerId on disk: ServerId{da816d0a} (da816d0a-1e8a-464a-b408-79f096fe1e05)
2025-04-12 03:17:54.061+0000 INFO  [o.n.d.i.DefaultIdentityModule] This instance is ServerId{da816d0a} (da816d0a-1e8a-464a-b408-79f096fe1e05)
2025-04-12 03:17:55.149+0000 INFO  [o.n.s.CommunityNeoWebServer] ======== Neo4j 5.26.0 ========
2025-04-12 03:17:55.182+0000 INFO  [o.n.d.d.DatabaseLifecycles] Creating 'DatabaseId{00000000[system]}'.
2025-04-12 03:17:55.472+0000 INFO  [o.n.b.BoltServer] Using connector transport epoll
2025-04-12 03:17:55.545+0000 INFO  [o.n.b.BoltServer] Configured external Bolt connector with listener address /0.0.0.0:7687
2025-04-12 03:17:55.546+0000 INFO  [o.n.b.BoltServer] Bolt server loaded
2025-04-12 03:17:55.570+0000 INFO  [o.n.d.d.DatabaseLifecycles] Starting 'DatabaseId{00000000[system]}'.
2025-04-12 03:17:56.474+0000 INFO  [o.n.i.d.DiagnosticsManager] [system/00000000] 
                                                                [system/00000000] ********************************************************************************
                                                                [system/00000000]                               [ Database: system ]                              
                                                                [system/00000000] ********************************************************************************
                                                                [system/00000000] --------------------------------------------------------------------------------
                                                                [system/00000000]                                   [ Version ]                                   
                                                                [system/00000000] --------------------------------------------------------------------------------
                                                                [system/00000000] DBMS: community record-aligned-1.1
                                                                [system/00000000] Kernel version: 5.26.0
                                                                [system/00000000] 
                                                                [system/00000000] --------------------------------------------------------------------------------
                                                                [system/00000000]                                 [ Store files ]                                 
                                                                [system/00000000] --------------------------------------------------------------------------------
                                                                [system/00000000] Disk space on partition (Total / Free / Free %): 1000240963584 / 563787198464 / 56
                                                                [system/00000000] Storage files stored on file store: fakeowner
                                                                [system/00000000] Storage files: (filename : modification date - size)
                                                                [system/00000000]   neostore: 2025-04-12 03:17:56.316+0000 - 8.000KiB
                                                                [system/00000000]   neostore.counts.db: 2025-04-12 03:17:56.338+0000 - 0B
                                                                [system/00000000]   neostore.indexstats.db: 2025-04-12 03:17:56.356+0000 - 0B
                                                                [system/00000000]   neostore.labeltokenstore.db: 2025-04-12 03:17:56.298+0000 - 0B
                                                                [system/00000000]   neostore.labeltokenstore.db.id: 2025-04-12 03:17:56.297+0000 - 0B
                                                                [system/00000000]   neostore.labeltokenstore.db.names: 2025-04-12 03:17:56.294+0000 - 8.000KiB
                                                                [system/00000000]   neostore.labeltokenstore.db.names.id: 2025-04-12 03:17:56.292+0000 - 0B
                                                                [system/00000000]   neostore.nodestore.db: 2025-04-12 03:17:56.257+0000 - 0B
                                                                [system/00000000]   neostore.nodestore.db.id: 2025-04-12 03:17:56.256+0000 - 0B
                                                                [system/00000000]   neostore.nodestore.db.labels: 2025-04-12 03:17:56.249+0000 - 8.000KiB
                                                                [system/00000000]   neostore.nodestore.db.labels.id: 2025-04-12 03:17:56.216+0000 - 0B
                                                                [system/00000000]   neostore.propertystore.db: 2025-04-12 03:17:56.280+0000 - 0B
                                                                [system/00000000]   neostore.propertystore.db.arrays: 2025-04-12 03:17:56.275+0000 - 8.000KiB
                                                                [system/00000000]   neostore.propertystore.db.arrays.id: 2025-04-12 03:17:56.273+0000 - 0B
                                                                [system/00000000]   neostore.propertystore.db.id: 2025-04-12 03:17:56.279+0000 - 0B
                                                                [system/00000000]   neostore.propertystore.db.index: 2025-04-12 03:17:56.266+0000 - 0B
                                                                [system/00000000]   neostore.propertystore.db.index.id: 2025-04-12 03:17:56.265+0000 - 0B
                                                                [system/00000000]   neostore.propertystore.db.index.keys: 2025-04-12 03:17:56.261+0000 - 8.000KiB
                                                                [system/00000000]   neostore.propertystore.db.index.keys.id: 2025-04-12 03:17:56.258+0000 - 0B
                                                                [system/00000000]   neostore.propertystore.db.strings: 2025-04-12 03:17:56.269+0000 - 8.000KiB
                                                                [system/00000000]   neostore.propertystore.db.strings.id: 2025-04-12 03:17:56.267+0000 - 0B
                                                                [system/00000000]   neostore.relationshipgroupstore.db: 2025-04-12 03:17:56.308+0000 - 8.000KiB
                                                                [system/00000000]   neostore.relationshipgroupstore.db.id: 2025-04-12 03:17:56.306+0000 - 0B
                                                                [system/00000000]   neostore.relationshipgroupstore.degrees.db: 2025-04-12 03:17:56.350+0000 - 0B
                                                                [system/00000000]   neostore.relationshipstore.db: 2025-04-12 03:17:56.283+0000 - 0B
                                                                [system/00000000]   neostore.relationshipstore.db.id: 2025-04-12 03:17:56.282+0000 - 0B
                                                                [system/00000000]   neostore.relationshiptypestore.db: 2025-04-12 03:17:56.291+0000 - 0B
                                                                [system/00000000]   neostore.relationshiptypestore.db.id: 2025-04-12 03:17:56.290+0000 - 0B
                                                                [system/00000000]   neostore.relationshiptypestore.db.names: 2025-04-12 03:17:56.287+0000 - 8.000KiB
                                                                [system/00000000]   neostore.relationshiptypestore.db.names.id: 2025-04-12 03:17:56.285+0000 - 0B
                                                                [system/00000000]   neostore.schemastore.db: 2025-04-12 03:17:56.302+0000 - 8.000KiB
                                                                [system/00000000]   neostore.schemastore.db.id: 2025-04-12 03:17:56.301+0000 - 0B
                                                                [system/00000000] Storage summary: 
                                                                [system/00000000]   Total size of store: 72.00KiB
                                                                [system/00000000]   Total size of mapped files: 72.00KiB
                                                                [system/00000000] 
                                                                [system/00000000] --------------------------------------------------------------------------------
                                                                [system/00000000]                               [ Transaction log ]                               
                                                                [system/00000000] --------------------------------------------------------------------------------
                                                                [system/00000000] Transaction log files stored on file store: fakeowner
                                                                [system/00000000] Transaction log metadata:
                                                                [system/00000000]  - current kernel version used in transactions: V5_25
                                                                [system/00000000]  - last committed transaction id: 1
                                                                [system/00000000] Transaction log files:
                                                                [system/00000000]  - existing transaction log versions: -1--1
                                                                [system/00000000]  - no transactions found
                                                                [system/00000000] Checkpoint log files:
                                                                [system/00000000]  - existing checkpoint log versions: -1--1
                                                                [system/00000000]  - no checkpoints found
                                                                [system/00000000] 
                                                                [system/00000000] --------------------------------------------------------------------------------
                                                                [system/00000000]                                   [ Id usage ]                                  
                                                                [system/00000000] --------------------------------------------------------------------------------
                                                                [system/00000000] ArrayPropertyStore[neostore.nodestore.db.labels]: used=1 high=0
                                                                [system/00000000] NodeStore[neostore.nodestore.db]: used=0 high=-1
                                                                [system/00000000] StringPropertyStore[neostore.propertystore.db.index.keys]: used=1 high=0
                                                                [system/00000000] PropertyIndexStore[neostore.propertystore.db.index]: used=0 high=-1
                                                                [system/00000000] StringPropertyStore[neostore.propertystore.db.strings]: used=1 high=0
                                                                [system/00000000] ArrayPropertyStore[neostore.propertystore.db.arrays]: used=1 high=0
                                                                [system/00000000] PropertyStore[neostore.propertystore.db]: used=0 high=-1
                                                                [system/00000000] RelationshipStore[neostore.relationshipstore.db]: used=0 high=-1
                                                                [system/00000000] StringPropertyStore[neostore.relationshiptypestore.db.names]: used=1 high=0
                                                                [system/00000000] RelationshipTypeStore[neostore.relationshiptypestore.db]: used=0 high=-1
                                                                [system/00000000] StringPropertyStore[neostore.labeltokenstore.db.names]: used=1 high=0
                                                                [system/00000000] LabelTokenStore[neostore.labeltokenstore.db]: used=0 high=-1
                                                                [system/00000000] SchemaStore[neostore.schemastore.db]: used=1 high=0
                                                                [system/00000000] RelationshipGroupStore[neostore.relationshipgroupstore.db]: used=1 high=0
                                                                [system/00000000] NeoStore[neostore]: used=-1 high=-1
                                                                [system/00000000] 
                                                                [system/00000000] --------------------------------------------------------------------------------
                                                                [system/00000000]                                   [ Metadata ]                                  
                                                                [system/00000000] --------------------------------------------------------------------------------
                                                                [system/00000000] EXTERNAL_STORE_UUID (Database identifier exposed as external store identity. Generated on creation and never updated): c167f2b4-f952-498f-973a-83ccefbf92b8
                                                                [system/00000000] DATABASE_ID (The last used DatabaseId for this database): null
                                                                [system/00000000] LEGACY_STORE_VERSION (Legacy store format version. This field is used from 5.0 onwards only to distinguish non-migrated pre 5.0 metadata stores.): -3523014627327384477
                                                                [system/00000000] STORE_ID (Store ID): StoreId{creationTime=1744427876314, random=2370248569237093534, storageEngineName='record', formatName='aligned', majorVersion=1, minorVersion=1}
                                                                [system/00000000] 
2025-04-12 03:17:56.491+0000 INFO  [o.n.k.a.DatabaseAvailabilityGuard] [system/00000000] Requirement `Database unavailable` makes database system unavailable.
2025-04-12 03:17:56.493+0000 INFO  [o.n.k.a.DatabaseAvailabilityGuard] [system/00000000] DatabaseId{00000000[system]} is unavailable.
2025-04-12 03:17:56.509+0000 WARN  [o.n.k.i.s.MetaDataStore] [system/00000000] Missing counts store, rebuilding it.
2025-04-12 03:17:56.514+0000 WARN  [o.n.k.i.s.MetaDataStore] [system/00000000] Counts store rebuild completed.
2025-04-12 03:17:56.517+0000 WARN  [o.n.k.i.t.l.f.LogFileChannelNativeAccessor] [system/00000000] Error on attempt to preallocate log file version: 0. Error: ErrorCode=-1, errorMessage='Incorrect file descriptor.'
2025-04-12 03:17:56.526+0000 INFO  [o.n.k.d.Database] [system/00000000] Starting transaction log [/data/transactions/system/neostore.transaction.db.0] at version=0
2025-04-12 03:17:56.536+0000 WARN  [o.n.k.i.t.l.f.c.CheckpointFileChannelNativeAccessor] [system/00000000] Error on attempt to preallocate log file version: 0. Error: ErrorCode=-1, errorMessage='Incorrect file descriptor.'
2025-04-12 03:17:56.537+0000 INFO  [o.n.k.d.Database] [system/00000000] Starting transaction log [/data/transactions/system/checkpoint.0] at version=0
2025-04-12 03:17:56.541+0000 WARN  [o.n.k.i.t.l.f.c.CheckpointFileChannelNativeAccessor] [system/00000000] Unable to advise sequential access for transaction log version: 0. Error: ErrorCode=-1, errorMessage='Incorrect file descriptor.'
2025-04-12 03:17:56.542+0000 WARN  [o.n.k.i.t.l.f.c.CheckpointFileChannelNativeAccessor] [system/00000000] Unable to advise preserve data in cache for transaction log version: 0. Error: ErrorCode=-1, errorMessage='Incorrect file descriptor.'
2025-04-12 03:17:56.543+0000 INFO  [o.n.k.i.t.l.f.c.CheckpointLogFile] [system/00000000] Scanning log file with version 0 for checkpoint entries
2025-04-12 03:17:56.543+0000 WARN  [o.n.k.i.t.l.f.c.CheckpointFileChannelNativeAccessor] [system/00000000] Unable to evict transaction log from cache with version: 0. Error: ErrorCode=-1, errorMessage='Incorrect file descriptor.'
2025-04-12 03:17:56.544+0000 WARN  [o.n.k.i.t.l.f.LogFileChannelNativeAccessor] [system/00000000] Unable to advise sequential access for transaction log version: 0. Error: ErrorCode=-1, errorMessage='Incorrect file descriptor.'
2025-04-12 03:17:56.545+0000 WARN  [o.n.k.i.t.l.f.LogFileChannelNativeAccessor] [system/00000000] Unable to advise preserve data in cache for transaction log version: 0. Error: ErrorCode=-1, errorMessage='Incorrect file descriptor.'
2025-04-12 03:17:56.546+0000 WARN  [o.n.k.i.t.l.f.LogFileChannelNativeAccessor] [system/00000000] Unable to advise sequential access for transaction log version: 0. Error: ErrorCode=-1, errorMessage='Incorrect file descriptor.'
2025-04-12 03:17:56.547+0000 WARN  [o.n.k.i.t.l.f.LogFileChannelNativeAccessor] [system/00000000] Unable to advise preserve data in cache for transaction log version: 0. Error: ErrorCode=-1, errorMessage='Incorrect file descriptor.'
2025-04-12 03:17:56.548+0000 WARN  [o.n.k.i.t.l.f.LogFileChannelNativeAccessor] [system/00000000] Unable to evict transaction log from cache with version: 0. Error: ErrorCode=-1, errorMessage='Incorrect file descriptor.'
2025-04-12 03:17:56.549+0000 WARN  [o.n.k.i.t.l.f.LogFileChannelNativeAccessor] [system/00000000] Unable to evict transaction log from cache with version: 0. Error: ErrorCode=-1, errorMessage='Incorrect file descriptor.'
2025-04-12 03:17:56.562+0000 INFO  [o.n.k.a.DatabaseAvailabilityGuard] [system/00000000] Fulfilling of requirement 'Database unavailable' makes database system available.
2025-04-12 03:17:56.564+0000 INFO  [o.n.k.a.DatabaseAvailabilityGuard] [system/00000000] DatabaseId{00000000[system]} is ready.
2025-04-12 03:17:56.731+0000 INFO  [o.n.k.i.a.i.IndexPopulationJob] [system/00000000] Index population started: [Index( id=1, name='index_343aff4e', type='LOOKUP', schema=(:<any-labels>), indexProvider='token-lookup-1.0' )]
2025-04-12 03:17:56.772+0000 INFO  [o.n.k.i.a.i.IndexPopulationJob] [system/00000000] Index creation finished for index [Index( id=1, name='index_343aff4e', type='LOOKUP', schema=(:<any-labels>), indexProvider='token-lookup-1.0' )].
2025-04-12 03:17:56.780+0000 INFO  [o.n.k.i.a.i.IndexPopulationJob] [system/00000000] Index population started: [Index( id=2, name='index_f7700477', type='LOOKUP', schema=()-[:<any-types>]-(), indexProvider='token-lookup-1.0' )]
2025-04-12 03:17:56.794+0000 INFO  [o.n.k.i.a.i.IndexPopulationJob] [system/00000000] Index creation finished for index [Index( id=2, name='index_f7700477', type='LOOKUP', schema=()-[:<any-types>]-(), indexProvider='token-lookup-1.0' )].
2025-04-12 03:17:56.801+0000 INFO  [o.n.k.i.t.l.c.CheckPointerImpl] [system/00000000] Checkpoint triggered by "Database init completed." @ txId: 3, append index: 3 checkpoint started...
2025-04-12 03:17:56.870+0000 INFO  [o.n.k.i.t.l.c.CheckPointerImpl] [system/00000000] Checkpoint triggered by "Database init completed." @ txId: 3, append index: 3 checkpoint completed in 66ms. Checkpoint flushed 74 pages (0% of total available pages), in 57 IOs. Checkpoint performed with IO limit: unlimited, paused in total 0 times( 0 millis).
2025-04-12 03:17:56.872+0000 INFO  [o.n.k.i.t.l.p.LogPruningImpl] [system/00000000] No log version pruned. The strategy used was '2 days'. 
2025-04-12 03:17:56.947+0000 INFO  [o.n.k.i.a.i.IndexPopulationJob] [system/00000000] Index population started: [Index( id=3, name='constraint_798238d6', type='RANGE', schema=(:DatabaseName {name, namespace}), indexProvider='range-1.0' )]
2025-04-12 03:17:56.976+0000 INFO  [o.n.k.i.a.i.IndexPopulationJob] [system/00000000] Index creation finished for index [Index( id=3, name='constraint_798238d6', type='RANGE', schema=(:DatabaseName {name, namespace}), indexProvider='range-1.0' )].
2025-04-12 03:17:56.999+0000 INFO  [o.n.k.i.a.i.IndexPopulationJob] [system/00000000] Index population started: [Index( id=4, name='constraint_8014b60a', type='RANGE', schema=(:Database {name}), indexProvider='range-1.0' )]
2025-04-12 03:17:57.011+0000 INFO  [o.n.k.i.a.i.IndexPopulationJob] [system/00000000] Index creation finished for index [Index( id=4, name='constraint_8014b60a', type='RANGE', schema=(:Database {name}), indexProvider='range-1.0' )].
2025-04-12 03:17:57.030+0000 INFO  [o.n.k.i.a.i.IndexingService] [system/00000000] Constraint Index( id=3, name='constraint_798238d6', type='RANGE', schema=(:Label[1] {PropertyKey[11], PropertyKey[12]}), indexProvider='range-1.0' ) is ONLINE.
2025-04-12 03:17:57.031+0000 INFO  [o.n.k.i.a.i.IndexingService] [system/00000000] Constraint Index( id=4, name='constraint_8014b60a', type='RANGE', schema=(:Label[2] {PropertyKey[11]}), indexProvider='range-1.0' ) is ONLINE.
2025-04-12 03:17:57.173+0000 INFO  [o.n.k.i.a.i.IndexPopulationJob] [system/00000000] Index population started: [Index( id=7, name='constraint_5789ae3', type='RANGE', schema=(:User {name}), indexProvider='range-1.0' )]
2025-04-12 03:17:57.184+0000 INFO  [o.n.k.i.a.i.IndexPopulationJob] [system/00000000] Index creation finished for index [Index( id=7, name='constraint_5789ae3', type='RANGE', schema=(:User {name}), indexProvider='range-1.0' )].
2025-04-12 03:17:57.198+0000 INFO  [o.n.k.i.a.i.IndexPopulationJob] [system/00000000] Index population started: [Index( id=8, name='constraint_74fad970', type='RANGE', schema=(:User {id}), indexProvider='range-1.0' )]
2025-04-12 03:17:57.210+0000 INFO  [o.n.k.i.a.i.IndexPopulationJob] [system/00000000] Index creation finished for index [Index( id=8, name='constraint_74fad970', type='RANGE', schema=(:User {id}), indexProvider='range-1.0' )].
2025-04-12 03:17:57.225+0000 INFO  [o.n.k.i.a.i.IndexPopulationJob] [system/00000000] Index population started: [Index( id=9, name='auth-constraint', type='RANGE', schema=(:Auth {provider, id}), indexProvider='range-1.0' )]
2025-04-12 03:17:57.236+0000 INFO  [o.n.k.i.a.i.IndexPopulationJob] [system/00000000] Index creation finished for index [Index( id=9, name='auth-constraint', type='RANGE', schema=(:Auth {provider, id}), indexProvider='range-1.0' )].
2025-04-12 03:17:57.250+0000 INFO  [o.n.k.i.a.i.IndexingService] [system/00000000] Constraint Index( id=7, name='constraint_5789ae3', type='RANGE', schema=(:Label[3] {PropertyKey[11]}), indexProvider='range-1.0' ) is ONLINE.
2025-04-12 03:17:57.251+0000 INFO  [o.n.k.i.a.i.IndexingService] [system/00000000] Constraint Index( id=8, name='constraint_74fad970', type='RANGE', schema=(:Label[3] {PropertyKey[27]}), indexProvider='range-1.0' ) is ONLINE.
2025-04-12 03:17:57.251+0000 INFO  [o.n.k.i.a.i.IndexingService] [system/00000000] Constraint Index( id=9, name='auth-constraint', type='RANGE', schema=(:Label[4] {PropertyKey[28], PropertyKey[27]}), indexProvider='range-1.0' ) is ONLINE.
2025-04-12 03:17:57.253+0000 INFO  [o.n.s.s.s.UserSecurityGraphComponent] Initializing system graph model for component 'security-users' with version -1 and status UNINITIALIZED
2025-04-12 03:17:57.260+0000 INFO  [o.n.s.s.s.UserSecurityGraphComponent] Setting up initial user from `auth.ini` file: neo4j
2025-04-12 03:17:57.261+0000 INFO  [o.n.s.s.a.CommunitySecurityModule] CREATE USER neo4j PASSWORD ****** CHANGE NOT REQUIRED
2025-04-12 03:17:57.273+0000 INFO  [o.n.s.s.s.UserSecurityGraphComponent] Setting version for 'security-users' to 5
2025-04-12 03:17:57.277+0000 INFO  [o.n.s.s.s.UserSecurityGraphComponent] After initialization of system graph model component 'security-users' have version 5 and status CURRENT
2025-04-12 03:17:57.283+0000 INFO  [o.n.s.s.s.UserSecurityGraphComponent] Performing postInitialization step for component 'security-users' with version 5 and status CURRENT
2025-04-12 03:17:57.288+0000 INFO  [o.n.d.d.DatabaseLifecycles] Creating 'DatabaseId{50b389a8[neo4j]}'.
2025-04-12 03:17:57.291+0000 INFO  [o.n.d.d.DatabaseLifecycles] Starting 'DatabaseId{50b389a8[neo4j]}'.
2025-04-12 03:17:57.301+0000 INFO  [o.n.k.i.s.f.RecordFormatSelector] [neo4j/50b389a8] Selected configured format for store /data/databases/neo4j: RecordFormat:PageAlignedV5_0[aligned-1.1]
2025-04-12 03:17:57.360+0000 INFO  [o.n.i.d.DiagnosticsManager] [neo4j/50b389a8] 
                                                                [neo4j/50b389a8] ********************************************************************************
                                                                [neo4j/50b389a8]                               [ Database: neo4j ]                               
                                                                [neo4j/50b389a8] ********************************************************************************
                                                                [neo4j/50b389a8] --------------------------------------------------------------------------------
                                                                [neo4j/50b389a8]                                   [ Version ]                                   
                                                                [neo4j/50b389a8] --------------------------------------------------------------------------------
                                                                [neo4j/50b389a8] DBMS: community record-aligned-1.1
                                                                [neo4j/50b389a8] Kernel version: 5.26.0
                                                                [neo4j/50b389a8] 
                                                                [neo4j/50b389a8] --------------------------------------------------------------------------------
                                                                [neo4j/50b389a8]                                 [ Store files ]                                 
                                                                [neo4j/50b389a8] --------------------------------------------------------------------------------
                                                                [neo4j/50b389a8] Disk space on partition (Total / Free / Free %): 1000240963584 / 563786096640 / 56
                                                                [neo4j/50b389a8] Storage files stored on file store: fakeowner
                                                                [neo4j/50b389a8] Storage files: (filename : modification date - size)
                                                                [neo4j/50b389a8]   neostore: 2025-04-12 03:17:57.334+0000 - 8.000KiB
                                                                [neo4j/50b389a8]   neostore.counts.db: 2025-04-12 03:17:57.335+0000 - 0B
                                                                [neo4j/50b389a8]   neostore.indexstats.db: 2025-04-12 03:17:57.337+0000 - 0B
                                                                [neo4j/50b389a8]   neostore.labeltokenstore.db: 2025-04-12 03:17:57.329+0000 - 0B
                                                                [neo4j/50b389a8]   neostore.labeltokenstore.db.id: 2025-04-12 03:17:57.328+0000 - 0B
                                                                [neo4j/50b389a8]   neostore.labeltokenstore.db.names: 2025-04-12 03:17:57.327+0000 - 8.000KiB
                                                                [neo4j/50b389a8]   neostore.labeltokenstore.db.names.id: 2025-04-12 03:17:57.326+0000 - 0B
                                                                [neo4j/50b389a8]   neostore.nodestore.db: 2025-04-12 03:17:57.305+0000 - 0B
                                                                [neo4j/50b389a8]   neostore.nodestore.db.id: 2025-04-12 03:17:57.305+0000 - 0B
                                                                [neo4j/50b389a8]   neostore.nodestore.db.labels: 2025-04-12 03:17:57.303+0000 - 8.000KiB
                                                                [neo4j/50b389a8]   neostore.nodestore.db.labels.id: 2025-04-12 03:17:57.302+0000 - 0B
                                                                [neo4j/50b389a8]   neostore.propertystore.db: 2025-04-12 03:17:57.317+0000 - 0B
                                                                [neo4j/50b389a8]   neostore.propertystore.db.arrays: 2025-04-12 03:17:57.315+0000 - 8.000KiB
                                                                [neo4j/50b389a8]   neostore.propertystore.db.arrays.id: 2025-04-12 03:17:57.314+0000 - 0B
                                                                [neo4j/50b389a8]   neostore.propertystore.db.id: 2025-04-12 03:17:57.316+0000 - 0B
                                                                [neo4j/50b389a8]   neostore.propertystore.db.index: 2025-04-12 03:17:57.310+0000 - 0B
                                                                [neo4j/50b389a8]   neostore.propertystore.db.index.id: 2025-04-12 03:17:57.310+0000 - 0B
                                                                [neo4j/50b389a8]   neostore.propertystore.db.index.keys: 2025-04-12 03:17:57.308+0000 - 8.000KiB
                                                                [neo4j/50b389a8]   neostore.propertystore.db.index.keys.id: 2025-04-12 03:17:57.307+0000 - 0B
                                                                [neo4j/50b389a8]   neostore.propertystore.db.strings: 2025-04-12 03:17:57.313+0000 - 8.000KiB
                                                                [neo4j/50b389a8]   neostore.propertystore.db.strings.id: 2025-04-12 03:17:57.311+0000 - 0B
                                                                [neo4j/50b389a8]   neostore.relationshipgroupstore.db: 2025-04-12 03:17:57.333+0000 - 8.000KiB
                                                                [neo4j/50b389a8]   neostore.relationshipgroupstore.db.id: 2025-04-12 03:17:57.332+0000 - 0B
                                                                [neo4j/50b389a8]   neostore.relationshipgroupstore.degrees.db: 2025-04-12 03:17:57.336+0000 - 0B
                                                                [neo4j/50b389a8]   neostore.relationshipstore.db: 2025-04-12 03:17:57.320+0000 - 0B
                                                                [neo4j/50b389a8]   neostore.relationshipstore.db.id: 2025-04-12 03:17:57.319+0000 - 0B
                                                                [neo4j/50b389a8]   neostore.relationshiptypestore.db: 2025-04-12 03:17:57.325+0000 - 0B
                                                                [neo4j/50b389a8]   neostore.relationshiptypestore.db.id: 2025-04-12 03:17:57.324+0000 - 0B
                                                                [neo4j/50b389a8]   neostore.relationshiptypestore.db.names: 2025-04-12 03:17:57.323+0000 - 8.000KiB
                                                                [neo4j/50b389a8]   neostore.relationshiptypestore.db.names.id: 2025-04-12 03:17:57.321+0000 - 0B
                                                                [neo4j/50b389a8]   neostore.schemastore.db: 2025-04-12 03:17:57.331+0000 - 8.000KiB
                                                                [neo4j/50b389a8]   neostore.schemastore.db.id: 2025-04-12 03:17:57.330+0000 - 0B
                                                                [neo4j/50b389a8] Storage summary: 
                                                                [neo4j/50b389a8]   Total size of store: 72.00KiB
                                                                [neo4j/50b389a8]   Total size of mapped files: 72.00KiB
                                                                [neo4j/50b389a8] 
                                                                [neo4j/50b389a8] --------------------------------------------------------------------------------
                                                                [neo4j/50b389a8]                               [ Transaction log ]                               
                                                                [neo4j/50b389a8] --------------------------------------------------------------------------------
                                                                [neo4j/50b389a8] Transaction log files stored on file store: fakeowner
                                                                [neo4j/50b389a8] Transaction log metadata:
                                                                [neo4j/50b389a8]  - current kernel version used in transactions: V5_25
                                                                [neo4j/50b389a8]  - last committed transaction id: 1
                                                                [neo4j/50b389a8] Transaction log files:
                                                                [neo4j/50b389a8]  - existing transaction log versions: -1--1
                                                                [neo4j/50b389a8]  - no transactions found
                                                                [neo4j/50b389a8] Checkpoint log files:
                                                                [neo4j/50b389a8]  - existing checkpoint log versions: -1--1
                                                                [neo4j/50b389a8]  - no checkpoints found
                                                                [neo4j/50b389a8] 
                                                                [neo4j/50b389a8] --------------------------------------------------------------------------------
                                                                [neo4j/50b389a8]                                   [ Id usage ]                                  
                                                                [neo4j/50b389a8] --------------------------------------------------------------------------------
                                                                [neo4j/50b389a8] ArrayPropertyStore[neostore.nodestore.db.labels]: used=1 high=0
                                                                [neo4j/50b389a8] NodeStore[neostore.nodestore.db]: used=0 high=-1
                                                                [neo4j/50b389a8] StringPropertyStore[neostore.propertystore.db.index.keys]: used=1 high=0
                                                                [neo4j/50b389a8] PropertyIndexStore[neostore.propertystore.db.index]: used=0 high=-1
                                                                [neo4j/50b389a8] StringPropertyStore[neostore.propertystore.db.strings]: used=1 high=0
                                                                [neo4j/50b389a8] ArrayPropertyStore[neostore.propertystore.db.arrays]: used=1 high=0
                                                                [neo4j/50b389a8] PropertyStore[neostore.propertystore.db]: used=0 high=-1
                                                                [neo4j/50b389a8] RelationshipStore[neostore.relationshipstore.db]: used=0 high=-1
                                                                [neo4j/50b389a8] StringPropertyStore[neostore.relationshiptypestore.db.names]: used=1 high=0
                                                                [neo4j/50b389a8] RelationshipTypeStore[neostore.relationshiptypestore.db]: used=0 high=-1
                                                                [neo4j/50b389a8] StringPropertyStore[neostore.labeltokenstore.db.names]: used=1 high=0
                                                                [neo4j/50b389a8] LabelTokenStore[neostore.labeltokenstore.db]: used=0 high=-1
                                                                [neo4j/50b389a8] SchemaStore[neostore.schemastore.db]: used=1 high=0
                                                                [neo4j/50b389a8] RelationshipGroupStore[neostore.relationshipgroupstore.db]: used=1 high=0
                                                                [neo4j/50b389a8] NeoStore[neostore]: used=-1 high=-1
                                                                [neo4j/50b389a8] 
                                                                [neo4j/50b389a8] --------------------------------------------------------------------------------
                                                                [neo4j/50b389a8]                                   [ Metadata ]                                  
                                                                [neo4j/50b389a8] --------------------------------------------------------------------------------
                                                                [neo4j/50b389a8] EXTERNAL_STORE_UUID (Database identifier exposed as external store identity. Generated on creation and never updated): 64e37435-069e-48a9-8a3d-10b762762ec7
                                                                [neo4j/50b389a8] DATABASE_ID (The last used DatabaseId for this database): null
                                                                [neo4j/50b389a8] LEGACY_STORE_VERSION (Legacy store format version. This field is used from 5.0 onwards only to distinguish non-migrated pre 5.0 metadata stores.): -3523014627327384477
                                                                [neo4j/50b389a8] STORE_ID (Store ID): StoreId{creationTime=1744427877334, random=-1664405997626209182, storageEngineName='record', formatName='aligned', majorVersion=1, minorVersion=1}
                                                                [neo4j/50b389a8] 
2025-04-12 03:17:57.363+0000 INFO  [o.n.k.a.DatabaseAvailabilityGuard] [neo4j/50b389a8] Requirement `Database unavailable` makes database neo4j unavailable.
2025-04-12 03:17:57.363+0000 INFO  [o.n.k.a.DatabaseAvailabilityGuard] [neo4j/50b389a8] DatabaseId{50b389a8[neo4j]} is unavailable.
2025-04-12 03:17:57.370+0000 WARN  [o.n.k.i.s.MetaDataStore] [neo4j/50b389a8] Missing counts store, rebuilding it.
2025-04-12 03:17:57.370+0000 WARN  [o.n.k.i.s.MetaDataStore] [neo4j/50b389a8] Counts store rebuild completed.
2025-04-12 03:17:57.372+0000 WARN  [o.n.k.i.t.l.f.LogFileChannelNativeAccessor] [neo4j/50b389a8] Error on attempt to preallocate log file version: 0. Error: ErrorCode=-1, errorMessage='Incorrect file descriptor.'
2025-04-12 03:17:57.373+0000 INFO  [o.n.k.d.Database] [neo4j/50b389a8] Starting transaction log [/data/transactions/neo4j/neostore.transaction.db.0] at version=0
2025-04-12 03:17:57.378+0000 WARN  [o.n.k.i.t.l.f.c.CheckpointFileChannelNativeAccessor] [neo4j/50b389a8] Error on attempt to preallocate log file version: 0. Error: ErrorCode=-1, errorMessage='Incorrect file descriptor.'
2025-04-12 03:17:57.379+0000 INFO  [o.n.k.d.Database] [neo4j/50b389a8] Starting transaction log [/data/transactions/neo4j/checkpoint.0] at version=0
2025-04-12 03:17:57.383+0000 WARN  [o.n.k.i.t.l.f.c.CheckpointFileChannelNativeAccessor] [neo4j/50b389a8] Unable to advise sequential access for transaction log version: 0. Error: ErrorCode=-1, errorMessage='Incorrect file descriptor.'
2025-04-12 03:17:57.384+0000 WARN  [o.n.k.i.t.l.f.c.CheckpointFileChannelNativeAccessor] [neo4j/50b389a8] Unable to advise preserve data in cache for transaction log version: 0. Error: ErrorCode=-1, errorMessage='Incorrect file descriptor.'
2025-04-12 03:17:57.384+0000 INFO  [o.n.k.i.t.l.f.c.CheckpointLogFile] [neo4j/50b389a8] Scanning log file with version 0 for checkpoint entries
2025-04-12 03:17:57.385+0000 WARN  [o.n.k.i.t.l.f.c.CheckpointFileChannelNativeAccessor] [neo4j/50b389a8] Unable to evict transaction log from cache with version: 0. Error: ErrorCode=-1, errorMessage='Incorrect file descriptor.'
2025-04-12 03:17:57.386+0000 WARN  [o.n.k.i.t.l.f.LogFileChannelNativeAccessor] [neo4j/50b389a8] Unable to advise sequential access for transaction log version: 0. Error: ErrorCode=-1, errorMessage='Incorrect file descriptor.'
2025-04-12 03:17:57.387+0000 WARN  [o.n.k.i.t.l.f.LogFileChannelNativeAccessor] [neo4j/50b389a8] Unable to advise preserve data in cache for transaction log version: 0. Error: ErrorCode=-1, errorMessage='Incorrect file descriptor.'
2025-04-12 03:17:57.388+0000 WARN  [o.n.k.i.t.l.f.LogFileChannelNativeAccessor] [neo4j/50b389a8] Unable to advise sequential access for transaction log version: 0. Error: ErrorCode=-1, errorMessage='Incorrect file descriptor.'
2025-04-12 03:17:57.389+0000 WARN  [o.n.k.i.t.l.f.LogFileChannelNativeAccessor] [neo4j/50b389a8] Unable to advise preserve data in cache for transaction log version: 0. Error: ErrorCode=-1, errorMessage='Incorrect file descriptor.'
2025-04-12 03:17:57.390+0000 WARN  [o.n.k.i.t.l.f.LogFileChannelNativeAccessor] [neo4j/50b389a8] Unable to evict transaction log from cache with version: 0. Error: ErrorCode=-1, errorMessage='Incorrect file descriptor.'
2025-04-12 03:17:57.391+0000 WARN  [o.n.k.i.t.l.f.LogFileChannelNativeAccessor] [neo4j/50b389a8] Unable to evict transaction log from cache with version: 0. Error: ErrorCode=-1, errorMessage='Incorrect file descriptor.'
2025-04-12 03:17:57.394+0000 INFO  [o.n.k.a.DatabaseAvailabilityGuard] [neo4j/50b389a8] Fulfilling of requirement 'Database unavailable' makes database neo4j available.
2025-04-12 03:17:57.394+0000 INFO  [o.n.k.a.DatabaseAvailabilityGuard] [neo4j/50b389a8] DatabaseId{50b389a8[neo4j]} is ready.
2025-04-12 03:17:57.401+0000 INFO  [o.n.k.i.a.i.IndexPopulationJob] [neo4j/50b389a8] Index population started: [Index( id=1, name='index_343aff4e', type='LOOKUP', schema=(:<any-labels>), indexProvider='token-lookup-1.0' )]
2025-04-12 03:17:57.411+0000 INFO  [o.n.k.i.a.i.IndexPopulationJob] [neo4j/50b389a8] Index creation finished for index [Index( id=1, name='index_343aff4e', type='LOOKUP', schema=(:<any-labels>), indexProvider='token-lookup-1.0' )].
2025-04-12 03:17:57.415+0000 INFO  [o.n.k.i.a.i.IndexPopulationJob] [neo4j/50b389a8] Index population started: [Index( id=2, name='index_f7700477', type='LOOKUP', schema=()-[:<any-types>]-(), indexProvider='token-lookup-1.0' )]
2025-04-12 03:17:57.427+0000 INFO  [o.n.k.i.a.i.IndexPopulationJob] [neo4j/50b389a8] Index creation finished for index [Index( id=2, name='index_f7700477', type='LOOKUP', schema=()-[:<any-types>]-(), indexProvider='token-lookup-1.0' )].
2025-04-12 03:17:57.432+0000 INFO  [o.n.k.i.t.l.c.CheckPointerImpl] [neo4j/50b389a8] Checkpoint triggered by "Database init completed." @ txId: 3, append index: 3 checkpoint started...
2025-04-12 03:17:57.476+0000 INFO  [o.n.k.i.t.l.c.CheckPointerImpl] [neo4j/50b389a8] Checkpoint triggered by "Database init completed." @ txId: 3, append index: 3 checkpoint completed in 42ms. Checkpoint flushed 74 pages (0% of total available pages), in 57 IOs. Checkpoint performed with IO limit: unlimited, paused in total 0 times( 0 millis).
2025-04-12 03:17:57.476+0000 INFO  [o.n.k.i.t.l.p.LogPruningImpl] [neo4j/50b389a8] No log version pruned. The strategy used was '2 days'. 
2025-04-12 03:17:57.478+0000 INFO  [o.n.u.UserDataCollector] Anonymous Usage Data is being sent to Neo4j, see https://neo4j.com/docs/usage-data/
2025-04-12 03:17:57.557+0000 INFO  [o.n.b.p.c.c.n.SocketNettyConnector] Bolt enabled on 0.0.0.0:7687.
2025-04-12 03:17:57.560+0000 WARN  [i.n.b.ServerBootstrap] Unknown channel option 'SO_REUSEADDR' for channel '[id: 0x2c06ddfa]'
2025-04-12 03:17:57.570+0000 INFO  [o.n.b.BoltServer] Bolt server started
2025-04-12 03:17:57.570+0000 INFO  [o.n.s.A.ServerComponentsLifecycleAdapter] Starting web server
2025-04-12 03:17:58.251+0000 INFO  [o.n.s.CommunityNeoWebServer] HTTP enabled on 0.0.0.0:7474.
2025-04-12 03:17:58.253+0000 INFO  [o.n.s.CommunityNeoWebServer] Remote interface available at http://localhost:7474/
2025-04-12 03:17:58.254+0000 INFO  [o.n.s.A.ServerComponentsLifecycleAdapter] Web server started.
2025-04-12 03:17:58.257+0000 INFO  [o.n.g.f.DatabaseManagementServiceFactory] id: 49CF2D8D3B7FD70C07A508DFEE8558ED67C621E30E97645DEE538D5C0BD578FA
2025-04-12 03:17:58.259+0000 INFO  [o.n.g.f.DatabaseManagementServiceFactory] name: system
2025-04-12 03:17:58.261+0000 INFO  [o.n.g.f.DatabaseManagementServiceFactory] creationDate: 2025-04-12T03:17:56.314Z
2025-04-12 03:24:58.731+0000 INFO  [o.n.g.f.DatabaseManagementServiceFactory] Shutdown started
2025-04-12 03:24:58.755+0000 INFO  [o.n.b.BoltServer] Requested Bolt server shutdown
2025-04-12 03:24:58.755+0000 INFO  [o.n.b.p.c.c.ConnectionRegistry] Stopping remaining idle connections for connector bolt-local
2025-04-12 03:24:58.757+0000 INFO  [o.n.b.p.c.c.ConnectionRegistry] Stopped 0 idling connections for connector bolt-local
2025-04-12 03:24:58.758+0000 INFO  [o.n.b.p.c.c.ConnectionRegistry] Stopping remaining idle connections for connector bolt
2025-04-12 03:24:58.759+0000 INFO  [o.n.b.p.c.c.ConnectionRegistry] Stopped 6 idling connections for connector bolt
2025-04-12 03:24:58.762+0000 INFO  [o.n.d.d.DatabaseLifecycles] Stopping 'DatabaseId{50b389a8[neo4j]}'.
2025-04-12 03:24:58.856+0000 INFO  [o.n.k.a.DatabaseAvailabilityGuard] [neo4j/50b389a8] Requirement `Database unavailable` makes database neo4j unavailable.
2025-04-12 03:24:58.856+0000 INFO  [o.n.k.a.DatabaseAvailabilityGuard] [neo4j/50b389a8] DatabaseId{50b389a8[neo4j]} is unavailable.
2025-04-12 03:24:58.860+0000 INFO  [o.n.k.d.Database] [neo4j/50b389a8] Waiting for closing transactions.
2025-04-12 03:24:58.861+0000 INFO  [o.n.k.d.Database] [neo4j/50b389a8] All transactions are closed.
2025-04-12 03:24:58.862+0000 INFO  [o.n.k.i.t.l.c.CheckPointerImpl] [neo4j/50b389a8] Checkpoint triggered by "Database shutdown" @ txId: 3, append index: 3 checkpoint started...
2025-04-12 03:24:58.896+0000 INFO  [o.n.k.i.t.l.c.CheckPointerImpl] [neo4j/50b389a8] Checkpoint triggered by "Database shutdown" @ txId: 3, append index: 3 checkpoint completed in 32ms. Checkpoint flushed 22 pages (0% of total available pages), in 22 IOs. Checkpoint performed with IO limit: unlimited, paused in total 0 times( 0 millis).
2025-04-12 03:24:58.896+0000 INFO  [o.n.k.i.t.l.p.LogPruningImpl] [neo4j/50b389a8] No log version pruned. The strategy used was '2 days'. 
2025-04-12 03:24:58.914+0000 WARN  [o.n.k.i.t.l.f.c.CheckpointFileChannelNativeAccessor] [neo4j/50b389a8] Unable to evict transaction log from cache with version: 0. Error: ErrorCode=-1, errorMessage='Incorrect file descriptor.'
2025-04-12 03:24:58.915+0000 WARN  [o.n.k.i.t.l.f.LogFileChannelNativeAccessor] [neo4j/50b389a8] Unable to evict transaction log from cache with version: 0. Error: ErrorCode=-1, errorMessage='Incorrect file descriptor.'
2025-04-12 03:24:58.954+0000 INFO  [o.n.d.d.DatabaseLifecycles] Stopped 'DatabaseId{50b389a8[neo4j]}' successfully.
2025-04-12 03:24:58.954+0000 INFO  [o.n.d.d.DatabaseLifecycles] Stopping 'DatabaseId{00000000[system]}'.
2025-04-12 03:24:58.957+0000 INFO  [o.n.k.a.DatabaseAvailabilityGuard] [system/00000000] Requirement `Database unavailable` makes database system unavailable.
2025-04-12 03:24:58.957+0000 INFO  [o.n.k.a.DatabaseAvailabilityGuard] [system/00000000] DatabaseId{00000000[system]} is unavailable.
2025-04-12 03:24:58.960+0000 INFO  [o.n.k.d.Database] [system/00000000] Waiting for closing transactions.
2025-04-12 03:24:58.960+0000 INFO  [o.n.k.d.Database] [system/00000000] All transactions are closed.
2025-04-12 03:24:58.961+0000 INFO  [o.n.k.i.t.l.c.CheckPointerImpl] [system/00000000] Checkpoint triggered by "Database shutdown" @ txId: 41, append index: 41 checkpoint started...
2025-04-12 03:24:59.003+0000 INFO  [o.n.k.i.t.l.c.CheckPointerImpl] [system/00000000] Checkpoint triggered by "Database shutdown" @ txId: 41, append index: 41 checkpoint completed in 41ms. Checkpoint flushed 73 pages (0% of total available pages), in 73 IOs. Checkpoint performed with IO limit: unlimited, paused in total 0 times( 0 millis).
2025-04-12 03:24:59.003+0000 INFO  [o.n.k.i.t.l.p.LogPruningImpl] [system/00000000] No log version pruned. The strategy used was '2 days'. 
2025-04-12 03:24:59.030+0000 WARN  [o.n.k.i.t.l.f.c.CheckpointFileChannelNativeAccessor] [system/00000000] Unable to evict transaction log from cache with version: 0. Error: ErrorCode=-1, errorMessage='Incorrect file descriptor.'
2025-04-12 03:24:59.031+0000 WARN  [o.n.k.i.t.l.f.LogFileChannelNativeAccessor] [system/00000000] Unable to evict transaction log from cache with version: 0. Error: ErrorCode=-1, errorMessage='Incorrect file descriptor.'
2025-04-12 03:24:59.061+0000 INFO  [o.n.d.d.DatabaseLifecycles] Stopped 'DatabaseId{00000000[system]}' successfully.
2025-04-12 03:24:59.063+0000 INFO  [o.n.b.BoltServer] Shutting down Bolt server
2025-04-12 03:25:04.102+0000 INFO  [o.n.b.p.c.c.ConnectionRegistry] Stopping 0 connections for connector bolt-local
2025-04-12 03:25:04.103+0000 INFO  [o.n.b.p.c.c.ConnectionRegistry] Stopped all remaining connections for connector bolt-local
2025-04-12 03:25:04.104+0000 INFO  [o.n.b.p.c.c.ConnectionRegistry] Stopping 0 connections for connector bolt
2025-04-12 03:25:04.104+0000 INFO  [o.n.b.p.c.c.ConnectionRegistry] Stopped all remaining connections for connector bolt
2025-04-12 03:25:04.107+0000 INFO  [o.n.b.BoltServer] Bolt server has been shut down
2025-04-12 03:25:44.693+0000 INFO  [o.n.g.f.m.GlobalModule] Logging config in use: Embedded default config 'default-server-logs.xml'
2025-04-12 03:25:44.835+0000 WARN  [o.n.k.i.JvmChecker] The max heap memory has not been configured. It is recommended that it is always explicitly configured, to ensure the system has a balanced configuration. Until then, a JVM computed heuristic of 2059403264 bytes is used instead. If you are running neo4j server, you need to configure server.memory.heap.max_size in neo4j.conf. If you are running neo4j embedded, you have to launch the JVM with -Xmx set to a value. You can run neo4j-admin server memory-recommendation for memory configuration suggestions.
2025-04-12 03:25:44.835+0000 WARN  [o.n.k.i.JvmChecker] The initial heap memory has not been configured. It is recommended that it is always explicitly configured, to ensure the system has a balanced configuration. Until then, a JVM computed heuristic of 130023424 bytes is used instead. If you are running neo4j server, you need to configure server.memory.heap.initial_size in neo4j.conf. If you are running neo4j embedded, you have to launch the JVM with -Xms set to a value. You can run neo4j-admin server memory-recommendation for memory configuration suggestions.
2025-04-12 03:25:44.966+0000 INFO  [o.n.i.d.DiagnosticsManager] 
                                                                ********************************************************************************
                                                                                             [ System diagnostics ]                             
                                                                ********************************************************************************
2025-04-12 03:25:44.966+0000 INFO  [o.n.i.d.DiagnosticsManager] 
                                                                --------------------------------------------------------------------------------
                                                                                         [ System memory information ]                          
                                                                --------------------------------------------------------------------------------
                                                                Total Physical memory: 7.667GiB
                                                                Free Physical memory: 5.628GiB
                                                                Committed virtual memory: 5.146GiB
                                                                Total swap space: 1024MiB
                                                                Free swap space: 1024MiB
                                                                
2025-04-12 03:25:44.967+0000 INFO  [o.n.i.d.DiagnosticsManager] 
                                                                --------------------------------------------------------------------------------
                                                                                           [ JVM memory information ]                           
                                                                --------------------------------------------------------------------------------
                                                                Free  memory: 98.19MiB
                                                                Total memory: 140.0MiB
                                                                Max   memory: 1.918GiB
                                                                Garbage Collector: G1 Young Generation: [G1 Eden Space, G1 Survivor Space, G1 Old Gen]
                                                                Garbage Collector: G1 Old Generation: [G1 Eden Space, G1 Survivor Space, G1 Old Gen]
                                                                Memory Pool: CodeHeap 'non-nmethods' (Non-heap memory): committed=2.438MiB, used=1.222MiB, max=5.566MiB, threshold=0B
                                                                Memory Pool: Metaspace (Non-heap memory): committed=21.94MiB, used=21.61MiB, max=-1B, threshold=0B
                                                                Memory Pool: CodeHeap 'profiled nmethods' (Non-heap memory): committed=4.688MiB, used=4.640MiB, max=117.2MiB, threshold=0B
                                                                Memory Pool: Compressed Class Space (Non-heap memory): committed=2.500MiB, used=2.336MiB, max=1.000GiB, threshold=0B
                                                                Memory Pool: G1 Eden Space (Heap memory): committed=66.00MiB, used=3.000MiB, max=-1B, threshold=?
                                                                Memory Pool: G1 Old Gen (Heap memory): committed=73.00MiB, used=37.31MiB, max=1.918GiB, threshold=0B
                                                                Memory Pool: G1 Survivor Space (Heap memory): committed=1.000MiB, used=1.000MiB, max=-1B, threshold=?
                                                                Memory Pool: CodeHeap 'non-profiled nmethods' (Non-heap memory): committed=2.438MiB, used=1.298MiB, max=117.2MiB, threshold=0B
                                                                
2025-04-12 03:25:44.967+0000 INFO  [o.n.i.d.DiagnosticsManager] 
                                                                --------------------------------------------------------------------------------
                                                                                        [ Operating system information ]                        
                                                                --------------------------------------------------------------------------------
                                                                Operating System: Linux; version: 6.5.11-linuxkit; arch: amd64; cpus: 4
                                                                Max number of file descriptors: 1048576
                                                                Number of open file descriptors: 258
                                                                Process id: 7
                                                                Byte order: LITTLE_ENDIAN
                                                                Local timezone: Etc/UTC
                                                                Memory page size: 4096
                                                                Unaligned memory access allowed: true
                                                                
2025-04-12 03:25:44.968+0000 INFO  [o.n.i.d.DiagnosticsManager] 
                                                                --------------------------------------------------------------------------------
                                                                                              [ JVM information ]                               
                                                                --------------------------------------------------------------------------------
                                                                VM Name: OpenJDK 64-Bit Server VM
                                                                VM Vendor: Eclipse Adoptium
                                                                VM Version: 17.0.13+11
                                                                JIT compiler: HotSpot 64-Bit Tiered Compilers
                                                                VM Arguments: [--add-opens=java.base/java.nio=ALL-UNNAMED, -Dfile.encoding=UTF-8]
                                                                
2025-04-12 03:25:44.968+0000 INFO  [o.n.i.d.DiagnosticsManager] 
                                                                --------------------------------------------------------------------------------
                                                                                               [ Java classpath ]                               
                                                                --------------------------------------------------------------------------------
                                                                 [classpath] /plugins/graph-data-science.jar
                                                                 [classpath] /var/lib/neo4j/lib/grpc-core-1.68.0.jar
                                                                 [classpath] /var/lib/neo4j/lib/jackson-module-jaxb-annotations-2.18.0.jar
                                                                 [classpath] /var/lib/neo4j/lib/neo4j-gql-status-5.26.0.jar
                                                                 [classpath] /var/lib/neo4j/lib/neo4j-index-5.26.0.jar
                                                                 [classpath] /var/lib/neo4j/lib/jaxb-runtime-2.3.2.jar
                                                                 [classpath] /var/lib/neo4j/lib/netty-transport-4.1.115.Final.jar
                                                                 [classpath] /var/lib/neo4j/lib/netty-codec-http2-4.1.115.Final.jar
                                                                 [classpath] /var/lib/neo4j/lib/neo4j-rewriting-5.26.0.jar
                                                                 [classpath] /var/lib/neo4j/lib/antlr4-runtime-4.13.2.jar
                                                                 [classpath] /var/lib/neo4j/lib/neo4j-cypher-expression-evaluator-5.26.0.jar
                                                                 [classpath] /var/lib/neo4j/lib/neo4j-cypher-physical-planning-5.26.0.jar
                                                                 [classpath] /var/lib/neo4j/lib/cypher-parser-common-5.26.0.jar
                                                                 [classpath] /var/lib/neo4j/lib/netty-common-4.1.115.Final.jar
                                                                 [classpath] /var/lib/neo4j/lib/neo4j-ssl-5.26.0.jar
                                                                 [classpath] /plugins/apoc-extended.jar
                                                                 [classpath] /var/lib/neo4j/lib/caffeine-3.1.8.jar
                                                                 [classpath] /var/lib/neo4j/lib/magnolia_2.13-1.1.8.jar
                                                                 [classpath] /var/lib/neo4j/lib/scala-library-2.13.11.jar
                                                                 [classpath] /var/lib/neo4j/lib/cypher-parser-ast-common-5.26.0.jar
                                                                 [classpath] /var/lib/neo4j/lib/commons-compress-1.27.1.jar
                                                                 [classpath] /var/lib/neo4j/lib/proto-google-common-protos-2.41.0.jar
                                                                 [classpath] /var/lib/neo4j/lib/protobuf-java-util-3.25.1.jar
                                                                 [classpath] /var/lib/neo4j/lib/neo4j-util-5.26.0.jar
                                                                 [classpath] /var/lib/neo4j/conf/*
                                                                 [classpath] /var/lib/neo4j/lib/parquet-column-1.14.3.jar
                                                                 [classpath] /var/lib/neo4j/lib/neo4j-common-5.26.0.jar
                                                                 [classpath] /var/lib/neo4j/lib/WMI4Java-1.6.3.jar
                                                                 [classpath] /var/lib/neo4j/lib/jakarta.xml.bind-api-2.3.2.jar
                                                                 [classpath] /var/lib/neo4j/lib/jProcesses-1.6.5.jar
                                                                 [classpath] /var/lib/neo4j/lib/grpc-stub-1.68.0.jar
                                                                 [classpath] /var/lib/neo4j/lib/neo4j-schema-5.26.0.jar
                                                                 [classpath] /var/lib/neo4j/lib/parquet-hadoop-1.14.3.jar
                                                                 [classpath] /var/lib/neo4j/lib/neo4j-fulltext-index-5.26.0.jar
                                                                 [classpath] /var/lib/neo4j/lib/netty-transport-native-epoll-4.1.115.Final-linux-aarch_64.jar
                                                                 [classpath] /var/lib/neo4j/lib/hk2-locator-2.6.1.jar
                                                                 [classpath] /var/lib/neo4j/lib/parquet-format-structures-1.14.3.jar
                                                                 [classpath] /var/lib/neo4j/lib/neo4j-consistency-check-5.26.0.jar
                                                                 [classpath] /var/lib/neo4j/lib/netty-resolver-4.1.115.Final.jar
                                                                 [classpath] /var/lib/neo4j/lib/animal-sniffer-annotations-1.24.jar
                                                                 [classpath] /var/lib/neo4j/lib/neo4j-push-to-cloud-5.26.0.jar
                                                                 [classpath] /var/lib/neo4j/lib/jetty-alpn-server-10.0.24.jar
                                                                 [classpath] /var/lib/neo4j/lib/eclipse-collections-api-11.1.0.jar
                                                                 [classpath] /var/lib/neo4j/lib/netty-codec-socks-4.1.115.Final.jar
                                                                 [classpath] /var/lib/neo4j/lib/grpc-context-1.68.0.jar
                                                                 [classpath] /var/lib/neo4j/lib/jetty-io-10.0.24.jar
                                                                 [classpath] /var/lib/neo4j/lib/neo4j-collections-5.26.0.jar
                                                                 [classpath] /var/lib/neo4j/lib/jansi-2.4.0.jar
                                                                 [classpath] /var/lib/neo4j/lib/cypher-v5-antlr-parser-5.26.0.jar
                                                                 [classpath] /var/lib/neo4j/lib/jline-terminal-3.21.0.jar
                                                                 [classpath] /var/lib/neo4j/lib/ipaddress-5.5.1.jar
                                                                 [classpath] /var/lib/neo4j/lib/neo4j-cypher-5.26.0.jar
                                                                 [classpath] /var/lib/neo4j/lib/lucene-queryparser-9.11.1.jar
                                                                 [classpath] /var/lib/neo4j/lib/neo4j-fabric-5.26.0.jar
                                                                 [classpath] /var/lib/neo4j/lib/neo4j-cypher-macros-5.26.0.jar
                                                                 [classpath] /var/lib/neo4j/lib/neo4j-import-tool-5.26.0.jar
                                                                 [classpath] /var/lib/neo4j/lib/parquet-common-1.14.3.jar
                                                                 [classpath] /var/lib/neo4j/lib/shiro-lang-2.0.1.jar
                                                                 [classpath] /var/lib/neo4j/lib/jackson-databind-2.18.0.jar
                                                                 [classpath] /var/lib/neo4j/lib/kiama_2.13-2.5.1.jar
                                                                 [classpath] /var/lib/neo4j/lib/zstd-jni-1.5.6-6.jar
                                                                 [classpath] /var/lib/neo4j/lib/jakarta.ws.rs-api-2.1.6.jar
                                                                 [classpath] /var/lib/neo4j/lib/cypher-antlr-common-5.26.0.jar
                                                                 [classpath] /var/lib/neo4j/lib/neo4j-security-5.26.0.jar
                                                                 [classpath] /var/lib/neo4j/lib/neo4j-cypher-config-5.26.0.jar
                                                                 [classpath] /var/lib/neo4j/lib/parquet-encoding-1.14.3.jar
                                                                 [classpath] /var/lib/neo4j/lib/cypher-v25-antlr-parser-5.26.0.jar
                                                                 [classpath] /var/lib/neo4j/lib/lucene-analysis-common-9.11.1.jar
                                                                 [classpath] /var/lib/neo4j/lib/neo4j-udc-5.26.0.jar
                                                                 [classpath] /var/lib/neo4j/lib/istack-commons-runtime-3.0.8.jar
                                                                 [classpath] /var/lib/neo4j/lib/jetty-servlet-api-4.0.6.jar
                                                                 [classpath] /var/lib/neo4j/lib/neo4j-cypher-runtime-util-5.26.0.jar
                                                                 [classpath] /var/lib/neo4j/lib/eclipse-collections-11.1.0.jar
                                                                 [classpath] /var/lib/neo4j/lib/cypher-antlr-ast-common-5.26.0.jar
                                                                 [classpath] /var/lib/neo4j/lib/jetty-xml-10.0.24.jar
                                                                 [classpath] /var/lib/neo4j/lib/neo4j-dbms-5.26.0.jar
                                                                 [classpath] /var/lib/neo4j/lib/commons-text-1.12.0.jar
                                                                 [classpath] /var/lib/neo4j/lib/neo4j-import-api-5.26.0.jar
                                                                 [classpath] /var/lib/neo4j/lib/neo4j-id-generator-5.26.0.jar
                                                                 [classpath] /var/lib/neo4j/lib/neo4j-csv-5.26.0.jar
                                                                 [classpath] /var/lib/neo4j/lib/neo4j-notifications-5.26.0.jar
                                                                 [classpath] /var/lib/neo4j/lib/grpc-protobuf-lite-1.68.0.jar
                                                                 [classpath] /var/lib/neo4j/lib/picocli-4.7.6.jar
                                                                 [classpath] /var/lib/neo4j/lib/jakarta.validation-api-2.0.2.jar
                                                                 [classpath] /var/lib/neo4j/lib/neo4j-import-util-5.26.0.jar
                                                                 [classpath] /var/lib/neo4j/lib/jackson-jaxrs-json-provider-2.18.0.jar
                                                                 [classpath] /var/lib/neo4j/lib/jackson-datatype-jdk8-2.17.0.jar
                                                                 [classpath] /var/lib/neo4j/lib/guava-33.3.1-jre.jar
                                                                 [classpath] /var/lib/neo4j/lib/cypher-v25-parser-listener-5.26.0.jar
                                                                 [classpath] /var/lib/neo4j/lib/hk2-utils-2.6.1.jar
                                                                 [classpath] /var/lib/neo4j/lib/stax-ex-1.8.1.jar
                                                                 [classpath] /var/lib/neo4j/lib/txw2-2.3.2.jar
                                                                 [classpath] /var/lib/neo4j/lib/log4j-api-2.20.0.jar
                                                                 [classpath] /var/lib/neo4j/lib/neo4j-spatial-index-5.26.0.jar
                                                                 [classpath] /var/lib/neo4j/lib/neo4j-cypher-planner-spi-5.26.0.jar
                                                                 [classpath] /var/lib/neo4j/lib/commons-io-2.17.0.jar
                                                                 [classpath] /var/lib/neo4j/lib/arrow-memory-core-17.0.0.jar
                                                                 [classpath] /var/lib/neo4j/lib/argparse4j-0.9.0.jar
                                                                 [classpath] /var/lib/neo4j/lib/log4j-core-2.20.0.jar
                                                                 [classpath] /var/lib/neo4j/lib/reactor-core-3.6.10.jar
                                                                 [classpath] /var/lib/neo4j/lib/neo4j-cypher-ast-factory-5.26.0.jar
                                                                 [classpath] /var/lib/neo4j/lib/grpc-protobuf-1.68.0.jar
                                                                 [classpath] /var/lib/neo4j/lib/jetty-security-10.0.24.jar
                                                                 [classpath] /var/lib/neo4j/lib/neo4j-kernel-5.26.0.jar
                                                                 [classpath] /var/lib/neo4j/lib/neo4j-cypher-cache-5.26.0.jar
                                                                 [classpath] /var/lib/neo4j/lib/neo4j-codegen-5.26.0.jar
                                                                 [classpath] /var/lib/neo4j/lib/neo4j-cypher-ir-5.26.0.jar
                                                                 [classpath] /var/lib/neo4j/lib/flight-core-17.0.0.jar
                                                                 [classpath] /var/lib/neo4j/lib/netty-handler-4.1.115.Final.jar
                                                                 [classpath] /var/lib/neo4j/lib/arrow-vector-17.0.0.jar
                                                                 [classpath] /var/lib/neo4j/lib/neo4j-kernel-api-5.26.0.jar
                                                                 [classpath] /var/lib/neo4j/lib/shiro-crypto-core-2.0.1.jar
                                                                 [classpath] /var/lib/neo4j/lib/http2-common-10.0.24.jar
                                                                 [classpath] /var/lib/neo4j/lib/lucene-backward-codecs-9.11.1.jar
                                                                 [classpath] /var/lib/neo4j/lib/neo4j-layout-5.26.0.jar
                                                                 [classpath] /var/lib/neo4j/lib/parquet-jackson-1.14.3.jar
                                                                 [classpath] /var/lib/neo4j/lib/neo4j-unsafe-5.26.0.jar
                                                                 [classpath] /var/lib/neo4j/lib/jackson-annotations-2.18.0.jar
                                                                 [classpath] /var/lib/neo4j/lib/jetty-http-10.0.24.jar
                                                                 [classpath] /var/lib/neo4j/lib/jetty-webapp-10.0.24.jar
                                                                 [classpath] /var/lib/neo4j/lib/cypher-ast-factory-5.26.0.jar
                                                                 [classpath] /var/lib/neo4j/lib/grpc-api-1.68.0.jar
                                                                 [classpath] /var/lib/neo4j/lib/neo4j-data-collector-5.26.0.jar
                                                                 [classpath] /var/lib/neo4j/lib/shiro-cache-2.0.1.jar
                                                                 [classpath] /var/lib/neo4j/lib/neo4j-cypher-interpreted-runtime-5.26.0.jar
                                                                 [classpath] /var/lib/neo4j/lib/netty-codec-4.1.115.Final.jar
                                                                 [classpath] /var/lib/neo4j/lib/netty-handler-proxy-4.1.115.Final.jar
                                                                 [classpath] /var/lib/neo4j/lib/scala-collection-contrib_2.13-0.3.0.jar
                                                                 [classpath] /var/lib/neo4j/lib/neo4j-cypher-slotted-runtime-5.26.0.jar
                                                                 [classpath] /var/lib/neo4j/lib/jersey-container-servlet-2.43.jar
                                                                 [classpath] /var/lib/neo4j/lib/neo4j-5.26.0.jar
                                                                 [classpath] /var/lib/neo4j/lib/neo4j-diagnostics-5.26.0.jar
                                                                 [classpath] /var/lib/neo4j/lib/neo4j-cloud-5.26.0.jar
                                                                 [classpath] /var/lib/neo4j/lib/commons-codec-1.17.1.jar
                                                                 [classpath] /var/lib/neo4j/lib/jetty-server-10.0.24.jar
                                                                 [classpath] /var/lib/neo4j/lib/jetty-util-10.0.24.jar
                                                                 [classpath] /var/lib/neo4j/lib/jPowerShell-3.0.jar
                                                                 [classpath] /var/lib/neo4j/lib/shiro-hashes-argon2-2.0.1.jar
                                                                 [classpath] /var/lib/neo4j/lib/neo4j-token-api-5.26.0.jar
                                                                 [classpath] /var/lib/neo4j/lib/reactive-streams-1.0.4.jar
                                                                 [classpath] /var/lib/neo4j/lib/cypher-v25-ast-factory-5.26.0.jar
                                                                 [classpath] /var/lib/neo4j/lib/neo4j-graphdb-api-5.26.0.jar
                                                                 [classpath] /var/lib/neo4j/lib/perfmark-api-0.27.0.jar
                                                                 [classpath] /var/lib/neo4j/lib/netty-transport-native-epoll-4.1.115.Final-linux-x86_64.jar
                                                                 [classpath] /var/lib/neo4j/lib/neo4j-concurrent-5.26.0.jar
                                                                 [classpath] /var/lib/neo4j/lib/netty-transport-native-unix-common-4.1.115.Final.jar
                                                                 [classpath] /var/lib/neo4j/lib/neo4j-cypher-rendering-5.26.0.jar
                                                                 [classpath] /var/lib/neo4j/lib/aircompressor-0.27.jar
                                                                 [classpath] /var/lib/neo4j/lib/cypher-v5-literal-interpreter-5.26.0.jar
                                                                 [classpath] /var/lib/neo4j/lib/http2-server-10.0.24.jar
                                                                 [classpath] /var/lib/neo4j/lib/neo4j-storage-engine-util-5.26.0.jar
                                                                 [classpath] /var/lib/neo4j/lib/neo4j-lucene-index-5.26.0.jar
                                                                 [classpath] /var/lib/neo4j/lib/shiro-crypto-hash-2.0.1.jar
                                                                 [classpath] /var/lib/neo4j/lib/arrow-memory-netty-17.0.0.jar
                                                                 [classpath] /var/lib/neo4j/lib/listenablefuture-9999.0-empty-to-avoid-conflict-with-guava.jar
                                                                 [classpath] /var/lib/neo4j/lib/failureaccess-1.0.2.jar
                                                                 [classpath] /var/lib/neo4j/lib/jaxb-api-2.2.12.jar
                                                                 [classpath] /var/lib/neo4j/lib/jersey-container-servlet-core-2.43.jar
                                                                 [classpath] /var/lib/neo4j/lib/neo4j-native-5.26.0.jar
                                                                 [classpath] /var/lib/neo4j/lib/neo4j-cypher-dsl-2024.2.0.jar
                                                                 [classpath] /var/lib/neo4j/lib/jersey-client-2.43.jar
                                                                 [classpath] /var/lib/neo4j/lib/neo4j-cypher-logical-plans-5.26.0.jar
                                                                 [classpath] /var/lib/neo4j/lib/grpc-netty-1.68.0.jar
                                                                 [classpath] /var/lib/neo4j/lib/shiro-core-2.0.1.jar
                                                                 [classpath] /var/lib/neo4j/lib/jersey-server-2.43.jar
                                                                 [classpath] /var/lib/neo4j/lib/netty-tcnative-classes-2.0.69.Final.jar
                                                                 [classpath] /var/lib/neo4j/lib/neo4j-cypher-javacc-parser-5.26.0.jar
                                                                 [classpath] /var/lib/neo4j/lib/javax.annotation-api-1.3.2.jar
                                                                 [classpath] /var/lib/neo4j/lib/neo4j-bolt-5.26.0.jar
                                                                 [classpath] /var/lib/neo4j/lib/jna-5.15.0.jar
                                                                 [classpath] /var/lib/neo4j/lib/http2-hpack-10.0.24.jar
                                                                 [classpath] /var/lib/neo4j/lib/annotations-5.26.0.jar
                                                                 [classpath] /var/lib/neo4j/lib/shiro-hashes-bcrypt-2.0.1.jar
                                                                 [classpath] /var/lib/neo4j/lib/neo4j-expressions-5.26.0.jar
                                                                 [classpath] /var/lib/neo4j/lib/netty-transport-classes-kqueue-4.1.115.Final.jar
                                                                 [classpath] /var/lib/neo4j/lib/cypher-v5-ast-factory-5.26.0.jar
                                                                 [classpath] /var/lib/neo4j/lib/neo4j-capabilities-5.26.0.jar
                                                                 [classpath] /var/lib/neo4j/lib/snappy-java-1.1.10.5.jar
                                                                 [classpath] /var/lib/neo4j/lib/netty-buffer-4.1.115.Final.jar
                                                                 [classpath] /var/lib/neo4j/lib/neo4j-slf4j-provider-5.26.0.jar
                                                                 [classpath] /var/lib/neo4j/lib/commons-configuration2-2.11.0.jar
                                                                 [classpath] /var/lib/neo4j/lib/neo4j-graph-algo-5.26.0.jar
                                                                 [classpath] /var/lib/neo4j/lib/netty-transport-native-kqueue-4.1.115.Final-osx-x86_64.jar
                                                                 [classpath] /var/lib/neo4j/lib/jline-terminal-jansi-3.21.0.jar
                                                                 [classpath] /var/lib/neo4j/lib/neo4j-server-5.26.0.jar
                                                                 [classpath] /var/lib/neo4j/lib/hk2-api-2.6.1.jar
                                                                 [classpath] /var/lib/neo4j/lib/neo4j-io-5.26.0.jar
                                                                 [classpath] /var/lib/neo4j/lib/shiro-config-core-2.0.1.jar
                                                                 [classpath] /var/lib/neo4j/lib/parquet-floor-1.47.jar
                                                                 [classpath] /var/lib/neo4j/lib/neo4j-command-line-5.26.0.jar
                                                                 [classpath] /var/lib/neo4j/lib/shiro-event-2.0.1.jar
                                                                 [classpath] /var/lib/neo4j/lib/jsr305-3.0.2.jar
                                                                 [classpath] /var/lib/neo4j/lib/neo4j-resource-5.26.0.jar
                                                                 [classpath] /var/lib/neo4j/lib/commons-logging-1.3.4.jar
                                                                 [classpath] /var/lib/neo4j/lib/jakarta.activation-api-1.2.2.jar
                                                                 [classpath] /var/lib/neo4j/lib/neo4j-values-5.26.0.jar
                                                                 [classpath] /var/lib/neo4j/lib/zstd-proxy-5.26.0.jar
                                                                 [classpath] /var/lib/neo4j/lib/commons-lang3-3.17.0.jar
                                                                 [classpath] /var/lib/neo4j/lib/neo4j-procedure-api-5.26.0.jar
                                                                 [classpath] /var/lib/neo4j/lib/jettison-1.5.4.jar
                                                                 [classpath] /var/lib/neo4j/lib/netty-codec-http-4.1.115.Final.jar
                                                                 [classpath] /var/lib/neo4j/lib/jakarta.inject-2.6.1.jar
                                                                 [classpath] /var/lib/neo4j/lib/slf4j-api-2.0.9.jar
                                                                 [classpath] /var/lib/neo4j/lib/cypher-parser-factory-5.26.0.jar
                                                                 [classpath] /var/lib/neo4j/lib/neo4j-logging-5.26.0.jar
                                                                 [classpath] /var/lib/neo4j/lib/neo4j-cypher-planner-5.26.0.jar
                                                                 [classpath] /var/lib/neo4j/lib/jline-reader-3.21.0.jar
                                                                 [classpath] /var/lib/neo4j/lib/gson-2.11.0.jar
                                                                 [classpath] /var/lib/neo4j/lib/arrow-format-17.0.0.jar
                                                                 [classpath] /var/lib/neo4j/lib/FastInfoset-1.2.16.jar
                                                                 [classpath] /var/lib/neo4j/lib/server-api-5.26.0.jar
                                                                 [classpath] /var/lib/neo4j/lib/javassist-3.30.2-GA.jar
                                                                 [classpath] /var/lib/neo4j/lib/cypher-v5-parser-listener-5.26.0.jar
                                                                 [classpath] /var/lib/neo4j/lib/neo4j-record-storage-engine-5.26.0.jar
                                                                 [classpath] /var/lib/neo4j/lib/jersey-hk2-2.43.jar
                                                                 [classpath] /var/lib/neo4j/lib/netty-transport-classes-epoll-4.1.115.Final.jar
                                                                 [classpath] /var/lib/neo4j/lib/shiro-crypto-cipher-2.0.1.jar
                                                                 [classpath] /var/lib/neo4j/lib/grpc-util-1.68.0.jar
                                                                 [classpath] /var/lib/neo4j/lib/netty-transport-native-kqueue-4.1.115.Final-osx-aarch_64.jar
                                                                 [classpath] /var/lib/neo4j/lib/flatbuffers-java-24.3.25.jar
                                                                 [classpath] /var/lib/neo4j/lib/cypher-shell-5.26.0.jar
                                                                 [classpath] /var/lib/neo4j/lib/jetty-servlet-10.0.24.jar
                                                                 [classpath] /var/lib/neo4j/lib/neo4j-ast-5.26.0.jar
                                                                 [classpath] /var/lib/neo4j/lib/neo4j-lock-5.26.0.jar
                                                                 [classpath] /var/lib/neo4j/lib/neo4j-front-end-5.26.0.jar
                                                                 [classpath] /var/lib/neo4j/lib/scala-reflect-2.13.11.jar
                                                                 [classpath] /var/lib/neo4j/lib/jetty-alpn-java-server-10.0.24.jar
                                                                 [classpath] /var/lib/neo4j/lib/neo4j-configuration-5.26.0.jar
                                                                 [classpath] /var/lib/neo4j/lib/jakarta.annotation-api-1.3.5.jar
                                                                 [classpath] /var/lib/neo4j/lib/protobuf-java-3.25.5.jar
                                                                 [classpath] /var/lib/neo4j/lib/jctools-core-4.0.5.jar
                                                                 [classpath] /var/lib/neo4j/lib/jackson-datatype-jsr310-2.17.1.jar
                                                                 [classpath] /var/lib/neo4j/lib/neo4j-procedure-5.26.0.jar
                                                                 [classpath] /var/lib/neo4j/lib/jackson-core-2.18.0.jar
                                                                 [classpath] /var/lib/neo4j/lib/neo4j-bootcheck-5.26.0.jar
                                                                 [classpath] /var/lib/neo4j/lib/neo4j-monitoring-5.26.0.jar
                                                                 [classpath] /var/lib/neo4j/lib/neo4j-query-router-5.26.0.jar
                                                                 [classpath] /var/lib/neo4j/lib/log4j-layout-template-json-2.20.0.jar
                                                                 [classpath] /var/lib/neo4j/lib/jersey-common-2.43.jar
                                                                 [classpath] /var/lib/neo4j/lib/neo4j-browser-5.26.0.jar
                                                                 [classpath] /var/lib/neo4j/lib/arrow-memory-netty-buffer-patch-17.0.0.jar
                                                                 [classpath] /var/lib/neo4j/lib/neo4j-wal-5.26.0.jar
                                                                 [classpath] /var/lib/neo4j/lib/neo4j-exceptions-5.26.0.jar
                                                                 [classpath] /var/lib/neo4j/lib/neo4j-java-driver-5.26.0.jar
                                                                 [classpath] /plugins/apoc.jar
                                                                 [classpath] /var/lib/neo4j/lib/lucene-core-9.11.1.jar
                                                                 [classpath] /var/lib/neo4j/lib/jackson-jaxrs-base-2.18.0.jar
                                                                
2025-04-12 03:25:44.968+0000 INFO  [o.n.i.d.DiagnosticsManager] 
                                                                --------------------------------------------------------------------------------
                                                                                                [ Library path ]                                
                                                                --------------------------------------------------------------------------------
                                                                /usr/java/packages/lib
                                                                /usr/lib64
                                                                /lib64
                                                                /lib
                                                                /usr/lib
                                                                
2025-04-12 03:25:44.969+0000 INFO  [o.n.i.d.DiagnosticsManager] 
                                                                --------------------------------------------------------------------------------
                                                                                             [ System properties ]                              
                                                                --------------------------------------------------------------------------------
                                                                sun.jnu.encoding = UTF-8
                                                                sun.arch.data.model = 64
                                                                user.timezone = Etc/UTC
                                                                sun.java.launcher = SUN_STANDARD
                                                                sun.boot.library.path = /opt/java/openjdk/lib
                                                                sun.java.command = org.neo4j.server.CommunityEntryPoint --home-dir=/var/lib/neo4j --config-dir=/var/lib/neo4j/conf --console-mode
                                                                jdk.debug = release
                                                                sun.cpu.endian = little
                                                                user.home = /var/lib/neo4j
                                                                user.language = en
                                                                file.separator = /
                                                                sun.management.compiler = HotSpot 64-Bit Tiered Compilers
                                                                user.name = neo4j
                                                                path.separator = :
                                                                file.encoding = UTF-8
                                                                jnidispatch.path = /var/lib/neo4j/.cache/JNA/temp/jna11810350370767450158.tmp
                                                                jna.loaded = true
                                                                user.dir = /var/lib/neo4j
                                                                native.encoding = UTF-8
                                                                sun.io.unicode.encoding = UnicodeLittle
                                                                
2025-04-12 03:25:44.969+0000 INFO  [o.n.i.d.DiagnosticsManager] 
                                                                --------------------------------------------------------------------------------
                                                                                      [ (IANA) TimeZone database version ]                      
                                                                --------------------------------------------------------------------------------
                                                                  TimeZone version: 2024a (available for 603 zone identifiers)
                                                                
2025-04-12 03:25:44.969+0000 INFO  [o.n.i.d.DiagnosticsManager] 
                                                                --------------------------------------------------------------------------------
                                                                                            [ Network information ]                             
                                                                --------------------------------------------------------------------------------
                                                                Interface eth0:
                                                                    address: 172.19.0.2
                                                                Interface lo:
                                                                    address: 127.0.0.1
                                                                
2025-04-12 03:25:44.970+0000 INFO  [o.n.i.d.DiagnosticsManager] 
                                                                --------------------------------------------------------------------------------
                                                                                         [ Native access information ]                          
                                                                --------------------------------------------------------------------------------
                                                                Native access details: Linux native access is available.
                                                                
2025-04-12 03:25:44.970+0000 INFO  [o.n.i.d.DiagnosticsManager] 
                                                                --------------------------------------------------------------------------------
                                                                                                [ DBMS config ]                                 
                                                                --------------------------------------------------------------------------------
                                                                DBMS provided settings:
                                                                dbms.security.procedures.unrestricted=gds.*,apoc.*,apoc.*
                                                                server.default_listen_address=0.0.0.0
                                                                server.directories.logs=/logs
                                                                server.directories.neo4j_home=/var/lib/neo4j
                                                                server.directories.plugins=/plugins
                                                                server.memory.pagecache.size=512.00MiB
                                                                Directories in use:
                                                                server.directories.data=/var/lib/neo4j/data
                                                                server.directories.dumps.root=/var/lib/neo4j/data/dumps
                                                                server.directories.import=/var/lib/neo4j
                                                                server.directories.lib=/var/lib/neo4j/lib
                                                                server.directories.licenses=/var/lib/neo4j/licenses
                                                                server.directories.logs=/logs
                                                                server.directories.neo4j_home=/var/lib/neo4j
                                                                server.directories.plugins=/plugins
                                                                server.directories.run=/var/lib/neo4j/run
                                                                server.directories.script.root=/var/lib/neo4j/data/scripts
                                                                server.directories.transaction.logs.root=/var/lib/neo4j/data/transactions
                                                                
2025-04-12 03:25:44.970+0000 INFO  [o.n.i.d.DiagnosticsManager] 
                                                                --------------------------------------------------------------------------------
                                                                                                 [ Packaging ]                                  
                                                                --------------------------------------------------------------------------------
                                                                Edition: Community
                                                                Package Type: docker bullseye
                                                                
2025-04-12 03:25:44.994+0000 INFO  [o.n.d.i.DefaultIdentityModule] Found ServerId on disk: ServerId{da816d0a} (da816d0a-1e8a-464a-b408-79f096fe1e05)
2025-04-12 03:25:44.996+0000 INFO  [o.n.d.i.DefaultIdentityModule] This instance is ServerId{da816d0a} (da816d0a-1e8a-464a-b408-79f096fe1e05)
2025-04-12 03:25:46.096+0000 INFO  [o.n.s.CommunityNeoWebServer] ======== Neo4j 5.26.0 ========
2025-04-12 03:25:46.122+0000 INFO  [o.n.d.d.DatabaseLifecycles] Creating 'DatabaseId{00000000[system]}'.
2025-04-12 03:25:46.204+0000 INFO  [a.ApocConfig] successfully registered ApocConfig for @Context
2025-04-12 03:25:46.346+0000 INFO  [c.n.g.e.GraphDataScienceExtension] GDS license file: null
2025-04-12 03:25:46.347+0000 INFO  [c.n.g.e.GraphDataScienceExtension] GDS license state: unlicensed
2025-04-12 03:25:46.351+0000 INFO  [c.n.g.e.GraphDataScienceExtension] Prometheus: disabled
2025-04-12 03:25:46.352+0000 WARN  [c.n.g.e.GraphDataScienceExtension] GDS metrics disabled
2025-04-12 03:25:46.363+0000 INFO  [c.n.g.e.GraphDataScienceExtension] Progress tracking: enabled
2025-04-12 03:25:46.365+0000 INFO  [c.n.g.e.GraphDataScienceExtension] Memory usage guard: minimum estimate
2025-04-12 03:25:46.372+0000 INFO  [c.n.g.e.GraphDataScienceExtension] Register GDS Memory Facade...
2025-04-12 03:25:46.374+0000 INFO  [c.n.g.e.GraphDataScienceExtension] GDS Memory Facade registered.
2025-04-12 03:25:46.384+0000 INFO  [c.n.g.e.GraphDataScienceExtension] Building Graph Data Science extension...
2025-04-12 03:25:46.392+0000 INFO  [c.n.g.e.GraphDataScienceExtension] Register Graph Data Science...
2025-04-12 03:25:46.394+0000 INFO  [c.n.g.e.GraphDataScienceExtension] Graph Data Science registered.
2025-04-12 03:25:46.396+0000 INFO  [c.n.g.e.GraphDataScienceExtension] Register Metrics...
2025-04-12 03:25:46.397+0000 INFO  [c.n.g.e.GraphDataScienceExtension] Metrics registered.
2025-04-12 03:25:46.400+0000 INFO  [c.n.g.e.GraphDataScienceExtension] Register Model Catalog...
2025-04-12 03:25:46.402+0000 INFO  [c.n.g.e.GraphDataScienceExtension] Model Catalog registered.
2025-04-12 03:25:46.405+0000 INFO  [c.n.g.e.GraphDataScienceExtension] Register Task Registry Factory...
2025-04-12 03:25:46.407+0000 INFO  [c.n.g.e.GraphDataScienceExtension] Task Registry Factory registered.
2025-04-12 03:25:46.409+0000 INFO  [c.n.g.e.GraphDataScienceExtension] Register Task Store...
2025-04-12 03:25:46.411+0000 INFO  [c.n.g.e.GraphDataScienceExtension] Task Store registered.
2025-04-12 03:25:46.412+0000 INFO  [c.n.g.e.GraphDataScienceExtension] Register User Log Registry Factory...
2025-04-12 03:25:46.414+0000 INFO  [c.n.g.e.GraphDataScienceExtension] User Log Registry Factory registered.
2025-04-12 03:25:46.415+0000 INFO  [c.n.g.e.GraphDataScienceExtension] Graph Data Science extension built.
2025-04-12 03:25:46.417+0000 INFO  [c.n.g.e.GraphDataScienceExtension] Building Graph Data Science Extras extension...
2025-04-12 03:25:46.420+0000 INFO  [c.n.g.e.GraphDataScienceExtension] Register Graph Data Science Extras...
2025-04-12 03:25:46.423+0000 INFO  [c.n.g.e.GraphDataScienceExtension] Graph Data Science Extras registered.
2025-04-12 03:25:46.424+0000 INFO  [c.n.g.e.GraphDataScienceExtension] Graph Data Science Extras extension built.
2025-04-12 03:25:46.436+0000 INFO  [a.Pools] successfully registered Pools for @Context
2025-04-12 03:25:46.441+0000 INFO  [a.ApocConfig] successfully registered ExtendedApocConfig for @Context
2025-04-12 03:25:46.458+0000 INFO  [a.ApocConfig] cannot determine conf folder from sys property org.neo4j.server.CommunityEntryPoint --home-dir=/var/lib/neo4j --config-dir=/var/lib/neo4j/conf --console-mode, assuming /var/lib/neo4j/conf
2025-04-12 03:25:46.459+0000 INFO  [a.ApocConfig] system property NEO4J_CONF set to /var/lib/neo4j/conf
2025-04-12 03:25:46.608+0000 INFO  [a.ApocConfig] setting APOC config to default value: apoc.trigger.enabled=false
2025-04-12 03:25:46.608+0000 INFO  [a.ApocConfig] setting APOC config to default value: apoc.import.file.use_neo4j_config=true
2025-04-12 03:25:46.630+0000 INFO  [a.ApocConfig] cannot determine conf folder from sys property org.neo4j.server.CommunityEntryPoint --home-dir=/var/lib/neo4j --config-dir=/var/lib/neo4j/conf --console-mode, assuming /var/lib/neo4j/conf
2025-04-12 03:25:46.631+0000 INFO  [a.ApocConfig] system property NEO4J_CONF set to /var/lib/neo4j/conf
2025-04-12 03:25:46.642+0000 INFO  [a.ApocConfig] setting APOC config to default value: apoc.ttl.limit=1000
2025-04-12 03:25:46.643+0000 INFO  [a.ApocConfig] setting APOC config to default value: apoc.ttl.enabled=false
2025-04-12 03:25:46.643+0000 INFO  [a.ApocConfig] setting APOC config to default value: apoc.ttl.schedule=PT1M
2025-04-12 03:25:46.644+0000 INFO  [a.ApocConfig] setting APOC config to default value: apoc.uuid.enabled=false
2025-04-12 03:25:46.683+0000 INFO  [o.n.b.BoltServer] Using connector transport epoll
2025-04-12 03:25:46.732+0000 INFO  [o.n.b.BoltServer] Configured external Bolt connector with listener address /0.0.0.0:7687
2025-04-12 03:25:46.734+0000 INFO  [o.n.b.BoltServer] Bolt server loaded
2025-04-12 03:25:46.752+0000 INFO  [o.n.d.d.DatabaseLifecycles] Starting 'DatabaseId{00000000[system]}'.
2025-04-12 03:25:47.418+0000 WARN  [o.n.k.i.t.l.f.c.CheckpointFileChannelNativeAccessor] [system/00000000] Unable to advise sequential access for transaction log version: 0. Error: ErrorCode=-1, errorMessage='Incorrect file descriptor.'
2025-04-12 03:25:47.419+0000 WARN  [o.n.k.i.t.l.f.c.CheckpointFileChannelNativeAccessor] [system/00000000] Unable to advise preserve data in cache for transaction log version: 0. Error: ErrorCode=-1, errorMessage='Incorrect file descriptor.'
2025-04-12 03:25:47.424+0000 INFO  [o.n.k.i.t.l.f.c.CheckpointLogFile] [system/00000000] Scanning log file with version 0 for checkpoint entries
2025-04-12 03:25:47.435+0000 WARN  [o.n.k.i.t.l.f.c.CheckpointFileChannelNativeAccessor] [system/00000000] Unable to evict transaction log from cache with version: 0. Error: ErrorCode=-1, errorMessage='Incorrect file descriptor.'
2025-04-12 03:25:47.436+0000 WARN  [o.n.k.i.t.l.f.c.CheckpointFileChannelNativeAccessor] [system/00000000] Unable to advise sequential access for transaction log version: 0. Error: ErrorCode=-1, errorMessage='Incorrect file descriptor.'
2025-04-12 03:25:47.436+0000 WARN  [o.n.k.i.t.l.f.c.CheckpointFileChannelNativeAccessor] [system/00000000] Unable to advise preserve data in cache for transaction log version: 0. Error: ErrorCode=-1, errorMessage='Incorrect file descriptor.'
2025-04-12 03:25:47.437+0000 WARN  [o.n.k.i.t.l.f.c.CheckpointFileChannelNativeAccessor] [system/00000000] Unable to evict transaction log from cache with version: 0. Error: ErrorCode=-1, errorMessage='Incorrect file descriptor.'
2025-04-12 03:25:47.441+0000 WARN  [o.n.k.i.t.l.f.LogFileChannelNativeAccessor] [system/00000000] Unable to advise sequential access for transaction log version: 0. Error: ErrorCode=-1, errorMessage='Incorrect file descriptor.'
2025-04-12 03:25:47.441+0000 WARN  [o.n.k.i.t.l.f.LogFileChannelNativeAccessor] [system/00000000] Unable to advise preserve data in cache for transaction log version: 0. Error: ErrorCode=-1, errorMessage='Incorrect file descriptor.'
2025-04-12 03:25:47.442+0000 WARN  [o.n.k.i.t.l.f.LogFileChannelNativeAccessor] [system/00000000] Unable to advise sequential access for transaction log version: 0. Error: ErrorCode=-1, errorMessage='Incorrect file descriptor.'
2025-04-12 03:25:47.442+0000 WARN  [o.n.k.i.t.l.f.LogFileChannelNativeAccessor] [system/00000000] Unable to advise preserve data in cache for transaction log version: 0. Error: ErrorCode=-1, errorMessage='Incorrect file descriptor.'
2025-04-12 03:25:47.443+0000 WARN  [o.n.k.i.t.l.f.LogFileChannelNativeAccessor] [system/00000000] Unable to evict transaction log from cache with version: 0. Error: ErrorCode=-1, errorMessage='Incorrect file descriptor.'
2025-04-12 03:25:47.443+0000 WARN  [o.n.k.i.t.l.f.LogFileChannelNativeAccessor] [system/00000000] Unable to evict transaction log from cache with version: 0. Error: ErrorCode=-1, errorMessage='Incorrect file descriptor.'
2025-04-12 03:25:47.467+0000 INFO  [o.n.k.i.s.f.RecordFormatSelector] [system/00000000] Selected RecordFormat:PageAlignedV5_0[aligned-1.1] record format from store /data/databases/system
2025-04-12 03:25:47.467+0000 INFO  [o.n.k.i.s.f.RecordFormatSelector] [system/00000000] Selected format from the store files: RecordFormat:PageAlignedV5_0[aligned-1.1]
2025-04-12 03:25:47.586+0000 WARN  [o.n.k.i.t.l.f.LogFileChannelNativeAccessor] [system/00000000] Unable to advise sequential access for transaction log version: 0. Error: ErrorCode=-1, errorMessage='Incorrect file descriptor.'
2025-04-12 03:25:47.587+0000 WARN  [o.n.k.i.t.l.f.LogFileChannelNativeAccessor] [system/00000000] Unable to advise preserve data in cache for transaction log version: 0. Error: ErrorCode=-1, errorMessage='Incorrect file descriptor.'
2025-04-12 03:25:47.587+0000 WARN  [o.n.k.i.t.l.f.LogFileChannelNativeAccessor] [system/00000000] Unable to evict transaction log from cache with version: 0. Error: ErrorCode=-1, errorMessage='Incorrect file descriptor.'
2025-04-12 03:25:47.739+0000 WARN  [o.n.k.i.t.l.f.c.CheckpointFileChannelNativeAccessor] [system/00000000] Unable to advise sequential access for transaction log version: 0. Error: ErrorCode=-1, errorMessage='Incorrect file descriptor.'
2025-04-12 03:25:47.739+0000 WARN  [o.n.k.i.t.l.f.c.CheckpointFileChannelNativeAccessor] [system/00000000] Unable to advise preserve data in cache for transaction log version: 0. Error: ErrorCode=-1, errorMessage='Incorrect file descriptor.'
2025-04-12 03:25:47.741+0000 WARN  [o.n.k.i.t.l.f.c.CheckpointFileChannelNativeAccessor] [system/00000000] Unable to evict transaction log from cache with version: 0. Error: ErrorCode=-1, errorMessage='Incorrect file descriptor.'
2025-04-12 03:25:47.760+0000 INFO  [o.n.i.d.DiagnosticsManager] [system/00000000] 
                                                                [system/00000000] ********************************************************************************
                                                                [system/00000000]                               [ Database: system ]                              
                                                                [system/00000000] ********************************************************************************
                                                                [system/00000000] --------------------------------------------------------------------------------
                                                                [system/00000000]                                   [ Version ]                                   
                                                                [system/00000000] --------------------------------------------------------------------------------
                                                                [system/00000000] DBMS: community record-aligned-1.1
                                                                [system/00000000] Kernel version: 5.26.0
                                                                [system/00000000] 
                                                                [system/00000000] --------------------------------------------------------------------------------
                                                                [system/00000000]                                 [ Store files ]                                 
                                                                [system/00000000] --------------------------------------------------------------------------------
                                                                [system/00000000] Disk space on partition (Total / Free / Free %): 1000240963584 / 562597384192 / 56
                                                                [system/00000000] Storage files stored on file store: fakeowner
                                                                [system/00000000] Storage files: (filename : modification date - size)
                                                                [system/00000000]   database_lock: 2025-04-12 03:17:56.494+0000 - 0B
                                                                [system/00000000]   neostore: 2025-04-12 03:17:56.316+0000 - 8.000KiB
                                                                [system/00000000]   neostore.counts.db: 2025-04-12 03:25:47.607+0000 - 48.00KiB
                                                                [system/00000000]   neostore.indexstats.db: 2025-04-12 03:25:47.628+0000 - 48.00KiB
                                                                [system/00000000]   neostore.labeltokenstore.db: 2025-04-12 03:24:58.997+0000 - 8.000KiB
                                                                [system/00000000]   neostore.labeltokenstore.db.id: 2025-04-12 03:25:47.576+0000 - 40.00KiB
                                                                [system/00000000]   neostore.labeltokenstore.db.names: 2025-04-12 03:24:58.999+0000 - 8.000KiB
                                                                [system/00000000]   neostore.labeltokenstore.db.names.id: 2025-04-12 03:25:47.571+0000 - 40.00KiB
                                                                [system/00000000]   neostore.nodestore.db: 2025-04-12 03:24:59.000+0000 - 8.000KiB
                                                                [system/00000000]   neostore.nodestore.db.id: 2025-04-12 03:25:47.521+0000 - 40.00KiB
                                                                [system/00000000]   neostore.nodestore.db.labels: 2025-04-12 03:17:56.249+0000 - 8.000KiB
                                                                [system/00000000]   neostore.nodestore.db.labels.id: 2025-04-12 03:25:47.512+0000 - 40.00KiB
                                                                [system/00000000]   neostore.propertystore.db: 2025-04-12 03:24:58.998+0000 - 8.000KiB
                                                                [system/00000000]   neostore.propertystore.db.arrays: 2025-04-12 03:17:56.275+0000 - 8.000KiB
                                                                [system/00000000]   neostore.propertystore.db.arrays.id: 2025-04-12 03:25:47.545+0000 - 40.00KiB
                                                                [system/00000000]   neostore.propertystore.db.id: 2025-04-12 03:25:47.550+0000 - 40.00KiB
                                                                [system/00000000]   neostore.propertystore.db.index: 2025-04-12 03:24:58.998+0000 - 8.000KiB
                                                                [system/00000000]   neostore.propertystore.db.index.id: 2025-04-12 03:25:47.535+0000 - 40.00KiB
                                                                [system/00000000]   neostore.propertystore.db.index.keys: 2025-04-12 03:24:59.001+0000 - 8.000KiB
                                                                [system/00000000]   neostore.propertystore.db.index.keys.id: 2025-04-12 03:25:47.526+0000 - 40.00KiB
                                                                [system/00000000]   neostore.propertystore.db.strings: 2025-04-12 03:24:59.001+0000 - 8.000KiB
                                                                [system/00000000]   neostore.propertystore.db.strings.id: 2025-04-12 03:25:47.540+0000 - 40.00KiB
                                                                [system/00000000]   neostore.relationshipgroupstore.db: 2025-04-12 03:17:56.308+0000 - 8.000KiB
                                                                [system/00000000]   neostore.relationshipgroupstore.db.id: 2025-04-12 03:25:47.584+0000 - 40.00KiB
                                                                [system/00000000]   neostore.relationshipgroupstore.degrees.db: 2025-04-12 03:25:47.621+0000 - 40.00KiB
                                                                [system/00000000]   neostore.relationshipstore.db: 2025-04-12 03:24:59.000+0000 - 8.000KiB
                                                                [system/00000000]   neostore.relationshipstore.db.id: 2025-04-12 03:25:47.555+0000 - 40.00KiB
                                                                [system/00000000]   neostore.relationshiptypestore.db: 2025-04-12 03:24:59.002+0000 - 8.000KiB
                                                                [system/00000000]   neostore.relationshiptypestore.db.id: 2025-04-12 03:25:47.564+0000 - 40.00KiB
                                                                [system/00000000]   neostore.relationshiptypestore.db.names: 2025-04-12 03:24:58.996+0000 - 8.000KiB
                                                                [system/00000000]   neostore.relationshiptypestore.db.names.id: 2025-04-12 03:25:47.560+0000 - 40.00KiB
                                                                [system/00000000]   neostore.schemastore.db: 2025-04-12 03:24:58.999+0000 - 8.000KiB
                                                                [system/00000000]   neostore.schemastore.db.id: 2025-04-12 03:25:47.581+0000 - 40.00KiB
                                                                [system/00000000]   schema:
                                                                [system/00000000]     index:
                                                                [system/00000000]       range-1.0:
                                                                [system/00000000]         3:
                                                                [system/00000000]           index-3: 2025-04-12 03:24:59.019+0000 - 48.00KiB
                                                                [system/00000000]         - Total: 2025-04-12 03:17:56.951+0000 - 48.00KiB
                                                                [system/00000000]         4:
                                                                [system/00000000]           index-4: 2025-04-12 03:24:59.020+0000 - 48.00KiB
                                                                [system/00000000]         - Total: 2025-04-12 03:17:57.001+0000 - 48.00KiB
                                                                [system/00000000]         7:
                                                                [system/00000000]           index-7: 2025-04-12 03:24:59.022+0000 - 48.00KiB
                                                                [system/00000000]         - Total: 2025-04-12 03:17:57.175+0000 - 48.00KiB
                                                                [system/00000000]         8:
                                                                [system/00000000]           index-8: 2025-04-12 03:24:59.025+0000 - 48.00KiB
                                                                [system/00000000]         - Total: 2025-04-12 03:17:57.200+0000 - 48.00KiB
                                                                [system/00000000]         9:
                                                                [system/00000000]           index-9: 2025-04-12 03:24:59.027+0000 - 48.00KiB
                                                                [system/00000000]         - Total: 2025-04-12 03:17:57.227+0000 - 48.00KiB
                                                                [system/00000000]       - Total: 2025-04-12 03:17:57.226+0000 - 240.0KiB
                                                                [system/00000000]       token-lookup-1.0:
                                                                [system/00000000]         1:
                                                                [system/00000000]           index-1: 2025-04-12 03:24:59.015+0000 - 48.00KiB
                                                                [system/00000000]         - Total: 2025-04-12 03:17:56.737+0000 - 48.00KiB
                                                                [system/00000000]         2:
                                                                [system/00000000]           index-2: 2025-04-12 03:24:59.017+0000 - 48.00KiB
                                                                [system/00000000]         - Total: 2025-04-12 03:17:56.782+0000 - 48.00KiB
                                                                [system/00000000]       - Total: 2025-04-12 03:17:56.781+0000 - 96.00KiB
                                                                [system/00000000]     - Total: 2025-04-12 03:17:56.949+0000 - 336.0KiB
                                                                [system/00000000]   - Total: 2025-04-12 03:17:56.734+0000 - 336.0KiB
                                                                [system/00000000] Storage summary: 
                                                                [system/00000000]   Total size of store: 1.125MiB
                                                                [system/00000000]   Total size of mapped files: 456.0KiB
                                                                [system/00000000] 
                                                                [system/00000000] --------------------------------------------------------------------------------
                                                                [system/00000000]                               [ Transaction log ]                               
                                                                [system/00000000] --------------------------------------------------------------------------------
                                                                [system/00000000] Transaction log files stored on file store: fakeowner
                                                                [system/00000000] Transaction log metadata:
                                                                [system/00000000]  - current kernel version used in transactions: V5_25
                                                                [system/00000000]  - last committed transaction id: 41
                                                                [system/00000000] Transaction log files:
                                                                [system/00000000]  - existing transaction log versions: 0-0
                                                                [system/00000000]  - oldest append index 2 found in log with version 0
                                                                [system/00000000]  - files: (filename : creation date - size)
                                                                [system/00000000]      neostore.transaction.db.0: 2025-04-12 03:17:57.279+0000 - 23.46KiB
                                                                [system/00000000]  - total size of files: 23.46KiB
                                                                [system/00000000] Checkpoint log files:
                                                                [system/00000000]  - existing checkpoint log versions: 0-0
                                                                [system/00000000]  - last checkpoint: CheckpointInfo[oldestNotVisibleTransactionLogPosition=LogPosition{logVersion=0, byteOffset=24028}, transactionLogPosition=LogPosition{logVersion=0, byteOffset=24028}, storeId=StoreId{creationTime=1744427876314, random=2370248569237093534, storageEngineName='record', formatName='aligned', majorVersion=1, minorVersion=1}, checkpointEntryPosition=LogPosition{logVersion=0, byteOffset=360}, channelPositionAfterCheckpoint=LogPosition{logVersion=0, byteOffset=592}, checkpointFilePostReadPosition=LogPosition{logVersion=0, byteOffset=592}, kernelVersion=KernelVersion{V5_25,version=20}, kernelVersionByte=20, transactionId=TransactionId[id=41, appendIndex=41, kernelVersion=KernelVersion{V5_25,version=20}, checksum=-1777325743, commitTimestamp=1744427877277, consensusIndex=-1], appendIndex=41, reason=Checkpoint triggered by "Database shutdown" @ txId: 41, append index: 41, consensusIndexInCheckpoint=true]
                                                                [system/00000000] 
                                                                [system/00000000] --------------------------------------------------------------------------------
                                                                [system/00000000]                                   [ Id usage ]                                  
                                                                [system/00000000] --------------------------------------------------------------------------------
                                                                [system/00000000] ArrayPropertyStore[neostore.nodestore.db.labels]: used=1 high=0
                                                                [system/00000000] NodeStore[neostore.nodestore.db]: used=7 high=6
                                                                [system/00000000] StringPropertyStore[neostore.propertystore.db.index.keys]: used=47 high=46
                                                                [system/00000000] PropertyIndexStore[neostore.propertystore.db.index]: used=33 high=32
                                                                [system/00000000] StringPropertyStore[neostore.propertystore.db.strings]: used=3 high=2
                                                                [system/00000000] ArrayPropertyStore[neostore.propertystore.db.arrays]: used=1 high=0
                                                                [system/00000000] PropertyStore[neostore.propertystore.db]: used=73 high=72
                                                                [system/00000000] RelationshipStore[neostore.relationshipstore.db]: used=3 high=2
                                                                [system/00000000] StringPropertyStore[neostore.relationshiptypestore.db.names]: used=3 high=2
                                                                [system/00000000] RelationshipTypeStore[neostore.relationshiptypestore.db]: used=2 high=1
                                                                [system/00000000] StringPropertyStore[neostore.labeltokenstore.db.names]: used=6 high=5
                                                                [system/00000000] LabelTokenStore[neostore.labeltokenstore.db]: used=5 high=4
                                                                [system/00000000] SchemaStore[neostore.schemastore.db]: used=13 high=12
                                                                [system/00000000] RelationshipGroupStore[neostore.relationshipgroupstore.db]: used=1 high=0
                                                                [system/00000000] NeoStore[neostore]: used=-1 high=-1
                                                                [system/00000000] 
                                                                [system/00000000] --------------------------------------------------------------------------------
                                                                [system/00000000]                                   [ Metadata ]                                  
                                                                [system/00000000] --------------------------------------------------------------------------------
                                                                [system/00000000] EXTERNAL_STORE_UUID (Database identifier exposed as external store identity. Generated on creation and never updated): c167f2b4-f952-498f-973a-83ccefbf92b8
                                                                [system/00000000] DATABASE_ID (The last used DatabaseId for this database): null
                                                                [system/00000000] LEGACY_STORE_VERSION (Legacy store format version. This field is used from 5.0 onwards only to distinguish non-migrated pre 5.0 metadata stores.): -3523014627327384477
                                                                [system/00000000] STORE_ID (Store ID): StoreId{creationTime=1744427876314, random=2370248569237093534, storageEngineName='record', formatName='aligned', majorVersion=1, minorVersion=1}
                                                                [system/00000000] 
2025-04-12 03:25:47.889+0000 INFO  [o.n.k.i.a.i.IndexingService] [system/00000000] IndexingService.init: indexes not specifically mentioned above are ONLINE. Total 7 indexes. Processed in 67ms
2025-04-12 03:25:47.894+0000 INFO  [o.n.k.a.DatabaseAvailabilityGuard] [system/00000000] Requirement `Database unavailable` makes database system unavailable.
2025-04-12 03:25:47.894+0000 INFO  [o.n.k.a.DatabaseAvailabilityGuard] [system/00000000] DatabaseId{00000000[system]} is unavailable.
2025-04-12 03:25:47.901+0000 WARN  [o.n.k.i.t.l.f.LogFileChannelNativeAccessor] [system/00000000] Unable to advise sequential access for transaction log version: 0. Error: ErrorCode=-1, errorMessage='Incorrect file descriptor.'
2025-04-12 03:25:47.902+0000 WARN  [o.n.k.i.t.l.f.LogFileChannelNativeAccessor] [system/00000000] Unable to advise preserve data in cache for transaction log version: 0. Error: ErrorCode=-1, errorMessage='Incorrect file descriptor.'
2025-04-12 03:25:47.903+0000 INFO  [o.n.k.d.Database] [system/00000000] Starting transaction log [/data/transactions/system/neostore.transaction.db.0] at version=0
2025-04-12 03:25:47.908+0000 WARN  [o.n.k.i.t.l.f.c.CheckpointFileChannelNativeAccessor] [system/00000000] Unable to advise sequential access for transaction log version: 0. Error: ErrorCode=-1, errorMessage='Incorrect file descriptor.'
2025-04-12 03:25:47.909+0000 WARN  [o.n.k.i.t.l.f.c.CheckpointFileChannelNativeAccessor] [system/00000000] Unable to advise preserve data in cache for transaction log version: 0. Error: ErrorCode=-1, errorMessage='Incorrect file descriptor.'
2025-04-12 03:25:47.910+0000 INFO  [o.n.k.d.Database] [system/00000000] Starting transaction log [/data/transactions/system/checkpoint.0] at version=0
2025-04-12 03:25:47.914+0000 WARN  [o.n.k.i.t.l.f.c.CheckpointFileChannelNativeAccessor] [system/00000000] Unable to advise sequential access for transaction log version: 0. Error: ErrorCode=-1, errorMessage='Incorrect file descriptor.'
2025-04-12 03:25:47.914+0000 WARN  [o.n.k.i.t.l.f.c.CheckpointFileChannelNativeAccessor] [system/00000000] Unable to advise preserve data in cache for transaction log version: 0. Error: ErrorCode=-1, errorMessage='Incorrect file descriptor.'
2025-04-12 03:25:47.916+0000 INFO  [o.n.k.i.t.l.f.c.CheckpointLogFile] [system/00000000] Scanning log file with version 0 for checkpoint entries
2025-04-12 03:25:47.917+0000 WARN  [o.n.k.i.t.l.f.c.CheckpointFileChannelNativeAccessor] [system/00000000] Unable to evict transaction log from cache with version: 0. Error: ErrorCode=-1, errorMessage='Incorrect file descriptor.'
2025-04-12 03:25:47.919+0000 WARN  [o.n.k.i.t.l.f.c.CheckpointFileChannelNativeAccessor] [system/00000000] Unable to advise sequential access for transaction log version: 0. Error: ErrorCode=-1, errorMessage='Incorrect file descriptor.'
2025-04-12 03:25:47.919+0000 WARN  [o.n.k.i.t.l.f.c.CheckpointFileChannelNativeAccessor] [system/00000000] Unable to advise preserve data in cache for transaction log version: 0. Error: ErrorCode=-1, errorMessage='Incorrect file descriptor.'
2025-04-12 03:25:47.920+0000 WARN  [o.n.k.i.t.l.f.c.CheckpointFileChannelNativeAccessor] [system/00000000] Unable to evict transaction log from cache with version: 0. Error: ErrorCode=-1, errorMessage='Incorrect file descriptor.'
2025-04-12 03:25:47.921+0000 WARN  [o.n.k.i.t.l.f.LogFileChannelNativeAccessor] [system/00000000] Unable to advise sequential access for transaction log version: 0. Error: ErrorCode=-1, errorMessage='Incorrect file descriptor.'
2025-04-12 03:25:47.922+0000 WARN  [o.n.k.i.t.l.f.LogFileChannelNativeAccessor] [system/00000000] Unable to advise preserve data in cache for transaction log version: 0. Error: ErrorCode=-1, errorMessage='Incorrect file descriptor.'
2025-04-12 03:25:47.924+0000 WARN  [o.n.k.i.t.l.f.LogFileChannelNativeAccessor] [system/00000000] Unable to advise sequential access for transaction log version: 0. Error: ErrorCode=-1, errorMessage='Incorrect file descriptor.'
2025-04-12 03:25:47.924+0000 WARN  [o.n.k.i.t.l.f.LogFileChannelNativeAccessor] [system/00000000] Unable to advise preserve data in cache for transaction log version: 0. Error: ErrorCode=-1, errorMessage='Incorrect file descriptor.'
2025-04-12 03:25:47.925+0000 WARN  [o.n.k.i.t.l.f.LogFileChannelNativeAccessor] [system/00000000] Unable to evict transaction log from cache with version: 0. Error: ErrorCode=-1, errorMessage='Incorrect file descriptor.'
2025-04-12 03:25:47.925+0000 WARN  [o.n.k.i.t.l.f.LogFileChannelNativeAccessor] [system/00000000] Unable to evict transaction log from cache with version: 0. Error: ErrorCode=-1, errorMessage='Incorrect file descriptor.'
2025-04-12 03:25:47.929+0000 INFO  [o.n.k.i.a.i.IndexingService] [system/00000000] IndexingService.start: indexes not specifically mentioned above are ONLINE. Total 7 indexes. Processed in 0ms
2025-04-12 03:25:47.937+0000 INFO  [o.n.k.a.DatabaseAvailabilityGuard] [system/00000000] Fulfilling of requirement 'Database unavailable' makes database system available.
2025-04-12 03:25:47.938+0000 INFO  [o.n.k.a.DatabaseAvailabilityGuard] [system/00000000] DatabaseId{00000000[system]} is ready.
2025-04-12 03:25:48.562+0000 WARN  [o.n.k.a.p.GlobalProcedures] Failed to load `com.neo4j.gds.core.write.CypherNodePropertyExporterBuilder` from plugin jar `/plugins/graph-data-science.jar`: java.lang.NoClassDefFoundError: com/neo4j/kernel/enterprise/api/security/EnterpriseLoginContext
2025-04-12 03:25:48.763+0000 WARN  [o.n.k.a.p.GlobalProcedures] Failed to load `org.antlr.v4.gui.TreeLayoutAdaptor` from plugin jar `/plugins/apoc-extended.jar`: java.lang.NoClassDefFoundError: org/abego/treelayout/TreeForTreeLayout
2025-04-12 03:25:48.783+0000 WARN  [o.n.k.a.p.GlobalProcedures] Failed to load `com.opencsv.bean.HeaderIndex` from plugin jar `/plugins/apoc.jar`: java.lang.NoClassDefFoundError: org/apache/commons/collections4/MultiValuedMap
2025-04-12 03:25:48.821+0000 WARN  [o.n.k.a.p.GlobalProcedures] Failed to load `com.neo4j.gds.shaded.io.netty.handler.codec.spdy.SpdyHeaderBlockJZlibEncoder` from plugin jar `/plugins/graph-data-science.jar`: java.lang.NoClassDefFoundError: com/neo4j/gds/shaded/com/jcraft/jzlib/Deflater
2025-04-12 03:25:48.844+0000 WARN  [o.n.k.a.p.GlobalProcedures] Failed to load `com.opencsv.bean.BeanFieldJoin` from plugin jar `/plugins/apoc.jar`: java.lang.NoClassDefFoundError: org/apache/commons/collections4/MultiValuedMap
2025-04-12 03:25:48.982+0000 WARN  [o.n.k.a.p.GlobalProcedures] Failed to load `com.neo4j.gds.shaded.io.netty.handler.codec.compression.LzfDecoder` from plugin jar `/plugins/graph-data-science.jar`: java.lang.NoClassDefFoundError: com/neo4j/gds/shaded/com/ning/compress/lzf/ChunkDecoder
2025-04-12 03:25:49.110+0000 WARN  [o.n.k.a.p.GlobalProcedures] Failed to load `apoc.nlp.NLPHelperFunctions` from plugin jar `/plugins/apoc-extended.jar`: java.lang.NoClassDefFoundError: kotlin/Pair
2025-04-12 03:25:49.376+0000 WARN  [o.n.k.a.p.GlobalProcedures] Failed to load `com.neo4j.gds.shaded.io.netty.handler.codec.marshalling.DefaultUnmarshallerProvider` from plugin jar `/plugins/graph-data-science.jar`: java.lang.NoClassDefFoundError: com/neo4j/gds/shaded/org/jboss/marshalling/Unmarshaller
2025-04-12 03:25:49.821+0000 WARN  [o.n.k.a.p.GlobalProcedures] Failed to load `com.neo4j.gds.shaded.org.ejml.ops.MatrixIO$MflAccess$IO` from plugin jar `/plugins/graph-data-science.jar`: java.lang.NoClassDefFoundError: us/hebi/matlab/mat/types/MatFile
2025-04-12 03:25:49.910+0000 WARN  [o.n.k.a.p.GlobalProcedures] Failed to load `com.neo4j.gds.shaded.io.netty.handler.codec.protobuf.ProtobufEncoderNano` from plugin jar `/plugins/graph-data-science.jar`: java.lang.NoClassDefFoundError: com/neo4j/gds/shaded/com/google/protobuf/nano/MessageNano
2025-04-12 03:25:49.929+0000 WARN  [o.n.k.a.p.GlobalProcedures] Failed to load `com.neo4j.gds.shaded.net.bytebuddy.dynamic.loading.ClassInjector$UsingJna$Dispatcher$Windows32BitFunctionMapper` from plugin jar `/plugins/graph-data-science.jar`: java.lang.NoClassDefFoundError: com/neo4j/gds/shaded/com/sun/jna/FunctionMapper
2025-04-12 03:25:50.001+0000 WARN  [o.n.k.a.p.GlobalProcedures] Failed to load `com.jayway.jsonpath.spi.json.JakartaJsonProvider$JsonArrayProxy$1` from plugin jar `/plugins/apoc.jar`: java.lang.NoClassDefFoundError: jakarta/json/JsonValue
2025-04-12 03:25:50.002+0000 WARN  [o.n.k.a.p.GlobalProcedures] Failed to load `com.jayway.jsonpath.spi.json.JakartaJsonProvider$JsonArrayProxy$2` from plugin jar `/plugins/apoc.jar`: java.lang.NoClassDefFoundError: jakarta/json/JsonValue
2025-04-12 03:25:50.226+0000 WARN  [o.n.k.a.p.GlobalProcedures] Failed to load `net.minidev.asm.BeansAccessBuilder` from plugin jar `/plugins/apoc.jar`: java.lang.NoClassDefFoundError: org/objectweb/asm/MethodVisitor
2025-04-12 03:25:50.373+0000 WARN  [o.n.k.a.p.GlobalProcedures] Failed to load `com.neo4j.gds.ClusterExporterBuilderCatalog$ExporterBuilderCreator` from plugin jar `/plugins/graph-data-science.jar`: java.lang.NoClassDefFoundError: com/neo4j/kernel/enterprise/api/security/EnterpriseLoginContext
2025-04-12 03:25:50.507+0000 WARN  [o.n.k.a.p.GlobalProcedures] Failed to load `com.neo4j.gds.shaded.io.netty.handler.codec.compression.JZlibEncoder` from plugin jar `/plugins/graph-data-science.jar`: java.lang.NoClassDefFoundError: com/neo4j/gds/shaded/com/jcraft/jzlib/Deflater
2025-04-12 03:25:50.799+0000 WARN  [o.n.k.a.p.GlobalProcedures] Failed to load `com.neo4j.gds.metrics.projections.PrometheusMetricsForProjectionsProvider` from plugin jar `/plugins/graph-data-science.jar`: java.lang.NoClassDefFoundError: io/prometheus/client/Counter
2025-04-12 03:25:50.810+0000 WARN  [o.n.k.a.p.GlobalProcedures] Failed to load `com.neo4j.gds.shaded.io.netty.handler.ssl.JettyNpnSslEngine$1` from plugin jar `/plugins/graph-data-science.jar`: java.lang.NoClassDefFoundError: com/neo4j/gds/shaded/org/eclipse/jetty/npn/NextProtoNego$ServerProvider
2025-04-12 03:25:50.812+0000 WARN  [o.n.k.a.p.GlobalProcedures] Failed to load `com.neo4j.gds.shaded.io.netty.handler.ssl.JettyNpnSslEngine$2` from plugin jar `/plugins/graph-data-science.jar`: java.lang.NoClassDefFoundError: com/neo4j/gds/shaded/org/eclipse/jetty/npn/NextProtoNego$ClientProvider
2025-04-12 03:25:50.991+0000 WARN  [o.n.k.a.p.GlobalProcedures] Failed to load `com.neo4j.gds.core.write.CypherNodeLabelExporterBuilder` from plugin jar `/plugins/graph-data-science.jar`: java.lang.NoClassDefFoundError: com/neo4j/kernel/enterprise/api/security/EnterpriseLoginContext
2025-04-12 03:25:51.056+0000 WARN  [o.n.k.a.p.GlobalProcedures] Failed to load `apoc.data.email.ExtractEmailHandler` from plugin jar `/plugins/apoc-extended.jar`: java.lang.NoClassDefFoundError: javax/mail/internet/AddressException
2025-04-12 03:25:51.263+0000 WARN  [o.n.k.a.p.GlobalProcedures] Failed to load `apoc.couchbase.CouchbaseConfig` from plugin jar `/plugins/apoc-extended.jar`: java.lang.NoClassDefFoundError: com/couchbase/client/core/retry/RetryStrategy
2025-04-12 03:25:51.366+0000 WARN  [o.n.k.a.p.GlobalProcedures] Failed to load `apoc.couchbase.CouchbaseConnection` from plugin jar `/plugins/apoc-extended.jar`: java.lang.NoClassDefFoundError: com/couchbase/client/core/env/Authenticator
2025-04-12 03:25:51.452+0000 WARN  [o.n.k.a.p.GlobalProcedures] Failed to load `apoc.nlp.azure.AzureProcedures$entities$2` from plugin jar `/plugins/apoc-extended.jar`: java.lang.NoClassDefFoundError: kotlin/jvm/functions/Function1
2025-04-12 03:25:51.523+0000 WARN  [o.n.k.a.p.GlobalProcedures] Failed to load `com.neo4j.gds.metrics.PrometheusExecutionMetricProvider` from plugin jar `/plugins/graph-data-science.jar`: java.lang.NoClassDefFoundError: io/prometheus/client/Counter
2025-04-12 03:25:51.795+0000 WARN  [o.n.k.a.p.GlobalProcedures] Failed to load `com.neo4j.gds.shaded.io.netty.handler.codec.compression.LzmaFrameEncoder` from plugin jar `/plugins/graph-data-science.jar`: java.lang.NoClassDefFoundError: lzma/sdk/lzma/Encoder
2025-04-12 03:25:51.919+0000 WARN  [o.n.k.a.p.GlobalProcedures] Failed to load `apoc.load.LoadHtmlBrowser` from plugin jar `/plugins/apoc-extended.jar`: java.lang.NoClassDefFoundError: org/openqa/selenium/TimeoutException
2025-04-12 03:25:51.953+0000 WARN  [o.n.k.a.p.GlobalProcedures] Failed to load `com.opencsv.bean.BeanFieldJoinStringIndex` from plugin jar `/plugins/apoc.jar`: java.lang.NoClassDefFoundError: org/apache/commons/collections4/MultiValuedMap
2025-04-12 03:25:52.017+0000 WARN  [o.n.k.a.p.GlobalProcedures] Failed to load `org.antlr.v4.gui.TreeViewer$VariableExtentProvide` from plugin jar `/plugins/apoc-extended.jar`: java.lang.NoClassDefFoundError: org/abego/treelayout/NodeExtentProvider
2025-04-12 03:25:52.026+0000 WARN  [o.n.k.a.p.GlobalProcedures] Failed to load `com.opencsv.bean.concurrent.BeanExecutor` from plugin jar `/plugins/apoc.jar`: java.lang.NoClassDefFoundError: org/apache/commons/collections4/ListValuedMap
2025-04-12 03:25:52.341+0000 WARN  [o.n.k.a.p.GlobalProcedures] Failed to load `com.neo4j.gds.shaded.io.netty.util.internal.Hidden$NettyBlockHoundIntegration$1` from plugin jar `/plugins/graph-data-science.jar`: java.lang.NoClassDefFoundError: reactor/blockhound/integration/BlockHoundIntegration
2025-04-12 03:25:52.429+0000 WARN  [o.n.k.a.p.GlobalProcedures] Failed to load `com.neo4j.gds.shaded.io.netty.handler.codec.marshalling.MarshallingEncoder` from plugin jar `/plugins/graph-data-science.jar`: java.lang.NoClassDefFoundError: com/neo4j/gds/shaded/org/jboss/marshalling/ByteOutput
2025-04-12 03:25:52.455+0000 WARN  [o.n.k.a.p.GlobalProcedures] Failed to load `com.neo4j.gds.shaded.io.netty.handler.codec.marshalling.DefaultMarshallerProvider` from plugin jar `/plugins/graph-data-science.jar`: java.lang.NoClassDefFoundError: com/neo4j/gds/shaded/org/jboss/marshalling/Marshaller
2025-04-12 03:25:52.468+0000 WARN  [o.n.k.a.p.GlobalProcedures] Failed to load `com.neo4j.gds.shaded.io.netty.handler.ssl.ConscryptAlpnSslEngine$ServerEngine` from plugin jar `/plugins/graph-data-science.jar`: java.lang.NoClassDefFoundError: com/neo4j/gds/shaded/org/conscrypt/BufferAllocator
2025-04-12 03:25:52.676+0000 WARN  [o.n.k.a.p.GlobalProcedures] Failed to load `com.opencsv.bean.BeanFieldJoinIntegerIndex` from plugin jar `/plugins/apoc.jar`: java.lang.NoClassDefFoundError: org/apache/commons/collections4/MultiValuedMap
2025-04-12 03:25:52.833+0000 WARN  [o.n.k.a.p.GlobalProcedures] Failed to load `com.neo4j.gds.metrics.CreatedGraphsMetric` from plugin jar `/plugins/graph-data-science.jar`: java.lang.NoClassDefFoundError: io/prometheus/client/Collector
2025-04-12 03:25:52.886+0000 WARN  [o.n.k.a.p.GlobalProcedures] Failed to load `apoc.nlp.NLPHelperFunctions$mergeRelationship$potentialRelationship$1` from plugin jar `/plugins/apoc-extended.jar`: java.lang.NoClassDefFoundError: kotlin/jvm/functions/Function1
2025-04-12 03:25:52.887+0000 WARN  [o.n.k.a.p.GlobalProcedures] Failed to load `apoc.nlp.NLPHelperFunctions$mergeRelationship$potentialRelationship$2` from plugin jar `/plugins/apoc-extended.jar`: java.lang.NoClassDefFoundError: kotlin/jvm/functions/Function1
2025-04-12 03:25:52.930+0000 WARN  [o.n.k.a.p.GlobalProcedures] Failed to load `META-INF.versions.9.org.yaml.snakeyaml.internal.Logger$Level` from plugin jar `/plugins/apoc-extended.jar`: java.lang.NoClassDefFoundError: org/yaml/snakeyaml/internal/Logger$Level (wrong name: META-INF/versions/9/org/yaml/snakeyaml/internal/Logger$Level)
2025-04-12 03:25:52.965+0000 WARN  [o.n.k.a.p.GlobalProcedures] Failed to load `com.neo4j.gds.metrics.ShutdownFailureMetric` from plugin jar `/plugins/graph-data-science.jar`: java.lang.NoClassDefFoundError: io/prometheus/client/Collector
2025-04-12 03:25:53.040+0000 WARN  [o.n.k.a.p.GlobalProcedures] Failed to load `com.opencsv.bean.AbstractMappingStrategy` from plugin jar `/plugins/apoc.jar`: java.lang.NoClassDefFoundError: org/apache/commons/collections4/MultiValuedMap
2025-04-12 03:25:53.059+0000 WARN  [o.n.k.a.p.GlobalProcedures] Failed to load `apoc.redis.RedisConnection` from plugin jar `/plugins/apoc-extended.jar`: java.lang.NoClassDefFoundError: io/lettuce/core/RedisClient
2025-04-12 03:25:53.111+0000 WARN  [o.n.k.a.p.GlobalProcedures] Failed to load `com.neo4j.gds.extension.MetricsLifecycle` from plugin jar `/plugins/graph-data-science.jar`: java.lang.NoClassDefFoundError: com/neo4j/metrics/MetricsManager
2025-04-12 03:25:53.254+0000 WARN  [o.n.k.a.p.GlobalProcedures] Failed to load `com.neo4j.gds.shaded.io.netty.handler.ssl.ConscryptAlpnSslEngine` from plugin jar `/plugins/graph-data-science.jar`: java.lang.NoClassDefFoundError: com/neo4j/gds/shaded/org/conscrypt/AllocatedBuffer
2025-04-12 03:25:53.405+0000 WARN  [o.n.k.a.p.GlobalProcedures] Failed to load `apoc.nlp.aws.RealAWSClient` from plugin jar `/plugins/apoc-extended.jar`: java.lang.NoClassDefFoundError: com/amazonaws/services/comprehend/model/BatchDetectSentimentResult
2025-04-12 03:25:53.449+0000 WARN  [o.n.k.a.p.GlobalProcedures] Failed to load `com.neo4j.gds.shaded.io.netty.handler.ssl.JettyAlpnSslEngine$ClientEngine$1` from plugin jar `/plugins/graph-data-science.jar`: java.lang.NoClassDefFoundError: com/neo4j/gds/shaded/org/eclipse/jetty/alpn/ALPN$ClientProvider
2025-04-12 03:25:53.568+0000 WARN  [o.n.k.a.p.GlobalProcedures] Failed to load `com.neo4j.gds.metrics.PrometheusMetricWithTimer` from plugin jar `/plugins/graph-data-science.jar`: java.lang.NoClassDefFoundError: io/prometheus/client/Counter
2025-04-12 03:25:53.609+0000 WARN  [o.n.k.a.p.GlobalProcedures] Failed to load `com.neo4j.gds.shaded.io.netty.handler.codec.compression.Lz4FrameDecoder` from plugin jar `/plugins/graph-data-science.jar`: java.lang.NoClassDefFoundError: net/jpountz/lz4/LZ4Exception
2025-04-12 03:25:53.758+0000 WARN  [o.n.k.a.p.GlobalProcedures] Failed to load `com.neo4j.gds.core.write.CypherRelationshipStreamExporterBuilder` from plugin jar `/plugins/graph-data-science.jar`: java.lang.NoClassDefFoundError: com/neo4j/kernel/enterprise/api/security/EnterpriseLoginContext
2025-04-12 03:25:53.776+0000 WARN  [o.n.k.a.p.GlobalProcedures] Failed to load `com.neo4j.gds.metrics.RestoreFailureMetric` from plugin jar `/plugins/graph-data-science.jar`: java.lang.NoClassDefFoundError: io/prometheus/client/Collector
2025-04-12 03:25:53.826+0000 WARN  [o.n.k.a.p.GlobalProcedures] Failed to load `com.neo4j.gds.shaded.io.netty.handler.ssl.ConscryptAlpnSslEngine$ClientEngine` from plugin jar `/plugins/graph-data-science.jar`: java.lang.NoClassDefFoundError: com/neo4j/gds/shaded/org/conscrypt/BufferAllocator
2025-04-12 03:25:53.880+0000 WARN  [o.n.k.a.p.GlobalProcedures] Failed to load `apoc.util.s3.S3Aws$1` from plugin jar `/plugins/apoc.jar`: java.lang.NoClassDefFoundError: com/amazonaws/services/s3/model/S3ObjectInputStream
2025-04-12 03:25:53.953+0000 WARN  [o.n.k.a.p.GlobalProcedures] Failed to load `com.neo4j.gds.shaded.org.reflections.vfs.JbossFile` from plugin jar `/plugins/graph-data-science.jar`: java.lang.NoClassDefFoundError: com/neo4j/gds/shaded/org/jboss/vfs/VirtualFile
2025-04-12 03:25:54.003+0000 WARN  [o.n.k.a.p.GlobalProcedures] Failed to load `apoc.nlp.azure.AzureProcedures` from plugin jar `/plugins/apoc-extended.jar`: java.lang.NoClassDefFoundError: kotlin/jvm/functions/Function1
2025-04-12 03:25:54.018+0000 WARN  [o.n.k.a.p.GlobalProcedures] Failed to load `net.minidev.asm.ASMUtil` from plugin jar `/plugins/apoc.jar`: java.lang.NoClassDefFoundError: org/objectweb/asm/MethodVisitor
2025-04-12 03:25:54.051+0000 WARN  [o.n.k.a.p.GlobalProcedures] Failed to load `com.jayway.jsonpath.spi.json.JakartaJsonProvider$JsonObjectProxy$1` from plugin jar `/plugins/apoc.jar`: java.lang.NoClassDefFoundError: jakarta/json/JsonObject
2025-04-12 03:25:54.156+0000 WARN  [o.n.k.a.p.GlobalProcedures] Failed to load `apoc.nlp.aws.AWSVirtualSentimentVirtualGraph` from plugin jar `/plugins/apoc-extended.jar`: java.lang.NoClassDefFoundError: com/amazonaws/services/comprehend/model/BatchDetectSentimentResult
2025-04-12 03:25:54.177+0000 WARN  [o.n.k.a.p.GlobalProcedures] Failed to load `com.neo4j.gds.ClusterExporterBuilderCatalog` from plugin jar `/plugins/graph-data-science.jar`: java.lang.NoClassDefFoundError: com/neo4j/kernel/enterprise/api/security/EnterpriseLoginContext
2025-04-12 03:25:54.247+0000 WARN  [o.n.k.a.p.GlobalProcedures] Failed to load `com.opencsv.bean.CsvToBeanBuilder` from plugin jar `/plugins/apoc.jar`: java.lang.NoClassDefFoundError: org/apache/commons/collections4/ListValuedMap
2025-04-12 03:25:54.297+0000 WARN  [o.n.k.a.p.GlobalProcedures] Failed to load `com.jayway.jsonpath.spi.json.JakartaJsonProvider$JsonArrayProxy` from plugin jar `/plugins/apoc.jar`: java.lang.NoClassDefFoundError: jakarta/json/JsonArray
2025-04-12 03:25:54.372+0000 WARN  [o.n.k.a.p.GlobalProcedures] Failed to load `com.neo4j.gds.shaded.org.reflections.vfs.JbossDir` from plugin jar `/plugins/graph-data-science.jar`: java.lang.NoClassDefFoundError: com/neo4j/gds/shaded/org/jboss/vfs/VirtualFile
2025-04-12 03:25:54.422+0000 WARN  [o.n.k.a.p.GlobalProcedures] Failed to load `org.antlr.v4.gui.TreePostScriptGenerator` from plugin jar `/plugins/apoc-extended.jar`: java.lang.NoClassDefFoundError: org/abego/treelayout/NodeExtentProvider
2025-04-12 03:25:54.447+0000 WARN  [o.n.k.a.p.GlobalProcedures] Failed to load `com.neo4j.gds.shaded.io.netty.handler.codec.compression.BrotliEncoder` from plugin jar `/plugins/graph-data-science.jar`: java.lang.NoClassDefFoundError: com/neo4j/gds/shaded/com/aayushatharva/brotli4j/encoder/Encoder$Parameters
2025-04-12 03:25:54.451+0000 WARN  [o.n.k.a.p.GlobalProcedures] Failed to load `com.neo4j.gds.metrics.AuraBackupTimeMetric` from plugin jar `/plugins/graph-data-science.jar`: java.lang.NoClassDefFoundError: io/prometheus/client/Collector
2025-04-12 03:25:54.519+0000 WARN  [o.n.k.a.p.GlobalProcedures] Failed to load `com.neo4j.gds.shaded.io.netty.handler.codec.marshalling.LimitingByteInput` from plugin jar `/plugins/graph-data-science.jar`: java.lang.NoClassDefFoundError: com/neo4j/gds/shaded/org/jboss/marshalling/ByteInput
2025-04-12 03:25:54.571+0000 WARN  [o.n.k.a.p.GlobalProcedures] Failed to load `com.neo4j.gds.shaded.io.netty.handler.codec.marshalling.ThreadLocalUnmarshallerProvider` from plugin jar `/plugins/graph-data-science.jar`: java.lang.NoClassDefFoundError: com/neo4j/gds/shaded/org/jboss/marshalling/Unmarshaller
2025-04-12 03:25:54.699+0000 WARN  [o.n.k.a.p.GlobalProcedures] Failed to load `com.neo4j.gds.shaded.io.netty.util.internal.Hidden` from plugin jar `/plugins/graph-data-science.jar`: java.lang.NoClassDefFoundError: reactor/blockhound/integration/BlockHoundIntegration
2025-04-12 03:25:54.703+0000 WARN  [o.n.k.a.p.GlobalProcedures] Failed to load `com.opencsv.bean.concurrent.AccumulateCsvResults` from plugin jar `/plugins/apoc.jar`: java.lang.NoClassDefFoundError: org/apache/commons/collections4/ListValuedMap
2025-04-12 03:25:54.801+0000 WARN  [o.n.k.a.p.GlobalProcedures] Failed to load `apoc.nlp.gcp.GCPProcedures` from plugin jar `/plugins/apoc-extended.jar`: java.lang.NoClassDefFoundError: kotlin/jvm/functions/Function1
2025-04-12 03:25:54.873+0000 WARN  [o.n.k.a.p.GlobalProcedures] Failed to load `com.neo4j.gds.shaded.io.netty.handler.ssl.ConscryptAlpnSslEngine$ClientEngine$1` from plugin jar `/plugins/graph-data-science.jar`: java.lang.NoClassDefFoundError: com/neo4j/gds/shaded/org/conscrypt/HandshakeListener
2025-04-12 03:25:54.930+0000 WARN  [o.n.k.a.p.GlobalProcedures] Failed to load `com.neo4j.gds.shaded.io.netty.handler.codec.marshalling.MarshallingDecoder` from plugin jar `/plugins/graph-data-science.jar`: java.lang.NoClassDefFoundError: com/neo4j/gds/shaded/org/jboss/marshalling/ByteInput
2025-04-12 03:25:54.989+0000 WARN  [o.n.k.a.p.GlobalProcedures] Failed to load `com.jayway.jsonpath.spi.json.JakartaJsonProvider` from plugin jar `/plugins/apoc.jar`: java.lang.NoClassDefFoundError: jakarta/json/JsonObject
2025-04-12 03:25:55.089+0000 WARN  [o.n.k.a.p.GlobalProcedures] Failed to load `apoc.couchbase.document.CouchbaseUtils` from plugin jar `/plugins/apoc-extended.jar`: java.lang.NoClassDefFoundError: com/couchbase/client/core/msg/kv/MutationToken
2025-04-12 03:25:55.121+0000 WARN  [o.n.k.a.p.GlobalProcedures] Failed to load `com.opencsv.bean.FieldMapByPosition$1` from plugin jar `/plugins/apoc.jar`: java.lang.NoClassDefFoundError: org/apache/commons/collections4/iterators/LazyIteratorChain
2025-04-12 03:25:55.147+0000 WARN  [o.n.k.a.p.GlobalProcedures] Failed to load `apoc.export.xls.ExportXlsHandler` from plugin jar `/plugins/apoc-extended.jar`: java.lang.NoClassDefFoundError: org/apache/poi/ss/usermodel/Row
2025-04-12 03:25:55.155+0000 WARN  [o.n.k.a.p.GlobalProcedures] Failed to load `apoc.couchbase.CouchbaseConfig$TrancoderConfig` from plugin jar `/plugins/apoc-extended.jar`: java.lang.NoClassDefFoundError: com/couchbase/client/java/codec/Transcoder
2025-04-12 03:25:55.200+0000 WARN  [o.n.k.a.p.GlobalProcedures] Failed to load `com.neo4j.gds.shaded.io.netty.handler.codec.compression.BrotliOptions` from plugin jar `/plugins/graph-data-science.jar`: java.lang.NoClassDefFoundError: com/neo4j/gds/shaded/com/aayushatharva/brotli4j/encoder/Encoder$Parameters
2025-04-12 03:25:55.228+0000 WARN  [o.n.k.a.p.GlobalProcedures] Failed to load `com.neo4j.gds.metrics.procedures.PrometheusDeprecatedProceduresMetricRegistrar` from plugin jar `/plugins/graph-data-science.jar`: java.lang.NoClassDefFoundError: io/prometheus/client/Counter
2025-04-12 03:25:55.247+0000 WARN  [o.n.k.a.p.GlobalProcedures] Failed to load `com.neo4j.gds.shaded.javassist.util.HotSwapper` from plugin jar `/plugins/graph-data-science.jar`: java.lang.NoClassDefFoundError: com/neo4j/gds/shaded/com/sun/jdi/request/EventRequest
2025-04-12 03:25:55.284+0000 WARN  [o.n.k.a.p.GlobalProcedures] Failed to load `com.jayway.jsonpath.spi.json.JsonOrgJsonProvider` from plugin jar `/plugins/apoc.jar`: java.lang.NoClassDefFoundError: org/json/JSONException
2025-04-12 03:25:55.477+0000 WARN  [o.n.k.a.p.GlobalProcedures] Failed to load `apoc.util.s3.S3Aws` from plugin jar `/plugins/apoc.jar`: java.lang.NoClassDefFoundError: com/amazonaws/auth/AWSCredentials
2025-04-12 03:25:55.534+0000 WARN  [o.n.k.a.p.GlobalProcedures] Failed to load `apoc.nlp.aws.AWSVirtualEntitiesGraph` from plugin jar `/plugins/apoc-extended.jar`: java.lang.NoClassDefFoundError: com/amazonaws/services/comprehend/model/BatchDetectEntitiesResult
2025-04-12 03:25:55.680+0000 WARN  [o.n.k.a.p.GlobalProcedures] Failed to load `com.opencsv.bean.concurrent.IntolerantThreadPoolExecutor` from plugin jar `/plugins/apoc.jar`: java.lang.NoClassDefFoundError: org/apache/commons/collections4/ListValuedMap
2025-04-12 03:25:55.709+0000 WARN  [o.n.k.a.p.GlobalProcedures] Failed to load `com.neo4j.gds.shaded.io.netty.handler.codec.marshalling.MarshallerProvider` from plugin jar `/plugins/graph-data-science.jar`: java.lang.NoClassDefFoundError: com/neo4j/gds/shaded/org/jboss/marshalling/Marshaller
2025-04-12 03:25:55.714+0000 WARN  [o.n.k.a.p.GlobalProcedures] Failed to load `apoc.nlp.azure.AzureProcedures$keyPhrases$2` from plugin jar `/plugins/apoc-extended.jar`: java.lang.NoClassDefFoundError: kotlin/jvm/functions/Function1
2025-04-12 03:25:55.760+0000 WARN  [o.n.k.a.p.GlobalProcedures] Failed to load `com.neo4j.gds.shaded.io.netty.handler.codec.compression.ZstdDecoder` from plugin jar `/plugins/graph-data-science.jar`: java.lang.NoClassDefFoundError: com/neo4j/gds/shaded/com/github/luben/zstd/ZstdInputStreamNoFinalizer
2025-04-12 03:25:55.773+0000 WARN  [o.n.k.a.p.GlobalProcedures] Failed to load `com.neo4j.gds.metrics.ShutdownTimeMetric` from plugin jar `/plugins/graph-data-science.jar`: java.lang.NoClassDefFoundError: io/prometheus/client/Collector
2025-04-12 03:25:55.806+0000 WARN  [o.n.k.a.p.GlobalProcedures] Failed to load `com.opencsv.bean.customconverter.ConvertFrenchToBoolean` from plugin jar `/plugins/apoc.jar`: java.lang.NoClassDefFoundError: org/apache/commons/beanutils/ConversionException
2025-04-12 03:25:55.809+0000 WARN  [o.n.k.a.p.GlobalProcedures] Failed to load `com.jayway.jsonpath.spi.mapper.JakartaMappingProvider$JsonObjectScope` from plugin jar `/plugins/apoc.jar`: java.lang.NoClassDefFoundError: jakarta/json/JsonValue
2025-04-12 03:25:55.923+0000 WARN  [o.n.k.a.p.GlobalProcedures] Failed to load `com.neo4j.gds.shaded.com.fasterxml.jackson.databind.ext.DOMDeserializer` from plugin jar `/plugins/graph-data-science.jar`: java.lang.NoClassDefFoundError: com/neo4j/gds/shaded/org/w3c/dom/Document
2025-04-12 03:25:55.993+0000 WARN  [o.n.k.a.p.GlobalProcedures] Failed to load `com.neo4j.gds.shaded.io.netty.handler.codec.marshalling.ContextBoundUnmarshallerProvider` from plugin jar `/plugins/graph-data-science.jar`: java.lang.NoClassDefFoundError: com/neo4j/gds/shaded/org/jboss/marshalling/Unmarshaller
2025-04-12 03:25:56.030+0000 WARN  [o.n.k.a.p.GlobalProcedures] Failed to load `com.opencsv.bean.StatefulBeanToCsvBuilder` from plugin jar `/plugins/apoc.jar`: java.lang.NoClassDefFoundError: org/apache/commons/collections4/ListValuedMap
2025-04-12 03:25:56.147+0000 WARN  [o.n.k.a.p.GlobalProcedures] Failed to load `com.neo4j.gds.shaded.io.netty.handler.codec.compression.JZlibDecoder` from plugin jar `/plugins/graph-data-science.jar`: java.lang.NoClassDefFoundError: com/neo4j/gds/shaded/com/jcraft/jzlib/Inflater
2025-04-12 03:25:56.209+0000 WARN  [o.n.k.a.p.GlobalProcedures] Failed to load `apoc.util.s3.S3OutputStream$S3UploadManager` from plugin jar `/plugins/apoc.jar`: java.lang.NoClassDefFoundError: com/amazonaws/services/s3/AmazonS3
2025-04-12 03:25:56.243+0000 WARN  [o.n.k.a.p.GlobalProcedures] Failed to load `com.opencsv.bean.ConverterPrimitiveTypes` from plugin jar `/plugins/apoc.jar`: java.lang.NoClassDefFoundError: org/apache/commons/beanutils/ConversionException
2025-04-12 03:25:56.443+0000 WARN  [o.n.k.a.p.GlobalProcedures] Failed to load `com.neo4j.gds.shaded.net.bytebuddy.dynamic.loading.ClassInjector$UsingJna$Dispatcher` from plugin jar `/plugins/graph-data-science.jar`: java.lang.NoClassDefFoundError: com/neo4j/gds/shaded/com/sun/jna/Library
2025-04-12 03:25:56.455+0000 WARN  [o.n.k.a.p.GlobalProcedures] Failed to load `com.jayway.jsonpath.spi.mapper.JakartaMappingProvider$JsonStructureScope` from plugin jar `/plugins/apoc.jar`: java.lang.NoClassDefFoundError: jakarta/json/JsonValue
2025-04-12 03:25:56.589+0000 WARN  [o.n.k.a.p.GlobalProcedures] Failed to load `com.neo4j.gds.shaded.com.fasterxml.jackson.databind.ext.DOMDeserializer$NodeDeserializer` from plugin jar `/plugins/graph-data-science.jar`: java.lang.NoClassDefFoundError: com/neo4j/gds/shaded/org/w3c/dom/Node
2025-04-12 03:25:56.604+0000 WARN  [o.n.k.a.p.GlobalProcedures] Failed to load `apoc.nlp.aws.AWSProcedures$sentimentStream$2` from plugin jar `/plugins/apoc-extended.jar`: java.lang.NoClassDefFoundError: kotlin/jvm/functions/Function1
2025-04-12 03:25:56.606+0000 WARN  [o.n.k.a.p.GlobalProcedures] Failed to load `apoc.mongodb.MongoDbCollInterface` from plugin jar `/plugins/apoc-extended.jar`: java.lang.NoClassDefFoundError: org/bson/Document
2025-04-12 03:25:56.636+0000 WARN  [o.n.k.a.p.GlobalProcedures] Failed to load `org.antlr.v4.gui.TreePostScriptGenerator$VariableExtentProvide` from plugin jar `/plugins/apoc-extended.jar`: java.lang.NoClassDefFoundError: org/abego/treelayout/NodeExtentProvider
2025-04-12 03:25:56.740+0000 WARN  [o.n.k.a.p.GlobalProcedures] Failed to load `com.neo4j.gds.shaded.io.netty.handler.ssl.JettyAlpnSslEngine$ServerEngine$1` from plugin jar `/plugins/graph-data-science.jar`: java.lang.NoClassDefFoundError: com/neo4j/gds/shaded/org/eclipse/jetty/alpn/ALPN$ServerProvider
2025-04-12 03:25:56.743+0000 WARN  [o.n.k.a.p.GlobalProcedures] Failed to load `com.neo4j.gds.shaded.io.netty.handler.ssl.JettyAlpnSslEngine$ServerEngine` from plugin jar `/plugins/graph-data-science.jar`: java.lang.NoClassDefFoundError: com/neo4j/gds/shaded/org/eclipse/jetty/alpn/ALPN$Provider
2025-04-12 03:25:56.781+0000 WARN  [o.n.k.a.p.GlobalProcedures] Failed to load `apoc.nlp.aws.AWSClient` from plugin jar `/plugins/apoc-extended.jar`: java.lang.NoClassDefFoundError: com/amazonaws/services/comprehend/model/BatchDetectSentimentResult
2025-04-12 03:25:56.813+0000 WARN  [o.n.k.a.p.GlobalProcedures] Failed to load `com.opencsv.bean.HeaderColumnNameTranslateMappingStrategy` from plugin jar `/plugins/apoc.jar`: java.lang.NoClassDefFoundError: org/apache/commons/collections4/MultiValuedMap
2025-04-12 03:25:56.847+0000 WARN  [o.n.k.a.p.GlobalProcedures] Failed to load `apoc.nlp.aws.AWSVirtualKeyPhrasesGraph` from plugin jar `/plugins/apoc-extended.jar`: java.lang.NoClassDefFoundError: com/amazonaws/services/comprehend/model/BatchDetectKeyPhrasesResult
2025-04-12 03:25:56.884+0000 WARN  [o.n.k.a.p.GlobalProcedures] Failed to load `com.opencsv.bean.MappingStrategy` from plugin jar `/plugins/apoc.jar`: java.lang.NoClassDefFoundError: org/apache/commons/collections4/MultiValuedMap
2025-04-12 03:25:56.934+0000 WARN  [o.n.k.a.p.GlobalProcedures] Failed to load `com.neo4j.gds.shaded.io.netty.handler.codec.marshalling.ChannelBufferByteOutput` from plugin jar `/plugins/graph-data-science.jar`: java.lang.NoClassDefFoundError: com/neo4j/gds/shaded/org/jboss/marshalling/ByteOutput
2025-04-12 03:25:57.066+0000 WARN  [o.n.k.a.p.GlobalProcedures] Failed to load `com.neo4j.gds.metrics.GdsMetric` from plugin jar `/plugins/graph-data-science.jar`: java.lang.NoClassDefFoundError: io/prometheus/client/Collector
2025-04-12 03:25:57.111+0000 WARN  [o.n.k.a.p.GlobalProcedures] Failed to load `com.neo4j.gds.metrics.AuraBackupFailureMetric$Listener` from plugin jar `/plugins/graph-data-science.jar`: java.lang.NoClassDefFoundError: io/prometheus/client/Counter
2025-04-12 03:25:57.125+0000 WARN  [o.n.k.a.p.GlobalProcedures] Failed to load `apoc.nlp.aws.AWSProcedures` from plugin jar `/plugins/apoc-extended.jar`: java.lang.NoClassDefFoundError: kotlin/jvm/functions/Function1
2025-04-12 03:25:57.204+0000 WARN  [o.n.k.a.p.GlobalProcedures] Failed to load `com.opencsv.bean.HeaderNameBaseMappingStrategy` from plugin jar `/plugins/apoc.jar`: java.lang.NoClassDefFoundError: org/apache/commons/collections4/MultiValuedMap
2025-04-12 03:25:57.253+0000 WARN  [o.n.k.a.p.GlobalProcedures] Failed to load `com.neo4j.gds.core.write.DefaultQueryRunner` from plugin jar `/plugins/graph-data-science.jar`: java.lang.NoClassDefFoundError: com/neo4j/kernel/enterprise/api/security/EnterpriseLoginContext
2025-04-12 03:25:57.291+0000 WARN  [o.n.k.a.p.GlobalProcedures] Failed to load `com.opencsv.bean.ColumnPositionMappingStrategy` from plugin jar `/plugins/apoc.jar`: java.lang.NoClassDefFoundError: org/apache/commons/collections4/MultiValuedMap
2025-04-12 03:25:57.372+0000 WARN  [o.n.k.a.p.GlobalProcedures] Failed to load `apoc.mongodb.MongoDBUtils` from plugin jar `/plugins/apoc-extended.jar`: java.lang.NoClassDefFoundError: org/bson/Document
2025-04-12 03:25:57.398+0000 WARN  [o.n.k.a.p.GlobalProcedures] Failed to load `com.neo4j.gds.shaded.io.netty.util.internal.Hidden$NettyBlockHoundIntegration` from plugin jar `/plugins/graph-data-science.jar`: java.lang.NoClassDefFoundError: reactor/blockhound/integration/BlockHoundIntegration
2025-04-12 03:25:57.537+0000 WARN  [o.n.k.a.p.GlobalProcedures] Failed to load `com.neo4j.gds.core.write.CypherRelationshipPropertiesExporterBuilder` from plugin jar `/plugins/graph-data-science.jar`: java.lang.NoClassDefFoundError: com/neo4j/kernel/enterprise/api/security/EnterpriseLoginContext
2025-04-12 03:25:57.578+0000 WARN  [o.n.k.a.p.GlobalProcedures] Failed to load `com.neo4j.gds.metrics.StoredModelsMetric` from plugin jar `/plugins/graph-data-science.jar`: java.lang.NoClassDefFoundError: io/prometheus/client/Collector
2025-04-12 03:25:57.638+0000 WARN  [o.n.k.a.p.GlobalProcedures] Failed to load `com.neo4j.gds.metrics.GdsMetrics` from plugin jar `/plugins/graph-data-science.jar`: java.lang.NoClassDefFoundError: io/prometheus/client/CollectorRegistry
2025-04-12 03:25:57.644+0000 WARN  [o.n.k.a.p.GlobalProcedures] Failed to load `com.neo4j.gds.shaded.io.netty.handler.ssl.ConscryptAlpnSslEngine$ServerEngine$1` from plugin jar `/plugins/graph-data-science.jar`: java.lang.NoClassDefFoundError: com/neo4j/gds/shaded/org/conscrypt/HandshakeListener
2025-04-12 03:25:57.678+0000 WARN  [o.n.k.a.p.GlobalProcedures] Failed to load `schemacrawler.tools.command.text.diagram.GraphvizJavaExecutorUtility` from plugin jar `/plugins/apoc-extended.jar`: java.lang.NoClassDefFoundError: guru/nidi/graphviz/engine/Format
2025-04-12 03:25:57.803+0000 WARN  [o.n.k.a.p.GlobalProcedures] Failed to load `apoc.mongodb.MongoDBColl` from plugin jar `/plugins/apoc-extended.jar`: java.lang.NoClassDefFoundError: org/bson/conversions/Bson
2025-04-12 03:25:57.820+0000 WARN  [o.n.k.a.p.GlobalProcedures] Failed to load `apoc.mongodb.MongoDbConfig` from plugin jar `/plugins/apoc-extended.jar`: java.lang.NoClassDefFoundError: org/bson/Document
2025-04-12 03:25:58.035+0000 WARN  [o.n.k.a.p.GlobalProcedures] Failed to load `com.neo4j.gds.metrics.AuraBackupFailureMetric` from plugin jar `/plugins/graph-data-science.jar`: java.lang.NoClassDefFoundError: io/prometheus/client/Collector
2025-04-12 03:25:58.066+0000 WARN  [o.n.k.a.p.GlobalProcedures] Failed to load `com.neo4j.gds.metrics.algorithms.PrometheusMetricsForAlgorithmsProvider` from plugin jar `/plugins/graph-data-science.jar`: java.lang.NoClassDefFoundError: io/prometheus/client/Counter
2025-04-12 03:25:58.174+0000 WARN  [o.n.k.a.p.GlobalProcedures] Failed to load `com.opencsv.bean.HeaderColumnNameMappingStrategy` from plugin jar `/plugins/apoc.jar`: java.lang.NoClassDefFoundError: org/apache/commons/collections4/MultiValuedMap
2025-04-12 03:25:58.189+0000 WARN  [o.n.k.a.p.GlobalProcedures] Failed to load `apoc.redis.StringRedisConnection` from plugin jar `/plugins/apoc-extended.jar`: java.lang.NoClassDefFoundError: io/lettuce/core/codec/RedisCodec
2025-04-12 03:25:58.204+0000 WARN  [o.n.k.a.p.GlobalProcedures] Failed to load `apoc.nlp.aws.DummyAWSClient` from plugin jar `/plugins/apoc-extended.jar`: java.lang.NoClassDefFoundError: com/amazonaws/services/comprehend/model/BatchDetectSentimentResult
2025-04-12 03:25:58.274+0000 WARN  [o.n.k.a.p.GlobalProcedures] Failed to load `com.neo4j.gds.shaded.io.netty.handler.codec.compression.StandardCompressionOptions` from plugin jar `/plugins/graph-data-science.jar`: java.lang.NoClassDefFoundError: com/neo4j/gds/shaded/com/aayushatharva/brotli4j/encoder/Encoder$Parameters
2025-04-12 03:25:58.297+0000 WARN  [o.n.k.a.p.GlobalProcedures] Failed to load `com.opencsv.bean.concurrent.LineExecutor` from plugin jar `/plugins/apoc.jar`: java.lang.NoClassDefFoundError: org/apache/commons/collections4/ListValuedMap
2025-04-12 03:25:58.324+0000 WARN  [o.n.k.a.p.GlobalProcedures] Failed to load `apoc.nlp.gcp.GCPProcedures$entitiesStream$2` from plugin jar `/plugins/apoc-extended.jar`: java.lang.NoClassDefFoundError: kotlin/jvm/functions/Function1
2025-04-12 03:25:58.348+0000 WARN  [o.n.k.a.p.GlobalProcedures] Failed to load `com.neo4j.gds.arrow.server.metrics.PrometheusFlightMetrics` from plugin jar `/plugins/graph-data-science.jar`: java.lang.NoClassDefFoundError: io/prometheus/client/Counter
2025-04-12 03:25:58.423+0000 WARN  [o.n.k.a.p.GlobalProcedures] Failed to load `com.neo4j.gds.shaded.io.netty.handler.codec.marshalling.UnmarshallerProvider` from plugin jar `/plugins/graph-data-science.jar`: java.lang.NoClassDefFoundError: com/neo4j/gds/shaded/org/jboss/marshalling/Unmarshaller
2025-04-12 03:25:58.436+0000 WARN  [o.n.k.a.p.GlobalProcedures] Failed to load `org.antlr.v4.unicode.UnicodeDataTemplateController` from plugin jar `/plugins/apoc-extended.jar`: java.lang.NoClassDefFoundError: com/ibm/icu/text/UnicodeSet
2025-04-12 03:25:58.463+0000 WARN  [o.n.k.a.p.GlobalProcedures] Failed to load `com.neo4j.gds.shaded.io.netty.handler.codec.compression.Lz4FrameEncoder` from plugin jar `/plugins/graph-data-science.jar`: java.lang.NoClassDefFoundError: net/jpountz/lz4/LZ4Exception
2025-04-12 03:25:58.533+0000 WARN  [o.n.k.a.p.GlobalProcedures] Failed to load `com.neo4j.gds.shaded.io.netty.handler.ssl.ConscryptAlpnSslEngine$BufferAdapter` from plugin jar `/plugins/graph-data-science.jar`: java.lang.NoClassDefFoundError: com/neo4j/gds/shaded/org/conscrypt/AllocatedBuffer
2025-04-12 03:25:58.580+0000 WARN  [o.n.k.a.p.GlobalProcedures] Failed to load `com.neo4j.gds.shaded.net.bytebuddy.dynamic.loading.ClassInjector$UsingJna$Dispatcher$Jvm` from plugin jar `/plugins/graph-data-science.jar`: java.lang.NoClassDefFoundError: com/neo4j/gds/shaded/com/sun/jna/Library
2025-04-12 03:25:58.686+0000 WARN  [o.n.k.a.p.GlobalProcedures] Failed to load `org.antlr.v4.gui.TreeViewer` from plugin jar `/plugins/apoc-extended.jar`: java.lang.NoClassDefFoundError: org/abego/treelayout/NodeExtentProvider
2025-04-12 03:25:58.741+0000 WARN  [o.n.k.a.p.GlobalProcedures] Failed to load `apoc.load.xls.LoadXlsHandler$XLSSpliterator` from plugin jar `/plugins/apoc-extended.jar`: java.lang.NoClassDefFoundError: org/apache/poi/ss/usermodel/Sheet
2025-04-12 03:25:58.816+0000 WARN  [o.n.k.a.p.GlobalProcedures] Failed to load `apoc.load.xls.LoadXlsHandler` from plugin jar `/plugins/apoc-extended.jar`: java.lang.NoClassDefFoundError: org/apache/poi/ss/usermodel/Cell
2025-04-12 03:25:58.916+0000 WARN  [o.n.k.a.p.GlobalProcedures] Failed to load `apoc.util.s3.S3URLConnection` from plugin jar `/plugins/apoc.jar`: java.lang.NoClassDefFoundError: com/amazonaws/ClientConfiguration
2025-04-12 03:25:58.944+0000 WARN  [o.n.k.a.p.GlobalProcedures] Failed to load `com.jayway.jsonpath.spi.json.JakartaJsonProvider$JsonObjectProxy` from plugin jar `/plugins/apoc.jar`: java.lang.NoClassDefFoundError: jakarta/json/JsonObject
2025-04-12 03:25:59.041+0000 WARN  [o.n.k.a.p.GlobalProcedures] Failed to load `com.neo4j.gds.shaded.io.netty.handler.codec.compression.LzfEncoder` from plugin jar `/plugins/graph-data-science.jar`: java.lang.NoClassDefFoundError: com/neo4j/gds/shaded/com/ning/compress/lzf/ChunkEncoder
2025-04-12 03:25:59.056+0000 WARN  [o.n.k.a.p.GlobalProcedures] Failed to load `com.neo4j.gds.shaded.io.netty.handler.codec.compression.BrotliDecoder` from plugin jar `/plugins/graph-data-science.jar`: java.lang.NoClassDefFoundError: com/neo4j/gds/shaded/com/aayushatharva/brotli4j/decoder/DecoderJNI$Wrapper
2025-04-12 03:25:59.119+0000 WARN  [o.n.k.a.p.GlobalProcedures] Failed to load `apoc.nlp.azure.AzureProcedures$sentiment$2` from plugin jar `/plugins/apoc-extended.jar`: java.lang.NoClassDefFoundError: kotlin/jvm/functions/Function1
2025-04-12 03:25:59.147+0000 WARN  [o.n.k.a.p.GlobalProcedures] Failed to load `META-INF.versions.9.org.yaml.snakeyaml.internal.Logger` from plugin jar `/plugins/apoc-extended.jar`: java.lang.NoClassDefFoundError: org/yaml/snakeyaml/internal/Logger (wrong name: META-INF/versions/9/org/yaml/snakeyaml/internal/Logger)
2025-04-12 03:25:59.209+0000 WARN  [o.n.k.a.p.GlobalProcedures] Failed to load `META-INF.versions.9.module-info` from plugin jar `/plugins/apoc.jar`: java.lang.NoClassDefFoundError: META-INF/versions/9/module-info is not a class because access_flag ACC_MODULE is set
2025-04-12 03:25:59.263+0000 WARN  [o.n.k.a.p.GlobalProcedures] Failed to load `com.neo4j.gds.shaded.com.fasterxml.jackson.databind.ext.DOMSerializer` from plugin jar `/plugins/graph-data-science.jar`: java.lang.NoClassDefFoundError: com/neo4j/gds/shaded/org/w3c/dom/Node
2025-04-12 03:25:59.288+0000 WARN  [o.n.k.a.p.GlobalProcedures] Failed to load `com.opencsv.bean.customconverter.ConverterLanguageToBoolean` from plugin jar `/plugins/apoc.jar`: java.lang.NoClassDefFoundError: org/apache/commons/beanutils/ConversionException
2025-04-12 03:25:59.354+0000 WARN  [o.n.k.a.p.GlobalProcedures] Failed to load `com.neo4j.gds.shaded.io.netty.handler.ssl.BouncyCastlePemReader` from plugin jar `/plugins/graph-data-science.jar`: java.lang.NoClassDefFoundError: com/neo4j/gds/shaded/org/bouncycastle/openssl/jcajce/JcaPEMKeyConverter
2025-04-12 03:25:59.376+0000 WARN  [o.n.k.a.p.GlobalProcedures] Failed to load `com.neo4j.gds.metrics.CreatedModelsMetric` from plugin jar `/plugins/graph-data-science.jar`: java.lang.NoClassDefFoundError: io/prometheus/client/Collector
2025-04-12 03:25:59.494+0000 WARN  [o.n.k.a.p.GlobalProcedures] Failed to load `com.neo4j.gds.shaded.io.netty.handler.codec.marshalling.ThreadLocalMarshallerProvider` from plugin jar `/plugins/graph-data-science.jar`: java.lang.NoClassDefFoundError: com/neo4j/gds/shaded/org/jboss/marshalling/Marshaller
2025-04-12 03:25:59.652+0000 WARN  [o.n.k.a.p.GlobalProcedures] Failed to load `com.neo4j.gds.shaded.io.netty.util.internal.logging.CommonsLogger` from plugin jar `/plugins/graph-data-science.jar`: java.lang.NoClassDefFoundError: com/neo4j/gds/shaded/org/apache/commons/logging/Log
2025-04-12 03:25:59.655+0000 WARN  [o.n.k.a.p.GlobalProcedures] Failed to load `com.neo4j.gds.shaded.io.netty.handler.ssl.ConscryptAlpnSslEngine$BufferAllocatorAdapter` from plugin jar `/plugins/graph-data-science.jar`: java.lang.NoClassDefFoundError: com/neo4j/gds/shaded/org/conscrypt/BufferAllocator
2025-04-12 03:25:59.691+0000 WARN  [o.n.k.a.p.GlobalProcedures] Failed to load `com.neo4j.gds.metrics.LoadModelsMetric` from plugin jar `/plugins/graph-data-science.jar`: java.lang.NoClassDefFoundError: io/prometheus/client/Collector
2025-04-12 03:25:59.706+0000 WARN  [o.n.k.a.p.GlobalProcedures] Failed to load `com.jayway.jsonpath.spi.mapper.JakartaMappingProvider$JsonArrayScope` from plugin jar `/plugins/apoc.jar`: java.lang.NoClassDefFoundError: jakarta/json/JsonValue
2025-04-12 03:25:59.863+0000 WARN  [o.n.k.a.p.GlobalProcedures] Failed to load `com.neo4j.gds.shaded.io.netty.handler.ssl.JettyNpnSslEngine` from plugin jar `/plugins/graph-data-science.jar`: java.lang.NoClassDefFoundError: com/neo4j/gds/shaded/org/eclipse/jetty/npn/NextProtoNego$Provider
2025-04-12 03:25:59.873+0000 WARN  [o.n.k.a.p.GlobalProcedures] Failed to load `com.opencsv.bean.customconverter.ConvertGermanToBoolean` from plugin jar `/plugins/apoc.jar`: java.lang.NoClassDefFoundError: org/apache/commons/beanutils/ConversionException
2025-04-12 03:26:00.019+0000 WARN  [o.n.k.a.p.GlobalProcedures] Failed to load `apoc.util.google.cloud.GCStorageURLConnection` from plugin jar `/plugins/apoc.jar`: java.lang.NoClassDefFoundError: com/google/cloud/storage/Storage
2025-04-12 03:26:00.260+0000 WARN  [o.n.k.a.p.GlobalProcedures] Failed to load `com.neo4j.gds.metrics.ShutdownTimeMetric$Listener` from plugin jar `/plugins/graph-data-science.jar`: java.lang.NoClassDefFoundError: io/prometheus/client/Histogram
2025-04-12 03:26:00.261+0000 WARN  [o.n.k.a.p.GlobalProcedures] Failed to load `com.neo4j.gds.metrics.AuraBackupTimeMetric$Listener` from plugin jar `/plugins/graph-data-science.jar`: java.lang.NoClassDefFoundError: io/prometheus/client/Histogram
2025-04-12 03:26:00.267+0000 WARN  [o.n.k.a.p.GlobalProcedures] Failed to load `com.neo4j.gds.metrics.PrometheusExecutionMetricRegistrar` from plugin jar `/plugins/graph-data-science.jar`: java.lang.NoClassDefFoundError: io/prometheus/client/Counter
2025-04-12 03:26:00.323+0000 WARN  [o.n.k.a.p.GlobalProcedures] Failed to load `com.neo4j.gds.shaded.com.fasterxml.jackson.databind.ext.DOMDeserializer$DocumentDeserializer` from plugin jar `/plugins/graph-data-science.jar`: java.lang.NoClassDefFoundError: com/neo4j/gds/shaded/org/w3c/dom/Document
2025-04-12 03:26:00.326+0000 WARN  [o.n.k.a.p.GlobalProcedures] Failed to load `com.neo4j.gds.shaded.io.netty.handler.codec.compression.Lz4XXHash32` from plugin jar `/plugins/graph-data-science.jar`: java.lang.NoClassDefFoundError: net/jpountz/xxhash/XXHash32
2025-04-12 03:26:00.390+0000 WARN  [o.n.k.a.p.GlobalProcedures] Failed to load `com.neo4j.gds.shaded.io.netty.handler.codec.compression.ZlibUtil` from plugin jar `/plugins/graph-data-science.jar`: java.lang.NoClassDefFoundError: com/neo4j/gds/shaded/com/jcraft/jzlib/Inflater
2025-04-12 03:26:00.490+0000 WARN  [o.n.k.a.p.GlobalProcedures] Failed to load `apoc.nlp.aws.AWSProcedures$entitiesStream$2` from plugin jar `/plugins/apoc-extended.jar`: java.lang.NoClassDefFoundError: kotlin/jvm/functions/Function1
2025-04-12 03:26:00.531+0000 WARN  [o.n.k.a.p.GlobalProcedures] Failed to load `com.opencsv.bean.FuzzyMappingStrategy` from plugin jar `/plugins/apoc.jar`: java.lang.NoClassDefFoundError: org/apache/commons/collections4/MultiValuedMap
2025-04-12 03:26:00.551+0000 WARN  [o.n.k.a.p.GlobalProcedures] Failed to load `com.neo4j.gds.shaded.io.netty.handler.codec.marshalling.CompatibleMarshallingEncoder` from plugin jar `/plugins/graph-data-science.jar`: java.lang.NoClassDefFoundError: com/neo4j/gds/shaded/org/jboss/marshalling/ByteOutput
2025-04-12 03:26:00.563+0000 WARN  [o.n.k.a.p.GlobalProcedures] Failed to load `com.neo4j.gds.shaded.io.netty.handler.ssl.util.BouncyCastleSelfSignedCertGenerator` from plugin jar `/plugins/graph-data-science.jar`: java.lang.NoClassDefFoundError: com/neo4j/gds/shaded/org/bouncycastle/cert/X509v3CertificateBuilder
2025-04-12 03:26:00.683+0000 WARN  [o.n.k.a.p.GlobalProcedures] Failed to load `com.neo4j.gds.shaded.io.netty.handler.codec.marshalling.ChannelBufferByteInput` from plugin jar `/plugins/graph-data-science.jar`: java.lang.NoClassDefFoundError: com/neo4j/gds/shaded/org/jboss/marshalling/ByteInput
2025-04-12 03:26:00.753+0000 WARN  [o.n.k.a.p.GlobalProcedures] Failed to load `apoc.nlp.aws.AWSProcedures$keyPhrasesStream$2` from plugin jar `/plugins/apoc-extended.jar`: java.lang.NoClassDefFoundError: kotlin/jvm/functions/Function1
2025-04-12 03:26:00.828+0000 WARN  [o.n.k.a.p.GlobalProcedures] Failed to load `apoc.nlp.aws.AWSProcedures$Companion` from plugin jar `/plugins/apoc-extended.jar`: java.lang.NoClassDefFoundError: com/amazonaws/services/comprehend/model/BatchDetectSentimentResult
2025-04-12 03:26:01.008+0000 WARN  [o.n.k.a.p.GlobalProcedures] Failed to load `apoc.redis.IRedisConnection` from plugin jar `/plugins/apoc-extended.jar`: java.lang.NoClassDefFoundError: io/lettuce/core/ScriptOutputType
2025-04-12 03:26:01.055+0000 WARN  [o.n.k.a.p.GlobalProcedures] Failed to load `com.jayway.jsonpath.spi.mapper.JakartaMappingProvider$JsonStructureToParserAdapter` from plugin jar `/plugins/apoc.jar`: java.lang.NoClassDefFoundError: jakarta/json/stream/JsonParser
2025-04-12 03:26:01.063+0000 WARN  [o.n.k.a.p.GlobalProcedures] Failed to load `com.neo4j.gds.shaded.io.netty.handler.codec.compression.BrotliEncoder$Writer` from plugin jar `/plugins/graph-data-science.jar`: java.lang.NoClassDefFoundError: com/neo4j/gds/shaded/com/aayushatharva/brotli4j/encoder/BrotliEncoderChannel
2025-04-12 03:26:01.189+0000 WARN  [o.n.k.a.p.GlobalProcedures] Failed to load `com.opencsv.bean.StatefulBeanToCsv` from plugin jar `/plugins/apoc.jar`: java.lang.NoClassDefFoundError: org/apache/commons/collections4/MultiValuedMap
2025-04-12 03:26:01.220+0000 WARN  [o.n.k.a.p.GlobalProcedures] Failed to load `org.antlr.runtime.tree.DOTTreeGenerator` from plugin jar `/plugins/apoc-extended.jar`: java.lang.NoClassDefFoundError: org/antlr/stringtemplate/StringTemplate
2025-04-12 03:26:01.382+0000 WARN  [o.n.k.a.p.GlobalProcedures] Failed to load `com.neo4j.gds.core.write.CypherRelationshipExporterBuilder` from plugin jar `/plugins/graph-data-science.jar`: java.lang.NoClassDefFoundError: com/neo4j/kernel/enterprise/api/security/EnterpriseLoginContext
2025-04-12 03:26:01.436+0000 WARN  [o.n.k.a.p.GlobalProcedures] Failed to load `com.neo4j.gds.shaded.io.netty.util.internal.logging.Log4JLogger` from plugin jar `/plugins/graph-data-science.jar`: java.lang.NoClassDefFoundError: com/neo4j/gds/shaded/org/apache/log4j/Priority
2025-04-12 03:26:01.454+0000 WARN  [o.n.k.a.p.GlobalProcedures] Failed to load `com.neo4j.gds.shaded.net.bytebuddy.dynamic.loading.ClassInjector$UsingJna$Dispatcher$Enabled` from plugin jar `/plugins/graph-data-science.jar`: java.lang.NoClassDefFoundError: com/neo4j/gds/shaded/com/sun/jna/Library
2025-04-12 03:26:01.560+0000 WARN  [o.n.k.a.p.GlobalProcedures] Failed to load `apoc.nlp.aws.AWSVirtualSentimentVirtualGraph$Companion` from plugin jar `/plugins/apoc-extended.jar`: java.lang.NoClassDefFoundError: kotlin/Pair
2025-04-12 03:26:01.666+0000 WARN  [o.n.k.a.p.GlobalProcedures] Failed to load `com.jayway.jsonpath.spi.mapper.JakartaMappingProvider` from plugin jar `/plugins/apoc.jar`: java.lang.NoClassDefFoundError: jakarta/json/stream/JsonParser
2025-04-12 03:26:01.692+0000 WARN  [o.n.k.a.p.GlobalProcedures] Failed to load `com.neo4j.gds.shaded.io.netty.handler.ssl.JettyAlpnSslEngine$ClientEngine` from plugin jar `/plugins/graph-data-science.jar`: java.lang.NoClassDefFoundError: com/neo4j/gds/shaded/org/eclipse/jetty/alpn/ALPN$Provider
2025-04-12 03:26:01.799+0000 WARN  [o.n.k.a.p.GlobalProcedures] Failed to load `com.neo4j.gds.metrics.RestoreFailureMetric$Listener` from plugin jar `/plugins/graph-data-science.jar`: java.lang.NoClassDefFoundError: io/prometheus/client/Counter
2025-04-12 03:26:01.916+0000 WARN  [o.n.k.a.p.GlobalProcedures] Failed to load `apoc.redis.ByteArrayRedisConnection` from plugin jar `/plugins/apoc-extended.jar`: java.lang.NoClassDefFoundError: io/lettuce/core/codec/RedisCodec
2025-04-12 03:26:02.023+0000 WARN  [o.n.k.a.p.GlobalProcedures] Failed to load `apoc.nlp.gcp.GCPProcedures$classifyStream$2` from plugin jar `/plugins/apoc-extended.jar`: java.lang.NoClassDefFoundError: kotlin/jvm/functions/Function1
2025-04-12 03:26:02.025+0000 WARN  [o.n.k.a.p.GlobalProcedures] Failed to load `com.neo4j.gds.core.write.CypherRelationshipStreamExporter` from plugin jar `/plugins/graph-data-science.jar`: java.lang.NoClassDefFoundError: com/neo4j/kernel/enterprise/api/security/EnterpriseLoginContext
2025-04-12 03:26:02.039+0000 WARN  [o.n.k.a.p.GlobalProcedures] Failed to load `com.neo4j.gds.shaded.io.netty.util.internal.logging.Log4J2Logger` from plugin jar `/plugins/graph-data-science.jar`: java.lang.NoClassDefFoundError: com/neo4j/gds/shaded/org/apache/logging/log4j/spi/ExtendedLoggerWrapper
2025-04-12 03:26:02.063+0000 WARN  [o.n.k.a.p.GlobalProcedures] Failed to load `apoc.couchbase.CouchbaseManager` from plugin jar `/plugins/apoc-extended.jar`: java.lang.NoClassDefFoundError: com/couchbase/client/core/env/PasswordAuthenticator
2025-04-12 03:26:02.099+0000 WARN  [o.n.k.a.p.GlobalProcedures] Failed to load `com.neo4j.gds.shaded.org.reflections.serializers.XmlSerializer` from plugin jar `/plugins/graph-data-science.jar`: java.lang.NoClassDefFoundError: com/neo4j/gds/shaded/org/dom4j/Document
2025-04-12 03:26:02.128+0000 WARN  [o.n.k.a.p.GlobalProcedures] Failed to load `com.neo4j.gds.metrics.ShutdownFailureMetric$Listener` from plugin jar `/plugins/graph-data-science.jar`: java.lang.NoClassDefFoundError: io/prometheus/client/Counter
2025-04-12 03:26:02.180+0000 WARN  [o.n.k.a.p.GlobalProcedures] Failed to load `com.neo4j.gds.shaded.io.netty.handler.codec.marshalling.CompatibleMarshallingDecoder` from plugin jar `/plugins/graph-data-science.jar`: java.lang.NoClassDefFoundError: com/neo4j/gds/shaded/org/jboss/marshalling/ByteInput
2025-04-12 03:26:02.185+0000 WARN  [o.n.k.a.p.GlobalProcedures] Failed to load `apoc.couchbase.CouchbaseConfig$RetryConfig` from plugin jar `/plugins/apoc-extended.jar`: java.lang.NoClassDefFoundError: com/couchbase/client/core/retry/RetryStrategy
2025-04-12 03:26:04.373+0000 WARN  [o.n.k.a.p.GlobalProcedures] Use of @Procedure(deprecatedBy) without @Deprecated in apoc.convert.toTree
2025-04-12 03:26:04.684+0000 INFO  [o.n.s.s.s.UserSecurityGraphComponent] Performing postInitialization step for component 'security-users' with version 5 and status CURRENT
2025-04-12 03:26:04.685+0000 INFO  [o.n.s.s.s.UserSecurityGraphComponent] Updating the initial password in component 'security-users'
2025-04-12 03:26:04.716+0000 INFO  [o.n.d.d.DatabaseLifecycles] Creating 'DatabaseId{50b389a8[neo4j]}'.
2025-04-12 03:26:04.722+0000 INFO  [o.n.d.d.DatabaseLifecycles] Starting 'DatabaseId{50b389a8[neo4j]}'.
2025-04-12 03:26:04.748+0000 WARN  [o.n.k.i.t.l.f.c.CheckpointFileChannelNativeAccessor] [neo4j/50b389a8] Unable to advise sequential access for transaction log version: 0. Error: ErrorCode=-1, errorMessage='Incorrect file descriptor.'
2025-04-12 03:26:04.749+0000 WARN  [o.n.k.i.t.l.f.c.CheckpointFileChannelNativeAccessor] [neo4j/50b389a8] Unable to advise preserve data in cache for transaction log version: 0. Error: ErrorCode=-1, errorMessage='Incorrect file descriptor.'
2025-04-12 03:26:04.750+0000 INFO  [o.n.k.i.t.l.f.c.CheckpointLogFile] [neo4j/50b389a8] Scanning log file with version 0 for checkpoint entries
2025-04-12 03:26:04.750+0000 WARN  [o.n.k.i.t.l.f.c.CheckpointFileChannelNativeAccessor] [neo4j/50b389a8] Unable to evict transaction log from cache with version: 0. Error: ErrorCode=-1, errorMessage='Incorrect file descriptor.'
2025-04-12 03:26:04.752+0000 WARN  [o.n.k.i.t.l.f.c.CheckpointFileChannelNativeAccessor] [neo4j/50b389a8] Unable to advise sequential access for transaction log version: 0. Error: ErrorCode=-1, errorMessage='Incorrect file descriptor.'
2025-04-12 03:26:04.752+0000 WARN  [o.n.k.i.t.l.f.c.CheckpointFileChannelNativeAccessor] [neo4j/50b389a8] Unable to advise preserve data in cache for transaction log version: 0. Error: ErrorCode=-1, errorMessage='Incorrect file descriptor.'
2025-04-12 03:26:04.752+0000 WARN  [o.n.k.i.t.l.f.c.CheckpointFileChannelNativeAccessor] [neo4j/50b389a8] Unable to evict transaction log from cache with version: 0. Error: ErrorCode=-1, errorMessage='Incorrect file descriptor.'
2025-04-12 03:26:04.754+0000 WARN  [o.n.k.i.t.l.f.LogFileChannelNativeAccessor] [neo4j/50b389a8] Unable to advise sequential access for transaction log version: 0. Error: ErrorCode=-1, errorMessage='Incorrect file descriptor.'
2025-04-12 03:26:04.754+0000 WARN  [o.n.k.i.t.l.f.LogFileChannelNativeAccessor] [neo4j/50b389a8] Unable to advise preserve data in cache for transaction log version: 0. Error: ErrorCode=-1, errorMessage='Incorrect file descriptor.'
2025-04-12 03:26:04.755+0000 WARN  [o.n.k.i.t.l.f.LogFileChannelNativeAccessor] [neo4j/50b389a8] Unable to advise sequential access for transaction log version: 0. Error: ErrorCode=-1, errorMessage='Incorrect file descriptor.'
2025-04-12 03:26:04.755+0000 WARN  [o.n.k.i.t.l.f.LogFileChannelNativeAccessor] [neo4j/50b389a8] Unable to advise preserve data in cache for transaction log version: 0. Error: ErrorCode=-1, errorMessage='Incorrect file descriptor.'
2025-04-12 03:26:04.756+0000 WARN  [o.n.k.i.t.l.f.LogFileChannelNativeAccessor] [neo4j/50b389a8] Unable to evict transaction log from cache with version: 0. Error: ErrorCode=-1, errorMessage='Incorrect file descriptor.'
2025-04-12 03:26:04.756+0000 WARN  [o.n.k.i.t.l.f.LogFileChannelNativeAccessor] [neo4j/50b389a8] Unable to evict transaction log from cache with version: 0. Error: ErrorCode=-1, errorMessage='Incorrect file descriptor.'
2025-04-12 03:26:04.764+0000 INFO  [o.n.k.i.s.f.RecordFormatSelector] [neo4j/50b389a8] Selected RecordFormat:PageAlignedV5_0[aligned-1.1] record format from store /data/databases/neo4j
2025-04-12 03:26:04.764+0000 INFO  [o.n.k.i.s.f.RecordFormatSelector] [neo4j/50b389a8] Selected format from the store files: RecordFormat:PageAlignedV5_0[aligned-1.1]
2025-04-12 03:26:04.802+0000 WARN  [o.n.k.i.t.l.f.LogFileChannelNativeAccessor] [neo4j/50b389a8] Unable to advise sequential access for transaction log version: 0. Error: ErrorCode=-1, errorMessage='Incorrect file descriptor.'
2025-04-12 03:26:04.802+0000 WARN  [o.n.k.i.t.l.f.LogFileChannelNativeAccessor] [neo4j/50b389a8] Unable to advise preserve data in cache for transaction log version: 0. Error: ErrorCode=-1, errorMessage='Incorrect file descriptor.'
2025-04-12 03:26:04.802+0000 WARN  [o.n.k.i.t.l.f.LogFileChannelNativeAccessor] [neo4j/50b389a8] Unable to evict transaction log from cache with version: 0. Error: ErrorCode=-1, errorMessage='Incorrect file descriptor.'
2025-04-12 03:26:04.830+0000 WARN  [o.n.k.i.t.l.f.c.CheckpointFileChannelNativeAccessor] [neo4j/50b389a8] Unable to advise sequential access for transaction log version: 0. Error: ErrorCode=-1, errorMessage='Incorrect file descriptor.'
2025-04-12 03:26:04.831+0000 WARN  [o.n.k.i.t.l.f.c.CheckpointFileChannelNativeAccessor] [neo4j/50b389a8] Unable to advise preserve data in cache for transaction log version: 0. Error: ErrorCode=-1, errorMessage='Incorrect file descriptor.'
2025-04-12 03:26:04.831+0000 WARN  [o.n.k.i.t.l.f.c.CheckpointFileChannelNativeAccessor] [neo4j/50b389a8] Unable to evict transaction log from cache with version: 0. Error: ErrorCode=-1, errorMessage='Incorrect file descriptor.'
2025-04-12 03:26:04.832+0000 INFO  [o.n.i.d.DiagnosticsManager] [neo4j/50b389a8] 
                                                                [neo4j/50b389a8] ********************************************************************************
                                                                [neo4j/50b389a8]                               [ Database: neo4j ]                               
                                                                [neo4j/50b389a8] ********************************************************************************
                                                                [neo4j/50b389a8] --------------------------------------------------------------------------------
                                                                [neo4j/50b389a8]                                   [ Version ]                                   
                                                                [neo4j/50b389a8] --------------------------------------------------------------------------------
                                                                [neo4j/50b389a8] DBMS: community record-aligned-1.1
                                                                [neo4j/50b389a8] Kernel version: 5.26.0
                                                                [neo4j/50b389a8] 
                                                                [neo4j/50b389a8] --------------------------------------------------------------------------------
                                                                [neo4j/50b389a8]                                 [ Store files ]                                 
                                                                [neo4j/50b389a8] --------------------------------------------------------------------------------
                                                                [neo4j/50b389a8] Disk space on partition (Total / Free / Free %): 1000240963584 / 562598830080 / 56
                                                                [neo4j/50b389a8] Storage files stored on file store: fakeowner
                                                                [neo4j/50b389a8] Storage files: (filename : modification date - size)
                                                                [neo4j/50b389a8]   database_lock: 2025-04-12 03:17:57.365+0000 - 0B
                                                                [neo4j/50b389a8]   neostore: 2025-04-12 03:17:57.334+0000 - 8.000KiB
                                                                [neo4j/50b389a8]   neostore.counts.db: 2025-04-12 03:26:04.805+0000 - 40.00KiB
                                                                [neo4j/50b389a8]   neostore.indexstats.db: 2025-04-12 03:26:04.808+0000 - 48.00KiB
                                                                [neo4j/50b389a8]   neostore.labeltokenstore.db: 2025-04-12 03:17:57.329+0000 - 0B
                                                                [neo4j/50b389a8]   neostore.labeltokenstore.db.id: 2025-04-12 03:26:04.797+0000 - 40.00KiB
                                                                [neo4j/50b389a8]   neostore.labeltokenstore.db.names: 2025-04-12 03:17:57.327+0000 - 8.000KiB
                                                                [neo4j/50b389a8]   neostore.labeltokenstore.db.names.id: 2025-04-12 03:26:04.794+0000 - 40.00KiB
                                                                [neo4j/50b389a8]   neostore.nodestore.db: 2025-04-12 03:17:57.305+0000 - 0B
                                                                [neo4j/50b389a8]   neostore.nodestore.db.id: 2025-04-12 03:26:04.771+0000 - 40.00KiB
                                                                [neo4j/50b389a8]   neostore.nodestore.db.labels: 2025-04-12 03:17:57.303+0000 - 8.000KiB
                                                                [neo4j/50b389a8]   neostore.nodestore.db.labels.id: 2025-04-12 03:26:04.768+0000 - 40.00KiB
                                                                [neo4j/50b389a8]   neostore.propertystore.db: 2025-04-12 03:17:57.473+0000 - 8.000KiB
                                                                [neo4j/50b389a8]   neostore.propertystore.db.arrays: 2025-04-12 03:17:57.315+0000 - 8.000KiB
                                                                [neo4j/50b389a8]   neostore.propertystore.db.arrays.id: 2025-04-12 03:26:04.782+0000 - 40.00KiB
                                                                [neo4j/50b389a8]   neostore.propertystore.db.id: 2025-04-12 03:26:04.785+0000 - 40.00KiB
                                                                [neo4j/50b389a8]   neostore.propertystore.db.index: 2025-04-12 03:17:57.474+0000 - 8.000KiB
                                                                [neo4j/50b389a8]   neostore.propertystore.db.index.id: 2025-04-12 03:26:04.776+0000 - 40.00KiB
                                                                [neo4j/50b389a8]   neostore.propertystore.db.index.keys: 2025-04-12 03:17:57.475+0000 - 8.000KiB
                                                                [neo4j/50b389a8]   neostore.propertystore.db.index.keys.id: 2025-04-12 03:26:04.774+0000 - 40.00KiB
                                                                [neo4j/50b389a8]   neostore.propertystore.db.strings: 2025-04-12 03:17:57.313+0000 - 8.000KiB
                                                                [neo4j/50b389a8]   neostore.propertystore.db.strings.id: 2025-04-12 03:26:04.780+0000 - 40.00KiB
                                                                [neo4j/50b389a8]   neostore.relationshipgroupstore.db: 2025-04-12 03:17:57.333+0000 - 8.000KiB
                                                                [neo4j/50b389a8]   neostore.relationshipgroupstore.db.id: 2025-04-12 03:26:04.801+0000 - 40.00KiB
                                                                [neo4j/50b389a8]   neostore.relationshipgroupstore.degrees.db: 2025-04-12 03:26:04.806+0000 - 40.00KiB
                                                                [neo4j/50b389a8]   neostore.relationshipstore.db: 2025-04-12 03:17:57.320+0000 - 0B
                                                                [neo4j/50b389a8]   neostore.relationshipstore.db.id: 2025-04-12 03:26:04.787+0000 - 40.00KiB
                                                                [neo4j/50b389a8]   neostore.relationshiptypestore.db: 2025-04-12 03:17:57.325+0000 - 0B
                                                                [neo4j/50b389a8]   neostore.relationshiptypestore.db.id: 2025-04-12 03:26:04.791+0000 - 40.00KiB
                                                                [neo4j/50b389a8]   neostore.relationshiptypestore.db.names: 2025-04-12 03:17:57.323+0000 - 8.000KiB
                                                                [neo4j/50b389a8]   neostore.relationshiptypestore.db.names.id: 2025-04-12 03:26:04.790+0000 - 40.00KiB
                                                                [neo4j/50b389a8]   neostore.schemastore.db: 2025-04-12 03:17:57.472+0000 - 8.000KiB
                                                                [neo4j/50b389a8]   neostore.schemastore.db.id: 2025-04-12 03:26:04.799+0000 - 40.00KiB
                                                                [neo4j/50b389a8]   schema:
                                                                [neo4j/50b389a8]     index:
                                                                [neo4j/50b389a8]       token-lookup-1.0:
                                                                [neo4j/50b389a8]         1:
                                                                [neo4j/50b389a8]           index-1: 2025-04-12 03:24:58.907+0000 - 40.00KiB
                                                                [neo4j/50b389a8]         - Total: 2025-04-12 03:17:57.404+0000 - 40.00KiB
                                                                [neo4j/50b389a8]         2:
                                                                [neo4j/50b389a8]           index-2: 2025-04-12 03:24:58.909+0000 - 40.00KiB
                                                                [neo4j/50b389a8]         - Total: 2025-04-12 03:17:57.419+0000 - 40.00KiB
                                                                [neo4j/50b389a8]       - Total: 2025-04-12 03:17:57.417+0000 - 80.00KiB
                                                                [neo4j/50b389a8]     - Total: 2025-04-12 03:17:57.403+0000 - 80.00KiB
                                                                [neo4j/50b389a8]   - Total: 2025-04-12 03:17:57.403+0000 - 80.00KiB
                                                                [neo4j/50b389a8] Storage summary: 
                                                                [neo4j/50b389a8]   Total size of store: 856.0KiB
                                                                [neo4j/50b389a8]   Total size of mapped files: 168.0KiB
                                                                [neo4j/50b389a8] 
                                                                [neo4j/50b389a8] --------------------------------------------------------------------------------
                                                                [neo4j/50b389a8]                               [ Transaction log ]                               
                                                                [neo4j/50b389a8] --------------------------------------------------------------------------------
                                                                [neo4j/50b389a8] Transaction log files stored on file store: fakeowner
                                                                [neo4j/50b389a8] Transaction log metadata:
                                                                [neo4j/50b389a8]  - current kernel version used in transactions: V5_25
                                                                [neo4j/50b389a8]  - last committed transaction id: 3
                                                                [neo4j/50b389a8] Transaction log files:
                                                                [neo4j/50b389a8]  - existing transaction log versions: 0-0
                                                                [neo4j/50b389a8]  - oldest append index 2 found in log with version 0
                                                                [neo4j/50b389a8]  - files: (filename : creation date - size)
                                                                [neo4j/50b389a8]      neostore.transaction.db.0: 2025-04-12 03:17:57.400+0000 - 3.162KiB
                                                                [neo4j/50b389a8]  - total size of files: 3.162KiB
                                                                [neo4j/50b389a8] Checkpoint log files:
                                                                [neo4j/50b389a8]  - existing checkpoint log versions: 0-0
                                                                [neo4j/50b389a8]  - last checkpoint: CheckpointInfo[oldestNotVisibleTransactionLogPosition=LogPosition{logVersion=0, byteOffset=3238}, transactionLogPosition=LogPosition{logVersion=0, byteOffset=3238}, storeId=StoreId{creationTime=1744427877334, random=-1664405997626209182, storageEngineName='record', formatName='aligned', majorVersion=1, minorVersion=1}, checkpointEntryPosition=LogPosition{logVersion=0, byteOffset=360}, channelPositionAfterCheckpoint=LogPosition{logVersion=0, byteOffset=592}, checkpointFilePostReadPosition=LogPosition{logVersion=0, byteOffset=592}, kernelVersion=KernelVersion{V5_25,version=20}, kernelVersionByte=20, transactionId=TransactionId[id=3, appendIndex=3, kernelVersion=KernelVersion{V5_25,version=20}, checksum=238056564, commitTimestamp=1744427877396, consensusIndex=-1], appendIndex=3, reason=Checkpoint triggered by "Database shutdown" @ txId: 3, append index: 3, consensusIndexInCheckpoint=true]
                                                                [neo4j/50b389a8] 
                                                                [neo4j/50b389a8] --------------------------------------------------------------------------------
                                                                [neo4j/50b389a8]                                   [ Id usage ]                                  
                                                                [neo4j/50b389a8] --------------------------------------------------------------------------------
                                                                [neo4j/50b389a8] ArrayPropertyStore[neostore.nodestore.db.labels]: used=1 high=0
                                                                [neo4j/50b389a8] NodeStore[neostore.nodestore.db]: used=0 high=-1
                                                                [neo4j/50b389a8] StringPropertyStore[neostore.propertystore.db.index.keys]: used=20 high=19
                                                                [neo4j/50b389a8] PropertyIndexStore[neostore.propertystore.db.index]: used=10 high=9
                                                                [neo4j/50b389a8] StringPropertyStore[neostore.propertystore.db.strings]: used=1 high=0
                                                                [neo4j/50b389a8] ArrayPropertyStore[neostore.propertystore.db.arrays]: used=1 high=0
                                                                [neo4j/50b389a8] PropertyStore[neostore.propertystore.db]: used=8 high=7
                                                                [neo4j/50b389a8] RelationshipStore[neostore.relationshipstore.db]: used=0 high=-1
                                                                [neo4j/50b389a8] StringPropertyStore[neostore.relationshiptypestore.db.names]: used=1 high=0
                                                                [neo4j/50b389a8] RelationshipTypeStore[neostore.relationshiptypestore.db]: used=0 high=-1
                                                                [neo4j/50b389a8] StringPropertyStore[neostore.labeltokenstore.db.names]: used=1 high=0
                                                                [neo4j/50b389a8] LabelTokenStore[neostore.labeltokenstore.db]: used=0 high=-1
                                                                [neo4j/50b389a8] SchemaStore[neostore.schemastore.db]: used=3 high=2
                                                                [neo4j/50b389a8] RelationshipGroupStore[neostore.relationshipgroupstore.db]: used=1 high=0
                                                                [neo4j/50b389a8] NeoStore[neostore]: used=-1 high=-1
                                                                [neo4j/50b389a8] 
                                                                [neo4j/50b389a8] --------------------------------------------------------------------------------
                                                                [neo4j/50b389a8]                                   [ Metadata ]                                  
                                                                [neo4j/50b389a8] --------------------------------------------------------------------------------
                                                                [neo4j/50b389a8] EXTERNAL_STORE_UUID (Database identifier exposed as external store identity. Generated on creation and never updated): 64e37435-069e-48a9-8a3d-10b762762ec7
                                                                [neo4j/50b389a8] DATABASE_ID (The last used DatabaseId for this database): null
                                                                [neo4j/50b389a8] LEGACY_STORE_VERSION (Legacy store format version. This field is used from 5.0 onwards only to distinguish non-migrated pre 5.0 metadata stores.): -3523014627327384477
                                                                [neo4j/50b389a8] STORE_ID (Store ID): StoreId{creationTime=1744427877334, random=-1664405997626209182, storageEngineName='record', formatName='aligned', majorVersion=1, minorVersion=1}
                                                                [neo4j/50b389a8] 
2025-04-12 03:26:04.840+0000 INFO  [o.n.k.i.a.i.IndexingService] [neo4j/50b389a8] IndexingService.init: indexes not specifically mentioned above are ONLINE. Total 2 indexes. Processed in 4ms
2025-04-12 03:26:04.842+0000 INFO  [o.n.k.a.DatabaseAvailabilityGuard] [neo4j/50b389a8] Requirement `Database unavailable` makes database neo4j unavailable.
2025-04-12 03:26:04.842+0000 INFO  [o.n.k.a.DatabaseAvailabilityGuard] [neo4j/50b389a8] DatabaseId{50b389a8[neo4j]} is unavailable.
2025-04-12 03:26:04.844+0000 WARN  [o.n.k.i.t.l.f.LogFileChannelNativeAccessor] [neo4j/50b389a8] Unable to advise sequential access for transaction log version: 0. Error: ErrorCode=-1, errorMessage='Incorrect file descriptor.'
2025-04-12 03:26:04.844+0000 WARN  [o.n.k.i.t.l.f.LogFileChannelNativeAccessor] [neo4j/50b389a8] Unable to advise preserve data in cache for transaction log version: 0. Error: ErrorCode=-1, errorMessage='Incorrect file descriptor.'
2025-04-12 03:26:04.844+0000 INFO  [o.n.k.d.Database] [neo4j/50b389a8] Starting transaction log [/data/transactions/neo4j/neostore.transaction.db.0] at version=0
2025-04-12 03:26:04.847+0000 WARN  [o.n.k.i.t.l.f.c.CheckpointFileChannelNativeAccessor] [neo4j/50b389a8] Unable to advise sequential access for transaction log version: 0. Error: ErrorCode=-1, errorMessage='Incorrect file descriptor.'
2025-04-12 03:26:04.847+0000 WARN  [o.n.k.i.t.l.f.c.CheckpointFileChannelNativeAccessor] [neo4j/50b389a8] Unable to advise preserve data in cache for transaction log version: 0. Error: ErrorCode=-1, errorMessage='Incorrect file descriptor.'
2025-04-12 03:26:04.847+0000 INFO  [o.n.k.d.Database] [neo4j/50b389a8] Starting transaction log [/data/transactions/neo4j/checkpoint.0] at version=0
2025-04-12 03:26:04.849+0000 WARN  [o.n.k.i.t.l.f.c.CheckpointFileChannelNativeAccessor] [neo4j/50b389a8] Unable to advise sequential access for transaction log version: 0. Error: ErrorCode=-1, errorMessage='Incorrect file descriptor.'
2025-04-12 03:26:04.849+0000 WARN  [o.n.k.i.t.l.f.c.CheckpointFileChannelNativeAccessor] [neo4j/50b389a8] Unable to advise preserve data in cache for transaction log version: 0. Error: ErrorCode=-1, errorMessage='Incorrect file descriptor.'
2025-04-12 03:26:04.850+0000 INFO  [o.n.k.i.t.l.f.c.CheckpointLogFile] [neo4j/50b389a8] Scanning log file with version 0 for checkpoint entries
2025-04-12 03:26:04.850+0000 WARN  [o.n.k.i.t.l.f.c.CheckpointFileChannelNativeAccessor] [neo4j/50b389a8] Unable to evict transaction log from cache with version: 0. Error: ErrorCode=-1, errorMessage='Incorrect file descriptor.'
2025-04-12 03:26:04.852+0000 WARN  [o.n.k.i.t.l.f.c.CheckpointFileChannelNativeAccessor] [neo4j/50b389a8] Unable to advise sequential access for transaction log version: 0. Error: ErrorCode=-1, errorMessage='Incorrect file descriptor.'
2025-04-12 03:26:04.852+0000 WARN  [o.n.k.i.t.l.f.c.CheckpointFileChannelNativeAccessor] [neo4j/50b389a8] Unable to advise preserve data in cache for transaction log version: 0. Error: ErrorCode=-1, errorMessage='Incorrect file descriptor.'
2025-04-12 03:26:04.852+0000 WARN  [o.n.k.i.t.l.f.c.CheckpointFileChannelNativeAccessor] [neo4j/50b389a8] Unable to evict transaction log from cache with version: 0. Error: ErrorCode=-1, errorMessage='Incorrect file descriptor.'
2025-04-12 03:26:04.853+0000 WARN  [o.n.k.i.t.l.f.LogFileChannelNativeAccessor] [neo4j/50b389a8] Unable to advise sequential access for transaction log version: 0. Error: ErrorCode=-1, errorMessage='Incorrect file descriptor.'
2025-04-12 03:26:04.853+0000 WARN  [o.n.k.i.t.l.f.LogFileChannelNativeAccessor] [neo4j/50b389a8] Unable to advise preserve data in cache for transaction log version: 0. Error: ErrorCode=-1, errorMessage='Incorrect file descriptor.'
2025-04-12 03:26:04.854+0000 WARN  [o.n.k.i.t.l.f.LogFileChannelNativeAccessor] [neo4j/50b389a8] Unable to advise sequential access for transaction log version: 0. Error: ErrorCode=-1, errorMessage='Incorrect file descriptor.'
2025-04-12 03:26:04.854+0000 WARN  [o.n.k.i.t.l.f.LogFileChannelNativeAccessor] [neo4j/50b389a8] Unable to advise preserve data in cache for transaction log version: 0. Error: ErrorCode=-1, errorMessage='Incorrect file descriptor.'
2025-04-12 03:26:04.855+0000 WARN  [o.n.k.i.t.l.f.LogFileChannelNativeAccessor] [neo4j/50b389a8] Unable to evict transaction log from cache with version: 0. Error: ErrorCode=-1, errorMessage='Incorrect file descriptor.'
2025-04-12 03:26:04.855+0000 WARN  [o.n.k.i.t.l.f.LogFileChannelNativeAccessor] [neo4j/50b389a8] Unable to evict transaction log from cache with version: 0. Error: ErrorCode=-1, errorMessage='Incorrect file descriptor.'
2025-04-12 03:26:04.858+0000 INFO  [o.n.k.i.a.i.IndexingService] [neo4j/50b389a8] IndexingService.start: indexes not specifically mentioned above are ONLINE. Total 2 indexes. Processed in 0ms
2025-04-12 03:26:04.859+0000 INFO  [o.n.k.a.DatabaseAvailabilityGuard] [neo4j/50b389a8] Fulfilling of requirement 'Database unavailable' makes database neo4j available.
2025-04-12 03:26:04.860+0000 INFO  [o.n.k.a.DatabaseAvailabilityGuard] [neo4j/50b389a8] DatabaseId{50b389a8[neo4j]} is ready.
2025-04-12 03:26:04.862+0000 INFO  [o.n.u.UserDataCollector] Anonymous Usage Data is being sent to Neo4j, see https://neo4j.com/docs/usage-data/
2025-04-12 03:26:05.169+0000 INFO  [o.n.b.p.c.c.n.SocketNettyConnector] Bolt enabled on 0.0.0.0:7687.
2025-04-12 03:26:05.173+0000 WARN  [i.n.b.ServerBootstrap] Unknown channel option 'SO_REUSEADDR' for channel '[id: 0xe173efc5]'
2025-04-12 03:26:05.183+0000 INFO  [o.n.b.BoltServer] Bolt server started
2025-04-12 03:26:05.184+0000 INFO  [o.n.s.A.ServerComponentsLifecycleAdapter] Starting web server
2025-04-12 03:26:06.068+0000 INFO  [o.n.s.CommunityNeoWebServer] HTTP enabled on 0.0.0.0:7474.
2025-04-12 03:26:06.069+0000 INFO  [o.n.s.CommunityNeoWebServer] Remote interface available at http://localhost:7474/
2025-04-12 03:26:06.070+0000 INFO  [o.n.s.A.ServerComponentsLifecycleAdapter] Web server started.
2025-04-12 03:26:06.074+0000 INFO  [o.n.g.f.DatabaseManagementServiceFactory] id: 49CF2D8D3B7FD70C07A508DFEE8558ED67C621E30E97645DEE538D5C0BD578FA
2025-04-12 03:26:06.075+0000 INFO  [o.n.g.f.DatabaseManagementServiceFactory] name: system
2025-04-12 03:26:06.077+0000 INFO  [o.n.g.f.DatabaseManagementServiceFactory] creationDate: 2025-04-12T03:17:56.314Z
2025-04-12 03:26:44.325+0000 INFO  [o.n.g.f.DatabaseManagementServiceFactory] Shutdown started
2025-04-12 03:26:44.350+0000 INFO  [o.n.b.BoltServer] Requested Bolt server shutdown
2025-04-12 03:26:44.351+0000 INFO  [o.n.b.p.c.c.ConnectionRegistry] Stopping remaining idle connections for connector bolt-local
2025-04-12 03:26:44.352+0000 INFO  [o.n.b.p.c.c.ConnectionRegistry] Stopped 0 idling connections for connector bolt-local
2025-04-12 03:26:44.354+0000 INFO  [o.n.b.p.c.c.ConnectionRegistry] Stopping remaining idle connections for connector bolt
2025-04-12 03:26:44.354+0000 INFO  [o.n.b.p.c.c.ConnectionRegistry] Stopped 0 idling connections for connector bolt
2025-04-12 03:26:44.356+0000 INFO  [o.n.d.d.DatabaseLifecycles] Stopping 'DatabaseId{50b389a8[neo4j]}'.
2025-04-12 03:26:44.359+0000 INFO  [o.n.k.a.DatabaseAvailabilityGuard] [neo4j/50b389a8] Requirement `Database unavailable` makes database neo4j unavailable.
2025-04-12 03:26:44.359+0000 INFO  [o.n.k.a.DatabaseAvailabilityGuard] [neo4j/50b389a8] DatabaseId{50b389a8[neo4j]} is unavailable.
2025-04-12 03:26:44.362+0000 INFO  [o.n.k.d.Database] [neo4j/50b389a8] Waiting for closing transactions.
2025-04-12 03:26:44.363+0000 INFO  [o.n.k.d.Database] [neo4j/50b389a8] All transactions are closed.
2025-04-12 03:26:44.367+0000 INFO  [o.n.k.i.t.l.c.CheckPointerImpl] [neo4j/50b389a8] Checkpoint triggered by "Database shutdown" @ txId: 3, append index: 3 checkpoint started...
2025-04-12 03:26:44.406+0000 INFO  [o.n.k.i.t.l.c.CheckPointerImpl] [neo4j/50b389a8] Checkpoint triggered by "Database shutdown" @ txId: 3, append index: 3 checkpoint completed in 38ms. Checkpoint flushed 23 pages (0% of total available pages), in 23 IOs. Checkpoint performed with IO limit: unlimited, paused in total 0 times( 0 millis).
2025-04-12 03:26:44.411+0000 INFO  [o.n.k.i.t.l.p.LogPruningImpl] [neo4j/50b389a8] No log version pruned. The strategy used was '2 days'. 
2025-04-12 03:26:44.421+0000 WARN  [o.n.k.i.t.l.f.c.CheckpointFileChannelNativeAccessor] [neo4j/50b389a8] Unable to evict transaction log from cache with version: 0. Error: ErrorCode=-1, errorMessage='Incorrect file descriptor.'
2025-04-12 03:26:44.422+0000 WARN  [o.n.k.i.t.l.f.LogFileChannelNativeAccessor] [neo4j/50b389a8] Unable to evict transaction log from cache with version: 0. Error: ErrorCode=-1, errorMessage='Incorrect file descriptor.'
2025-04-12 03:26:44.454+0000 INFO  [o.n.d.d.DatabaseLifecycles] Stopped 'DatabaseId{50b389a8[neo4j]}' successfully.
2025-04-12 03:26:44.454+0000 INFO  [o.n.d.d.DatabaseLifecycles] Stopping 'DatabaseId{00000000[system]}'.
2025-04-12 03:26:44.579+0000 INFO  [o.n.k.a.DatabaseAvailabilityGuard] [system/00000000] Requirement `Database unavailable` makes database system unavailable.
2025-04-12 03:26:44.581+0000 INFO  [o.n.k.a.DatabaseAvailabilityGuard] [system/00000000] DatabaseId{00000000[system]} is unavailable.
2025-04-12 03:26:47.375+0000 INFO  [o.n.k.d.Database] [system/00000000] Waiting for closing transactions.
2025-04-12 03:26:47.375+0000 INFO  [o.n.k.d.Database] [system/00000000] All transactions are closed.
2025-04-12 03:26:47.376+0000 INFO  [o.n.k.i.t.l.c.CheckPointerImpl] [system/00000000] Checkpoint triggered by "Database shutdown" @ txId: 41, append index: 41 checkpoint started...
2025-04-12 03:26:47.411+0000 INFO  [o.n.k.i.t.l.c.CheckPointerImpl] [system/00000000] Checkpoint triggered by "Database shutdown" @ txId: 41, append index: 41 checkpoint completed in 34ms. Checkpoint flushed 28 pages (0% of total available pages), in 28 IOs. Checkpoint performed with IO limit: unlimited, paused in total 0 times( 0 millis).
2025-04-12 03:26:47.412+0000 INFO  [o.n.k.i.t.l.p.LogPruningImpl] [system/00000000] No log version pruned. The strategy used was '2 days'. 
2025-04-12 03:26:47.427+0000 WARN  [o.n.k.i.t.l.f.c.CheckpointFileChannelNativeAccessor] [system/00000000] Unable to evict transaction log from cache with version: 0. Error: ErrorCode=-1, errorMessage='Incorrect file descriptor.'
2025-04-12 03:26:47.427+0000 WARN  [o.n.k.i.t.l.f.LogFileChannelNativeAccessor] [system/00000000] Unable to evict transaction log from cache with version: 0. Error: ErrorCode=-1, errorMessage='Incorrect file descriptor.'
2025-04-12 03:26:47.449+0000 INFO  [o.n.d.d.DatabaseLifecycles] Stopped 'DatabaseId{00000000[system]}' successfully.
2025-04-12 03:26:47.450+0000 INFO  [o.n.b.BoltServer] Shutting down Bolt server
2025-04-12 03:26:52.499+0000 INFO  [o.n.b.p.c.c.ConnectionRegistry] Stopping 0 connections for connector bolt-local
2025-04-12 03:26:52.501+0000 INFO  [o.n.b.p.c.c.ConnectionRegistry] Stopped all remaining connections for connector bolt-local
2025-04-12 03:26:52.501+0000 INFO  [o.n.b.p.c.c.ConnectionRegistry] Stopping 0 connections for connector bolt
2025-04-12 03:26:52.502+0000 INFO  [o.n.b.p.c.c.ConnectionRegistry] Stopped all remaining connections for connector bolt
2025-04-12 03:34:08.635+0000 INFO  [o.n.g.f.m.GlobalModule] Logging config in use: Embedded default config 'default-server-logs.xml'
2025-04-12 03:34:08.787+0000 WARN  [o.n.k.i.JvmChecker] The max heap memory has not been configured. It is recommended that it is always explicitly configured, to ensure the system has a balanced configuration. Until then, a JVM computed heuristic of 2059403264 bytes is used instead. If you are running neo4j server, you need to configure server.memory.heap.max_size in neo4j.conf. If you are running neo4j embedded, you have to launch the JVM with -Xmx set to a value. You can run neo4j-admin server memory-recommendation for memory configuration suggestions.
2025-04-12 03:34:08.788+0000 WARN  [o.n.k.i.JvmChecker] The initial heap memory has not been configured. It is recommended that it is always explicitly configured, to ensure the system has a balanced configuration. Until then, a JVM computed heuristic of 130023424 bytes is used instead. If you are running neo4j server, you need to configure server.memory.heap.initial_size in neo4j.conf. If you are running neo4j embedded, you have to launch the JVM with -Xms set to a value. You can run neo4j-admin server memory-recommendation for memory configuration suggestions.
2025-04-12 03:34:08.921+0000 INFO  [o.n.i.d.DiagnosticsManager] 
                                                                ********************************************************************************
                                                                                             [ System diagnostics ]                             
                                                                ********************************************************************************
2025-04-12 03:34:08.922+0000 INFO  [o.n.i.d.DiagnosticsManager] 
                                                                --------------------------------------------------------------------------------
                                                                                         [ System memory information ]                          
                                                                --------------------------------------------------------------------------------
                                                                Total Physical memory: 7.667GiB
                                                                Free Physical memory: 5.608GiB
                                                                Committed virtual memory: 5.146GiB
                                                                Total swap space: 1024MiB
                                                                Free swap space: 1024MiB
                                                                
2025-04-12 03:34:08.922+0000 INFO  [o.n.i.d.DiagnosticsManager] 
                                                                --------------------------------------------------------------------------------
                                                                                           [ JVM memory information ]                           
                                                                --------------------------------------------------------------------------------
                                                                Free  memory: 91.45MiB
                                                                Total memory: 130.0MiB
                                                                Max   memory: 1.918GiB
                                                                Garbage Collector: G1 Young Generation: [G1 Eden Space, G1 Survivor Space, G1 Old Gen]
                                                                Garbage Collector: G1 Old Generation: [G1 Eden Space, G1 Survivor Space, G1 Old Gen]
                                                                Memory Pool: CodeHeap 'non-nmethods' (Non-heap memory): committed=2.438MiB, used=1.220MiB, max=5.566MiB, threshold=0B
                                                                Memory Pool: Metaspace (Non-heap memory): committed=21.94MiB, used=21.65MiB, max=-1B, threshold=0B
                                                                Memory Pool: CodeHeap 'profiled nmethods' (Non-heap memory): committed=4.688MiB, used=4.653MiB, max=117.2MiB, threshold=0B
                                                                Memory Pool: Compressed Class Space (Non-heap memory): committed=2.500MiB, used=2.336MiB, max=1.000GiB, threshold=0B
                                                                Memory Pool: G1 Eden Space (Heap memory): committed=69.00MiB, used=3.000MiB, max=-1B, threshold=?
                                                                Memory Pool: G1 Old Gen (Heap memory): committed=58.00MiB, used=32.29MiB, max=1.918GiB, threshold=0B
                                                                Memory Pool: G1 Survivor Space (Heap memory): committed=3.000MiB, used=2.757MiB, max=-1B, threshold=?
                                                                Memory Pool: CodeHeap 'non-profiled nmethods' (Non-heap memory): committed=2.438MiB, used=1.297MiB, max=117.2MiB, threshold=0B
                                                                
2025-04-12 03:34:08.923+0000 INFO  [o.n.i.d.DiagnosticsManager] 
                                                                --------------------------------------------------------------------------------
                                                                                        [ Operating system information ]                        
                                                                --------------------------------------------------------------------------------
                                                                Operating System: Linux; version: 6.5.11-linuxkit; arch: amd64; cpus: 4
                                                                Max number of file descriptors: 1048576
                                                                Number of open file descriptors: 258
                                                                Process id: 7
                                                                Byte order: LITTLE_ENDIAN
                                                                Local timezone: Etc/UTC
                                                                Memory page size: 4096
                                                                Unaligned memory access allowed: true
                                                                
2025-04-12 03:34:08.923+0000 INFO  [o.n.i.d.DiagnosticsManager] 
                                                                --------------------------------------------------------------------------------
                                                                                              [ JVM information ]                               
                                                                --------------------------------------------------------------------------------
                                                                VM Name: OpenJDK 64-Bit Server VM
                                                                VM Vendor: Eclipse Adoptium
                                                                VM Version: 17.0.13+11
                                                                JIT compiler: HotSpot 64-Bit Tiered Compilers
                                                                VM Arguments: [--add-opens=java.base/java.nio=ALL-UNNAMED, -Dfile.encoding=UTF-8]
                                                                
2025-04-12 03:34:08.923+0000 INFO  [o.n.i.d.DiagnosticsManager] 
                                                                --------------------------------------------------------------------------------
                                                                                               [ Java classpath ]                               
                                                                --------------------------------------------------------------------------------
                                                                 [classpath] /plugins/graph-data-science.jar
                                                                 [classpath] /var/lib/neo4j/lib/grpc-core-1.68.0.jar
                                                                 [classpath] /var/lib/neo4j/lib/jackson-module-jaxb-annotations-2.18.0.jar
                                                                 [classpath] /var/lib/neo4j/lib/neo4j-gql-status-5.26.0.jar
                                                                 [classpath] /var/lib/neo4j/lib/neo4j-index-5.26.0.jar
                                                                 [classpath] /var/lib/neo4j/lib/jaxb-runtime-2.3.2.jar
                                                                 [classpath] /var/lib/neo4j/lib/netty-transport-4.1.115.Final.jar
                                                                 [classpath] /var/lib/neo4j/lib/netty-codec-http2-4.1.115.Final.jar
                                                                 [classpath] /var/lib/neo4j/lib/neo4j-rewriting-5.26.0.jar
                                                                 [classpath] /var/lib/neo4j/lib/antlr4-runtime-4.13.2.jar
                                                                 [classpath] /var/lib/neo4j/lib/neo4j-cypher-expression-evaluator-5.26.0.jar
                                                                 [classpath] /var/lib/neo4j/lib/neo4j-cypher-physical-planning-5.26.0.jar
                                                                 [classpath] /var/lib/neo4j/lib/cypher-parser-common-5.26.0.jar
                                                                 [classpath] /var/lib/neo4j/lib/netty-common-4.1.115.Final.jar
                                                                 [classpath] /var/lib/neo4j/lib/neo4j-ssl-5.26.0.jar
                                                                 [classpath] /plugins/apoc-extended.jar
                                                                 [classpath] /var/lib/neo4j/lib/caffeine-3.1.8.jar
                                                                 [classpath] /var/lib/neo4j/lib/magnolia_2.13-1.1.8.jar
                                                                 [classpath] /var/lib/neo4j/lib/scala-library-2.13.11.jar
                                                                 [classpath] /var/lib/neo4j/lib/cypher-parser-ast-common-5.26.0.jar
                                                                 [classpath] /var/lib/neo4j/lib/commons-compress-1.27.1.jar
                                                                 [classpath] /var/lib/neo4j/lib/proto-google-common-protos-2.41.0.jar
                                                                 [classpath] /var/lib/neo4j/lib/protobuf-java-util-3.25.1.jar
                                                                 [classpath] /var/lib/neo4j/lib/neo4j-util-5.26.0.jar
                                                                 [classpath] /var/lib/neo4j/conf/*
                                                                 [classpath] /var/lib/neo4j/lib/parquet-column-1.14.3.jar
                                                                 [classpath] /var/lib/neo4j/lib/neo4j-common-5.26.0.jar
                                                                 [classpath] /var/lib/neo4j/lib/WMI4Java-1.6.3.jar
                                                                 [classpath] /var/lib/neo4j/lib/jakarta.xml.bind-api-2.3.2.jar
                                                                 [classpath] /var/lib/neo4j/lib/jProcesses-1.6.5.jar
                                                                 [classpath] /var/lib/neo4j/lib/grpc-stub-1.68.0.jar
                                                                 [classpath] /var/lib/neo4j/lib/neo4j-schema-5.26.0.jar
                                                                 [classpath] /var/lib/neo4j/lib/parquet-hadoop-1.14.3.jar
                                                                 [classpath] /var/lib/neo4j/lib/neo4j-fulltext-index-5.26.0.jar
                                                                 [classpath] /var/lib/neo4j/lib/netty-transport-native-epoll-4.1.115.Final-linux-aarch_64.jar
                                                                 [classpath] /var/lib/neo4j/lib/hk2-locator-2.6.1.jar
                                                                 [classpath] /var/lib/neo4j/lib/parquet-format-structures-1.14.3.jar
                                                                 [classpath] /var/lib/neo4j/lib/neo4j-consistency-check-5.26.0.jar
                                                                 [classpath] /var/lib/neo4j/lib/netty-resolver-4.1.115.Final.jar
                                                                 [classpath] /var/lib/neo4j/lib/animal-sniffer-annotations-1.24.jar
                                                                 [classpath] /var/lib/neo4j/lib/neo4j-push-to-cloud-5.26.0.jar
                                                                 [classpath] /var/lib/neo4j/lib/jetty-alpn-server-10.0.24.jar
                                                                 [classpath] /var/lib/neo4j/lib/eclipse-collections-api-11.1.0.jar
                                                                 [classpath] /var/lib/neo4j/lib/netty-codec-socks-4.1.115.Final.jar
                                                                 [classpath] /var/lib/neo4j/lib/grpc-context-1.68.0.jar
                                                                 [classpath] /var/lib/neo4j/lib/jetty-io-10.0.24.jar
                                                                 [classpath] /var/lib/neo4j/lib/neo4j-collections-5.26.0.jar
                                                                 [classpath] /var/lib/neo4j/lib/jansi-2.4.0.jar
                                                                 [classpath] /var/lib/neo4j/lib/cypher-v5-antlr-parser-5.26.0.jar
                                                                 [classpath] /var/lib/neo4j/lib/jline-terminal-3.21.0.jar
                                                                 [classpath] /var/lib/neo4j/lib/ipaddress-5.5.1.jar
                                                                 [classpath] /var/lib/neo4j/lib/neo4j-cypher-5.26.0.jar
                                                                 [classpath] /var/lib/neo4j/lib/lucene-queryparser-9.11.1.jar
                                                                 [classpath] /var/lib/neo4j/lib/neo4j-fabric-5.26.0.jar
                                                                 [classpath] /var/lib/neo4j/lib/neo4j-cypher-macros-5.26.0.jar
                                                                 [classpath] /var/lib/neo4j/lib/neo4j-import-tool-5.26.0.jar
                                                                 [classpath] /var/lib/neo4j/lib/parquet-common-1.14.3.jar
                                                                 [classpath] /var/lib/neo4j/lib/shiro-lang-2.0.1.jar
                                                                 [classpath] /var/lib/neo4j/lib/jackson-databind-2.18.0.jar
                                                                 [classpath] /var/lib/neo4j/lib/kiama_2.13-2.5.1.jar
                                                                 [classpath] /var/lib/neo4j/lib/zstd-jni-1.5.6-6.jar
                                                                 [classpath] /var/lib/neo4j/lib/jakarta.ws.rs-api-2.1.6.jar
                                                                 [classpath] /var/lib/neo4j/lib/cypher-antlr-common-5.26.0.jar
                                                                 [classpath] /var/lib/neo4j/lib/neo4j-security-5.26.0.jar
                                                                 [classpath] /var/lib/neo4j/lib/neo4j-cypher-config-5.26.0.jar
                                                                 [classpath] /var/lib/neo4j/lib/parquet-encoding-1.14.3.jar
                                                                 [classpath] /var/lib/neo4j/lib/cypher-v25-antlr-parser-5.26.0.jar
                                                                 [classpath] /var/lib/neo4j/lib/lucene-analysis-common-9.11.1.jar
                                                                 [classpath] /var/lib/neo4j/lib/neo4j-udc-5.26.0.jar
                                                                 [classpath] /var/lib/neo4j/lib/istack-commons-runtime-3.0.8.jar
                                                                 [classpath] /var/lib/neo4j/lib/jetty-servlet-api-4.0.6.jar
                                                                 [classpath] /var/lib/neo4j/lib/neo4j-cypher-runtime-util-5.26.0.jar
                                                                 [classpath] /var/lib/neo4j/lib/eclipse-collections-11.1.0.jar
                                                                 [classpath] /var/lib/neo4j/lib/cypher-antlr-ast-common-5.26.0.jar
                                                                 [classpath] /var/lib/neo4j/lib/jetty-xml-10.0.24.jar
                                                                 [classpath] /var/lib/neo4j/lib/neo4j-dbms-5.26.0.jar
                                                                 [classpath] /var/lib/neo4j/lib/commons-text-1.12.0.jar
                                                                 [classpath] /var/lib/neo4j/lib/neo4j-import-api-5.26.0.jar
                                                                 [classpath] /var/lib/neo4j/lib/neo4j-id-generator-5.26.0.jar
                                                                 [classpath] /var/lib/neo4j/lib/neo4j-csv-5.26.0.jar
                                                                 [classpath] /var/lib/neo4j/lib/neo4j-notifications-5.26.0.jar
                                                                 [classpath] /var/lib/neo4j/lib/grpc-protobuf-lite-1.68.0.jar
                                                                 [classpath] /var/lib/neo4j/lib/picocli-4.7.6.jar
                                                                 [classpath] /var/lib/neo4j/lib/jakarta.validation-api-2.0.2.jar
                                                                 [classpath] /var/lib/neo4j/lib/neo4j-import-util-5.26.0.jar
                                                                 [classpath] /var/lib/neo4j/lib/jackson-jaxrs-json-provider-2.18.0.jar
                                                                 [classpath] /var/lib/neo4j/lib/jackson-datatype-jdk8-2.17.0.jar
                                                                 [classpath] /var/lib/neo4j/lib/guava-33.3.1-jre.jar
                                                                 [classpath] /var/lib/neo4j/lib/cypher-v25-parser-listener-5.26.0.jar
                                                                 [classpath] /var/lib/neo4j/lib/hk2-utils-2.6.1.jar
                                                                 [classpath] /var/lib/neo4j/lib/stax-ex-1.8.1.jar
                                                                 [classpath] /var/lib/neo4j/lib/txw2-2.3.2.jar
                                                                 [classpath] /var/lib/neo4j/lib/log4j-api-2.20.0.jar
                                                                 [classpath] /var/lib/neo4j/lib/neo4j-spatial-index-5.26.0.jar
                                                                 [classpath] /var/lib/neo4j/lib/neo4j-cypher-planner-spi-5.26.0.jar
                                                                 [classpath] /var/lib/neo4j/lib/commons-io-2.17.0.jar
                                                                 [classpath] /var/lib/neo4j/lib/arrow-memory-core-17.0.0.jar
                                                                 [classpath] /var/lib/neo4j/lib/argparse4j-0.9.0.jar
                                                                 [classpath] /var/lib/neo4j/lib/log4j-core-2.20.0.jar
                                                                 [classpath] /var/lib/neo4j/lib/reactor-core-3.6.10.jar
                                                                 [classpath] /var/lib/neo4j/lib/neo4j-cypher-ast-factory-5.26.0.jar
                                                                 [classpath] /var/lib/neo4j/lib/grpc-protobuf-1.68.0.jar
                                                                 [classpath] /var/lib/neo4j/lib/jetty-security-10.0.24.jar
                                                                 [classpath] /var/lib/neo4j/lib/neo4j-kernel-5.26.0.jar
                                                                 [classpath] /var/lib/neo4j/lib/neo4j-cypher-cache-5.26.0.jar
                                                                 [classpath] /var/lib/neo4j/lib/neo4j-codegen-5.26.0.jar
                                                                 [classpath] /var/lib/neo4j/lib/neo4j-cypher-ir-5.26.0.jar
                                                                 [classpath] /var/lib/neo4j/lib/flight-core-17.0.0.jar
                                                                 [classpath] /var/lib/neo4j/lib/netty-handler-4.1.115.Final.jar
                                                                 [classpath] /var/lib/neo4j/lib/arrow-vector-17.0.0.jar
                                                                 [classpath] /var/lib/neo4j/lib/neo4j-kernel-api-5.26.0.jar
                                                                 [classpath] /var/lib/neo4j/lib/shiro-crypto-core-2.0.1.jar
                                                                 [classpath] /var/lib/neo4j/lib/http2-common-10.0.24.jar
                                                                 [classpath] /var/lib/neo4j/lib/lucene-backward-codecs-9.11.1.jar
                                                                 [classpath] /var/lib/neo4j/lib/neo4j-layout-5.26.0.jar
                                                                 [classpath] /var/lib/neo4j/lib/parquet-jackson-1.14.3.jar
                                                                 [classpath] /var/lib/neo4j/lib/neo4j-unsafe-5.26.0.jar
                                                                 [classpath] /var/lib/neo4j/lib/jackson-annotations-2.18.0.jar
                                                                 [classpath] /var/lib/neo4j/lib/jetty-http-10.0.24.jar
                                                                 [classpath] /var/lib/neo4j/lib/jetty-webapp-10.0.24.jar
                                                                 [classpath] /var/lib/neo4j/lib/cypher-ast-factory-5.26.0.jar
                                                                 [classpath] /var/lib/neo4j/lib/grpc-api-1.68.0.jar
                                                                 [classpath] /var/lib/neo4j/lib/neo4j-data-collector-5.26.0.jar
                                                                 [classpath] /var/lib/neo4j/lib/shiro-cache-2.0.1.jar
                                                                 [classpath] /var/lib/neo4j/lib/neo4j-cypher-interpreted-runtime-5.26.0.jar
                                                                 [classpath] /var/lib/neo4j/lib/netty-codec-4.1.115.Final.jar
                                                                 [classpath] /var/lib/neo4j/lib/netty-handler-proxy-4.1.115.Final.jar
                                                                 [classpath] /var/lib/neo4j/lib/scala-collection-contrib_2.13-0.3.0.jar
                                                                 [classpath] /var/lib/neo4j/lib/neo4j-cypher-slotted-runtime-5.26.0.jar
                                                                 [classpath] /var/lib/neo4j/lib/jersey-container-servlet-2.43.jar
                                                                 [classpath] /var/lib/neo4j/lib/neo4j-5.26.0.jar
                                                                 [classpath] /var/lib/neo4j/lib/neo4j-diagnostics-5.26.0.jar
                                                                 [classpath] /var/lib/neo4j/lib/neo4j-cloud-5.26.0.jar
                                                                 [classpath] /var/lib/neo4j/lib/commons-codec-1.17.1.jar
                                                                 [classpath] /var/lib/neo4j/lib/jetty-server-10.0.24.jar
                                                                 [classpath] /var/lib/neo4j/lib/jetty-util-10.0.24.jar
                                                                 [classpath] /var/lib/neo4j/lib/jPowerShell-3.0.jar
                                                                 [classpath] /var/lib/neo4j/lib/shiro-hashes-argon2-2.0.1.jar
                                                                 [classpath] /var/lib/neo4j/lib/neo4j-token-api-5.26.0.jar
                                                                 [classpath] /var/lib/neo4j/lib/reactive-streams-1.0.4.jar
                                                                 [classpath] /var/lib/neo4j/lib/cypher-v25-ast-factory-5.26.0.jar
                                                                 [classpath] /var/lib/neo4j/lib/neo4j-graphdb-api-5.26.0.jar
                                                                 [classpath] /var/lib/neo4j/lib/perfmark-api-0.27.0.jar
                                                                 [classpath] /var/lib/neo4j/lib/netty-transport-native-epoll-4.1.115.Final-linux-x86_64.jar
                                                                 [classpath] /var/lib/neo4j/lib/neo4j-concurrent-5.26.0.jar
                                                                 [classpath] /var/lib/neo4j/lib/netty-transport-native-unix-common-4.1.115.Final.jar
                                                                 [classpath] /var/lib/neo4j/lib/neo4j-cypher-rendering-5.26.0.jar
                                                                 [classpath] /var/lib/neo4j/lib/aircompressor-0.27.jar
                                                                 [classpath] /var/lib/neo4j/lib/cypher-v5-literal-interpreter-5.26.0.jar
                                                                 [classpath] /var/lib/neo4j/lib/http2-server-10.0.24.jar
                                                                 [classpath] /var/lib/neo4j/lib/neo4j-storage-engine-util-5.26.0.jar
                                                                 [classpath] /var/lib/neo4j/lib/neo4j-lucene-index-5.26.0.jar
                                                                 [classpath] /var/lib/neo4j/lib/shiro-crypto-hash-2.0.1.jar
                                                                 [classpath] /var/lib/neo4j/lib/arrow-memory-netty-17.0.0.jar
                                                                 [classpath] /var/lib/neo4j/lib/listenablefuture-9999.0-empty-to-avoid-conflict-with-guava.jar
                                                                 [classpath] /var/lib/neo4j/lib/failureaccess-1.0.2.jar
                                                                 [classpath] /var/lib/neo4j/lib/jaxb-api-2.2.12.jar
                                                                 [classpath] /var/lib/neo4j/lib/jersey-container-servlet-core-2.43.jar
                                                                 [classpath] /var/lib/neo4j/lib/neo4j-native-5.26.0.jar
                                                                 [classpath] /var/lib/neo4j/lib/neo4j-cypher-dsl-2024.2.0.jar
                                                                 [classpath] /var/lib/neo4j/lib/jersey-client-2.43.jar
                                                                 [classpath] /var/lib/neo4j/lib/neo4j-cypher-logical-plans-5.26.0.jar
                                                                 [classpath] /var/lib/neo4j/lib/grpc-netty-1.68.0.jar
                                                                 [classpath] /var/lib/neo4j/lib/shiro-core-2.0.1.jar
                                                                 [classpath] /var/lib/neo4j/lib/jersey-server-2.43.jar
                                                                 [classpath] /var/lib/neo4j/lib/netty-tcnative-classes-2.0.69.Final.jar
                                                                 [classpath] /var/lib/neo4j/lib/neo4j-cypher-javacc-parser-5.26.0.jar
                                                                 [classpath] /var/lib/neo4j/lib/javax.annotation-api-1.3.2.jar
                                                                 [classpath] /var/lib/neo4j/lib/neo4j-bolt-5.26.0.jar
                                                                 [classpath] /var/lib/neo4j/lib/jna-5.15.0.jar
                                                                 [classpath] /var/lib/neo4j/lib/http2-hpack-10.0.24.jar
                                                                 [classpath] /var/lib/neo4j/lib/annotations-5.26.0.jar
                                                                 [classpath] /var/lib/neo4j/lib/shiro-hashes-bcrypt-2.0.1.jar
                                                                 [classpath] /var/lib/neo4j/lib/neo4j-expressions-5.26.0.jar
                                                                 [classpath] /var/lib/neo4j/lib/netty-transport-classes-kqueue-4.1.115.Final.jar
                                                                 [classpath] /var/lib/neo4j/lib/cypher-v5-ast-factory-5.26.0.jar
                                                                 [classpath] /var/lib/neo4j/lib/neo4j-capabilities-5.26.0.jar
                                                                 [classpath] /var/lib/neo4j/lib/snappy-java-1.1.10.5.jar
                                                                 [classpath] /var/lib/neo4j/lib/netty-buffer-4.1.115.Final.jar
                                                                 [classpath] /var/lib/neo4j/lib/neo4j-slf4j-provider-5.26.0.jar
                                                                 [classpath] /var/lib/neo4j/lib/commons-configuration2-2.11.0.jar
                                                                 [classpath] /var/lib/neo4j/lib/neo4j-graph-algo-5.26.0.jar
                                                                 [classpath] /var/lib/neo4j/lib/netty-transport-native-kqueue-4.1.115.Final-osx-x86_64.jar
                                                                 [classpath] /var/lib/neo4j/lib/jline-terminal-jansi-3.21.0.jar
                                                                 [classpath] /var/lib/neo4j/lib/neo4j-server-5.26.0.jar
                                                                 [classpath] /var/lib/neo4j/lib/hk2-api-2.6.1.jar
                                                                 [classpath] /var/lib/neo4j/lib/neo4j-io-5.26.0.jar
                                                                 [classpath] /var/lib/neo4j/lib/shiro-config-core-2.0.1.jar
                                                                 [classpath] /var/lib/neo4j/lib/parquet-floor-1.47.jar
                                                                 [classpath] /var/lib/neo4j/lib/neo4j-command-line-5.26.0.jar
                                                                 [classpath] /var/lib/neo4j/lib/shiro-event-2.0.1.jar
                                                                 [classpath] /var/lib/neo4j/lib/jsr305-3.0.2.jar
                                                                 [classpath] /var/lib/neo4j/lib/neo4j-resource-5.26.0.jar
                                                                 [classpath] /var/lib/neo4j/lib/commons-logging-1.3.4.jar
                                                                 [classpath] /var/lib/neo4j/lib/jakarta.activation-api-1.2.2.jar
                                                                 [classpath] /var/lib/neo4j/lib/neo4j-values-5.26.0.jar
                                                                 [classpath] /var/lib/neo4j/lib/zstd-proxy-5.26.0.jar
                                                                 [classpath] /var/lib/neo4j/lib/commons-lang3-3.17.0.jar
                                                                 [classpath] /var/lib/neo4j/lib/neo4j-procedure-api-5.26.0.jar
                                                                 [classpath] /var/lib/neo4j/lib/jettison-1.5.4.jar
                                                                 [classpath] /var/lib/neo4j/lib/netty-codec-http-4.1.115.Final.jar
                                                                 [classpath] /var/lib/neo4j/lib/jakarta.inject-2.6.1.jar
                                                                 [classpath] /var/lib/neo4j/lib/slf4j-api-2.0.9.jar
                                                                 [classpath] /var/lib/neo4j/lib/cypher-parser-factory-5.26.0.jar
                                                                 [classpath] /var/lib/neo4j/lib/neo4j-logging-5.26.0.jar
                                                                 [classpath] /var/lib/neo4j/lib/neo4j-cypher-planner-5.26.0.jar
                                                                 [classpath] /var/lib/neo4j/lib/jline-reader-3.21.0.jar
                                                                 [classpath] /var/lib/neo4j/lib/gson-2.11.0.jar
                                                                 [classpath] /var/lib/neo4j/lib/arrow-format-17.0.0.jar
                                                                 [classpath] /var/lib/neo4j/lib/FastInfoset-1.2.16.jar
                                                                 [classpath] /var/lib/neo4j/lib/server-api-5.26.0.jar
                                                                 [classpath] /var/lib/neo4j/lib/javassist-3.30.2-GA.jar
                                                                 [classpath] /var/lib/neo4j/lib/cypher-v5-parser-listener-5.26.0.jar
                                                                 [classpath] /var/lib/neo4j/lib/neo4j-record-storage-engine-5.26.0.jar
                                                                 [classpath] /var/lib/neo4j/lib/jersey-hk2-2.43.jar
                                                                 [classpath] /var/lib/neo4j/lib/netty-transport-classes-epoll-4.1.115.Final.jar
                                                                 [classpath] /var/lib/neo4j/lib/shiro-crypto-cipher-2.0.1.jar
                                                                 [classpath] /var/lib/neo4j/lib/grpc-util-1.68.0.jar
                                                                 [classpath] /var/lib/neo4j/lib/netty-transport-native-kqueue-4.1.115.Final-osx-aarch_64.jar
                                                                 [classpath] /var/lib/neo4j/lib/flatbuffers-java-24.3.25.jar
                                                                 [classpath] /var/lib/neo4j/lib/cypher-shell-5.26.0.jar
                                                                 [classpath] /var/lib/neo4j/lib/jetty-servlet-10.0.24.jar
                                                                 [classpath] /var/lib/neo4j/lib/neo4j-ast-5.26.0.jar
                                                                 [classpath] /var/lib/neo4j/lib/neo4j-lock-5.26.0.jar
                                                                 [classpath] /var/lib/neo4j/lib/neo4j-front-end-5.26.0.jar
                                                                 [classpath] /var/lib/neo4j/lib/scala-reflect-2.13.11.jar
                                                                 [classpath] /var/lib/neo4j/lib/jetty-alpn-java-server-10.0.24.jar
                                                                 [classpath] /var/lib/neo4j/lib/neo4j-configuration-5.26.0.jar
                                                                 [classpath] /var/lib/neo4j/lib/jakarta.annotation-api-1.3.5.jar
                                                                 [classpath] /var/lib/neo4j/lib/protobuf-java-3.25.5.jar
                                                                 [classpath] /var/lib/neo4j/lib/jctools-core-4.0.5.jar
                                                                 [classpath] /var/lib/neo4j/lib/jackson-datatype-jsr310-2.17.1.jar
                                                                 [classpath] /var/lib/neo4j/lib/neo4j-procedure-5.26.0.jar
                                                                 [classpath] /var/lib/neo4j/lib/jackson-core-2.18.0.jar
                                                                 [classpath] /var/lib/neo4j/lib/neo4j-bootcheck-5.26.0.jar
                                                                 [classpath] /var/lib/neo4j/lib/neo4j-monitoring-5.26.0.jar
                                                                 [classpath] /var/lib/neo4j/lib/neo4j-query-router-5.26.0.jar
                                                                 [classpath] /var/lib/neo4j/lib/log4j-layout-template-json-2.20.0.jar
                                                                 [classpath] /var/lib/neo4j/lib/jersey-common-2.43.jar
                                                                 [classpath] /var/lib/neo4j/lib/neo4j-browser-5.26.0.jar
                                                                 [classpath] /var/lib/neo4j/lib/arrow-memory-netty-buffer-patch-17.0.0.jar
                                                                 [classpath] /var/lib/neo4j/lib/neo4j-wal-5.26.0.jar
                                                                 [classpath] /var/lib/neo4j/lib/neo4j-exceptions-5.26.0.jar
                                                                 [classpath] /var/lib/neo4j/lib/neo4j-java-driver-5.26.0.jar
                                                                 [classpath] /plugins/apoc.jar
                                                                 [classpath] /var/lib/neo4j/lib/lucene-core-9.11.1.jar
                                                                 [classpath] /var/lib/neo4j/lib/jackson-jaxrs-base-2.18.0.jar
                                                                
2025-04-12 03:34:08.924+0000 INFO  [o.n.i.d.DiagnosticsManager] 
                                                                --------------------------------------------------------------------------------
                                                                                                [ Library path ]                                
                                                                --------------------------------------------------------------------------------
                                                                /usr/java/packages/lib
                                                                /usr/lib64
                                                                /lib64
                                                                /lib
                                                                /usr/lib
                                                                
2025-04-12 03:34:08.924+0000 INFO  [o.n.i.d.DiagnosticsManager] 
                                                                --------------------------------------------------------------------------------
                                                                                             [ System properties ]                              
                                                                --------------------------------------------------------------------------------
                                                                sun.jnu.encoding = UTF-8
                                                                sun.arch.data.model = 64
                                                                user.timezone = Etc/UTC
                                                                sun.java.launcher = SUN_STANDARD
                                                                sun.boot.library.path = /opt/java/openjdk/lib
                                                                sun.java.command = org.neo4j.server.CommunityEntryPoint --home-dir=/var/lib/neo4j --config-dir=/var/lib/neo4j/conf --console-mode
                                                                jdk.debug = release
                                                                sun.cpu.endian = little
                                                                user.home = /var/lib/neo4j
                                                                user.language = en
                                                                file.separator = /
                                                                sun.management.compiler = HotSpot 64-Bit Tiered Compilers
                                                                user.name = neo4j
                                                                path.separator = :
                                                                file.encoding = UTF-8
                                                                jnidispatch.path = /var/lib/neo4j/.cache/JNA/temp/jna17684433379967673408.tmp
                                                                jna.loaded = true
                                                                user.dir = /var/lib/neo4j
                                                                native.encoding = UTF-8
                                                                sun.io.unicode.encoding = UnicodeLittle
                                                                
2025-04-12 03:34:08.925+0000 INFO  [o.n.i.d.DiagnosticsManager] 
                                                                --------------------------------------------------------------------------------
                                                                                      [ (IANA) TimeZone database version ]                      
                                                                --------------------------------------------------------------------------------
                                                                  TimeZone version: 2024a (available for 603 zone identifiers)
                                                                
2025-04-12 03:34:08.925+0000 INFO  [o.n.i.d.DiagnosticsManager] 
                                                                --------------------------------------------------------------------------------
                                                                                            [ Network information ]                             
                                                                --------------------------------------------------------------------------------
                                                                Interface eth0:
                                                                    address: 172.22.0.2
                                                                Interface lo:
                                                                    address: 127.0.0.1
                                                                
2025-04-12 03:34:08.925+0000 INFO  [o.n.i.d.DiagnosticsManager] 
                                                                --------------------------------------------------------------------------------
                                                                                         [ Native access information ]                          
                                                                --------------------------------------------------------------------------------
                                                                Native access details: Linux native access is available.
                                                                
2025-04-12 03:34:08.926+0000 INFO  [o.n.i.d.DiagnosticsManager] 
                                                                --------------------------------------------------------------------------------
                                                                                                [ DBMS config ]                                 
                                                                --------------------------------------------------------------------------------
                                                                DBMS provided settings:
                                                                client.allow_telemetry=false
                                                                dbms.security.procedures.unrestricted=gds.*,apoc.*,apoc.*
                                                                server.default_listen_address=0.0.0.0
                                                                server.directories.logs=/logs
                                                                server.directories.neo4j_home=/var/lib/neo4j
                                                                server.directories.plugins=/plugins
                                                                server.memory.pagecache.size=512.00MiB
                                                                Directories in use:
                                                                server.directories.data=/var/lib/neo4j/data
                                                                server.directories.dumps.root=/var/lib/neo4j/data/dumps
                                                                server.directories.import=/var/lib/neo4j
                                                                server.directories.lib=/var/lib/neo4j/lib
                                                                server.directories.licenses=/var/lib/neo4j/licenses
                                                                server.directories.logs=/logs
                                                                server.directories.neo4j_home=/var/lib/neo4j
                                                                server.directories.plugins=/plugins
                                                                server.directories.run=/var/lib/neo4j/run
                                                                server.directories.script.root=/var/lib/neo4j/data/scripts
                                                                server.directories.transaction.logs.root=/var/lib/neo4j/data/transactions
                                                                
2025-04-12 03:34:08.926+0000 INFO  [o.n.i.d.DiagnosticsManager] 
                                                                --------------------------------------------------------------------------------
                                                                                                 [ Packaging ]                                  
                                                                --------------------------------------------------------------------------------
                                                                Edition: Community
                                                                Package Type: docker bullseye
                                                                
2025-04-12 03:34:08.949+0000 INFO  [o.n.d.i.DefaultIdentityModule] Found ServerId on disk: ServerId{da816d0a} (da816d0a-1e8a-464a-b408-79f096fe1e05)
2025-04-12 03:34:08.951+0000 INFO  [o.n.d.i.DefaultIdentityModule] This instance is ServerId{da816d0a} (da816d0a-1e8a-464a-b408-79f096fe1e05)
2025-04-12 03:34:10.051+0000 INFO  [o.n.s.CommunityNeoWebServer] ======== Neo4j 5.26.0 ========
2025-04-12 03:34:10.078+0000 INFO  [o.n.d.d.DatabaseLifecycles] Creating 'DatabaseId{00000000[system]}'.
2025-04-12 03:34:10.158+0000 INFO  [a.ApocConfig] successfully registered ApocConfig for @Context
2025-04-12 03:34:10.300+0000 INFO  [c.n.g.e.GraphDataScienceExtension] GDS license file: null
2025-04-12 03:34:10.301+0000 INFO  [c.n.g.e.GraphDataScienceExtension] GDS license state: unlicensed
2025-04-12 03:34:10.305+0000 INFO  [c.n.g.e.GraphDataScienceExtension] Prometheus: disabled
2025-04-12 03:34:10.306+0000 WARN  [c.n.g.e.GraphDataScienceExtension] GDS metrics disabled
2025-04-12 03:34:10.317+0000 INFO  [c.n.g.e.GraphDataScienceExtension] Progress tracking: enabled
2025-04-12 03:34:10.319+0000 INFO  [c.n.g.e.GraphDataScienceExtension] Memory usage guard: minimum estimate
2025-04-12 03:34:10.327+0000 INFO  [c.n.g.e.GraphDataScienceExtension] Register GDS Memory Facade...
2025-04-12 03:34:10.329+0000 INFO  [c.n.g.e.GraphDataScienceExtension] GDS Memory Facade registered.
2025-04-12 03:34:10.339+0000 INFO  [c.n.g.e.GraphDataScienceExtension] Building Graph Data Science extension...
2025-04-12 03:34:10.345+0000 INFO  [c.n.g.e.GraphDataScienceExtension] Register Graph Data Science...
2025-04-12 03:34:10.347+0000 INFO  [c.n.g.e.GraphDataScienceExtension] Graph Data Science registered.
2025-04-12 03:34:10.349+0000 INFO  [c.n.g.e.GraphDataScienceExtension] Register Metrics...
2025-04-12 03:34:10.351+0000 INFO  [c.n.g.e.GraphDataScienceExtension] Metrics registered.
2025-04-12 03:34:10.353+0000 INFO  [c.n.g.e.GraphDataScienceExtension] Register Model Catalog...
2025-04-12 03:34:10.355+0000 INFO  [c.n.g.e.GraphDataScienceExtension] Model Catalog registered.
2025-04-12 03:34:10.358+0000 INFO  [c.n.g.e.GraphDataScienceExtension] Register Task Registry Factory...
2025-04-12 03:34:10.361+0000 INFO  [c.n.g.e.GraphDataScienceExtension] Task Registry Factory registered.
2025-04-12 03:34:10.363+0000 INFO  [c.n.g.e.GraphDataScienceExtension] Register Task Store...
2025-04-12 03:34:10.365+0000 INFO  [c.n.g.e.GraphDataScienceExtension] Task Store registered.
2025-04-12 03:34:10.367+0000 INFO  [c.n.g.e.GraphDataScienceExtension] Register User Log Registry Factory...
2025-04-12 03:34:10.369+0000 INFO  [c.n.g.e.GraphDataScienceExtension] User Log Registry Factory registered.
2025-04-12 03:34:10.370+0000 INFO  [c.n.g.e.GraphDataScienceExtension] Graph Data Science extension built.
2025-04-12 03:34:10.372+0000 INFO  [c.n.g.e.GraphDataScienceExtension] Building Graph Data Science Extras extension...
2025-04-12 03:34:10.374+0000 INFO  [c.n.g.e.GraphDataScienceExtension] Register Graph Data Science Extras...
2025-04-12 03:34:10.376+0000 INFO  [c.n.g.e.GraphDataScienceExtension] Graph Data Science Extras registered.
2025-04-12 03:34:10.378+0000 INFO  [c.n.g.e.GraphDataScienceExtension] Graph Data Science Extras extension built.
2025-04-12 03:34:10.391+0000 INFO  [a.Pools] successfully registered Pools for @Context
2025-04-12 03:34:10.395+0000 INFO  [a.ApocConfig] successfully registered ExtendedApocConfig for @Context
2025-04-12 03:34:10.413+0000 INFO  [a.ApocConfig] cannot determine conf folder from sys property org.neo4j.server.CommunityEntryPoint --home-dir=/var/lib/neo4j --config-dir=/var/lib/neo4j/conf --console-mode, assuming /var/lib/neo4j/conf
2025-04-12 03:34:10.414+0000 INFO  [a.ApocConfig] system property NEO4J_CONF set to /var/lib/neo4j/conf
2025-04-12 03:34:10.564+0000 INFO  [a.ApocConfig] setting APOC config to default value: apoc.import.file.use_neo4j_config=true
2025-04-12 03:34:10.565+0000 INFO  [a.ApocConfig] setting APOC config to default value: apoc.trigger.enabled=false
2025-04-12 03:34:10.592+0000 INFO  [a.ApocConfig] cannot determine conf folder from sys property org.neo4j.server.CommunityEntryPoint --home-dir=/var/lib/neo4j --config-dir=/var/lib/neo4j/conf --console-mode, assuming /var/lib/neo4j/conf
2025-04-12 03:34:10.593+0000 INFO  [a.ApocConfig] system property NEO4J_CONF set to /var/lib/neo4j/conf
2025-04-12 03:34:10.607+0000 INFO  [a.ApocConfig] setting APOC config to default value: apoc.ttl.schedule=PT1M
2025-04-12 03:34:10.608+0000 INFO  [a.ApocConfig] setting APOC config to default value: apoc.ttl.enabled=false
2025-04-12 03:34:10.609+0000 INFO  [a.ApocConfig] setting APOC config to default value: apoc.ttl.limit=1000
2025-04-12 03:34:10.609+0000 INFO  [a.ApocConfig] setting APOC config to default value: apoc.uuid.enabled=false
2025-04-12 03:34:10.662+0000 INFO  [o.n.b.BoltServer] Using connector transport epoll
2025-04-12 03:34:10.718+0000 INFO  [o.n.b.BoltServer] Configured external Bolt connector with listener address /0.0.0.0:7687
2025-04-12 03:34:10.719+0000 INFO  [o.n.b.BoltServer] Bolt server loaded
2025-04-12 03:34:10.739+0000 INFO  [o.n.d.d.DatabaseLifecycles] Starting 'DatabaseId{00000000[system]}'.
2025-04-12 03:34:11.437+0000 WARN  [o.n.k.i.t.l.f.c.CheckpointFileChannelNativeAccessor] [system/00000000] Unable to advise sequential access for transaction log version: 0. Error: ErrorCode=-1, errorMessage='Incorrect file descriptor.'
2025-04-12 03:34:11.438+0000 WARN  [o.n.k.i.t.l.f.c.CheckpointFileChannelNativeAccessor] [system/00000000] Unable to advise preserve data in cache for transaction log version: 0. Error: ErrorCode=-1, errorMessage='Incorrect file descriptor.'
2025-04-12 03:34:11.444+0000 INFO  [o.n.k.i.t.l.f.c.CheckpointLogFile] [system/00000000] Scanning log file with version 0 for checkpoint entries
2025-04-12 03:34:11.457+0000 WARN  [o.n.k.i.t.l.f.c.CheckpointFileChannelNativeAccessor] [system/00000000] Unable to evict transaction log from cache with version: 0. Error: ErrorCode=-1, errorMessage='Incorrect file descriptor.'
2025-04-12 03:34:11.459+0000 WARN  [o.n.k.i.t.l.f.c.CheckpointFileChannelNativeAccessor] [system/00000000] Unable to advise sequential access for transaction log version: 0. Error: ErrorCode=-1, errorMessage='Incorrect file descriptor.'
2025-04-12 03:34:11.460+0000 WARN  [o.n.k.i.t.l.f.c.CheckpointFileChannelNativeAccessor] [system/00000000] Unable to advise preserve data in cache for transaction log version: 0. Error: ErrorCode=-1, errorMessage='Incorrect file descriptor.'
2025-04-12 03:34:11.461+0000 WARN  [o.n.k.i.t.l.f.c.CheckpointFileChannelNativeAccessor] [system/00000000] Unable to evict transaction log from cache with version: 0. Error: ErrorCode=-1, errorMessage='Incorrect file descriptor.'
2025-04-12 03:34:11.463+0000 WARN  [o.n.k.i.t.l.f.LogFileChannelNativeAccessor] [system/00000000] Unable to advise sequential access for transaction log version: 0. Error: ErrorCode=-1, errorMessage='Incorrect file descriptor.'
2025-04-12 03:34:11.464+0000 WARN  [o.n.k.i.t.l.f.LogFileChannelNativeAccessor] [system/00000000] Unable to advise preserve data in cache for transaction log version: 0. Error: ErrorCode=-1, errorMessage='Incorrect file descriptor.'
2025-04-12 03:34:11.465+0000 WARN  [o.n.k.i.t.l.f.LogFileChannelNativeAccessor] [system/00000000] Unable to advise sequential access for transaction log version: 0. Error: ErrorCode=-1, errorMessage='Incorrect file descriptor.'
2025-04-12 03:34:11.466+0000 WARN  [o.n.k.i.t.l.f.LogFileChannelNativeAccessor] [system/00000000] Unable to advise preserve data in cache for transaction log version: 0. Error: ErrorCode=-1, errorMessage='Incorrect file descriptor.'
2025-04-12 03:34:11.466+0000 WARN  [o.n.k.i.t.l.f.LogFileChannelNativeAccessor] [system/00000000] Unable to evict transaction log from cache with version: 0. Error: ErrorCode=-1, errorMessage='Incorrect file descriptor.'
2025-04-12 03:34:11.467+0000 WARN  [o.n.k.i.t.l.f.LogFileChannelNativeAccessor] [system/00000000] Unable to evict transaction log from cache with version: 0. Error: ErrorCode=-1, errorMessage='Incorrect file descriptor.'
2025-04-12 03:34:11.493+0000 INFO  [o.n.k.i.s.f.RecordFormatSelector] [system/00000000] Selected RecordFormat:PageAlignedV5_0[aligned-1.1] record format from store /data/databases/system
2025-04-12 03:34:11.493+0000 INFO  [o.n.k.i.s.f.RecordFormatSelector] [system/00000000] Selected format from the store files: RecordFormat:PageAlignedV5_0[aligned-1.1]
2025-04-12 03:34:11.591+0000 WARN  [o.n.k.i.t.l.f.LogFileChannelNativeAccessor] [system/00000000] Unable to advise sequential access for transaction log version: 0. Error: ErrorCode=-1, errorMessage='Incorrect file descriptor.'
2025-04-12 03:34:11.592+0000 WARN  [o.n.k.i.t.l.f.LogFileChannelNativeAccessor] [system/00000000] Unable to advise preserve data in cache for transaction log version: 0. Error: ErrorCode=-1, errorMessage='Incorrect file descriptor.'
2025-04-12 03:34:11.592+0000 WARN  [o.n.k.i.t.l.f.LogFileChannelNativeAccessor] [system/00000000] Unable to evict transaction log from cache with version: 0. Error: ErrorCode=-1, errorMessage='Incorrect file descriptor.'
2025-04-12 03:34:11.741+0000 WARN  [o.n.k.i.t.l.f.c.CheckpointFileChannelNativeAccessor] [system/00000000] Unable to advise sequential access for transaction log version: 0. Error: ErrorCode=-1, errorMessage='Incorrect file descriptor.'
2025-04-12 03:34:11.742+0000 WARN  [o.n.k.i.t.l.f.c.CheckpointFileChannelNativeAccessor] [system/00000000] Unable to advise preserve data in cache for transaction log version: 0. Error: ErrorCode=-1, errorMessage='Incorrect file descriptor.'
2025-04-12 03:34:11.744+0000 WARN  [o.n.k.i.t.l.f.c.CheckpointFileChannelNativeAccessor] [system/00000000] Unable to evict transaction log from cache with version: 0. Error: ErrorCode=-1, errorMessage='Incorrect file descriptor.'
2025-04-12 03:34:11.763+0000 INFO  [o.n.i.d.DiagnosticsManager] [system/00000000] 
                                                                [system/00000000] ********************************************************************************
                                                                [system/00000000]                               [ Database: system ]                              
                                                                [system/00000000] ********************************************************************************
                                                                [system/00000000] --------------------------------------------------------------------------------
                                                                [system/00000000]                                   [ Version ]                                   
                                                                [system/00000000] --------------------------------------------------------------------------------
                                                                [system/00000000] DBMS: community record-aligned-1.1
                                                                [system/00000000] Kernel version: 5.26.0
                                                                [system/00000000] 
                                                                [system/00000000] --------------------------------------------------------------------------------
                                                                [system/00000000]                                 [ Store files ]                                 
                                                                [system/00000000] --------------------------------------------------------------------------------
                                                                [system/00000000] Disk space on partition (Total / Free / Free %): 1000240963584 / 562606469120 / 56
                                                                [system/00000000] Storage files stored on file store: fakeowner
                                                                [system/00000000] Storage files: (filename : modification date - size)
                                                                [system/00000000]   database_lock: 2025-04-12 03:17:56.494+0000 - 0B
                                                                [system/00000000]   neostore: 2025-04-12 03:17:56.316+0000 - 8.000KiB
                                                                [system/00000000]   neostore.counts.db: 2025-04-12 03:34:11.612+0000 - 48.00KiB
                                                                [system/00000000]   neostore.indexstats.db: 2025-04-12 03:34:11.633+0000 - 48.00KiB
                                                                [system/00000000]   neostore.labeltokenstore.db: 2025-04-12 03:24:58.997+0000 - 8.000KiB
                                                                [system/00000000]   neostore.labeltokenstore.db.id: 2025-04-12 03:34:11.582+0000 - 40.00KiB
                                                                [system/00000000]   neostore.labeltokenstore.db.names: 2025-04-12 03:24:58.999+0000 - 8.000KiB
                                                                [system/00000000]   neostore.labeltokenstore.db.names.id: 2025-04-12 03:34:11.579+0000 - 40.00KiB
                                                                [system/00000000]   neostore.nodestore.db: 2025-04-12 03:24:59.000+0000 - 8.000KiB
                                                                [system/00000000]   neostore.nodestore.db.id: 2025-04-12 03:34:11.540+0000 - 40.00KiB
                                                                [system/00000000]   neostore.nodestore.db.labels: 2025-04-12 03:17:56.249+0000 - 8.000KiB
                                                                [system/00000000]   neostore.nodestore.db.labels.id: 2025-04-12 03:34:11.531+0000 - 40.00KiB
                                                                [system/00000000]   neostore.propertystore.db: 2025-04-12 03:24:58.998+0000 - 8.000KiB
                                                                [system/00000000]   neostore.propertystore.db.arrays: 2025-04-12 03:17:56.275+0000 - 8.000KiB
                                                                [system/00000000]   neostore.propertystore.db.arrays.id: 2025-04-12 03:34:11.559+0000 - 40.00KiB
                                                                [system/00000000]   neostore.propertystore.db.id: 2025-04-12 03:34:11.564+0000 - 40.00KiB
                                                                [system/00000000]   neostore.propertystore.db.index: 2025-04-12 03:24:58.998+0000 - 8.000KiB
                                                                [system/00000000]   neostore.propertystore.db.index.id: 2025-04-12 03:34:11.550+0000 - 40.00KiB
                                                                [system/00000000]   neostore.propertystore.db.index.keys: 2025-04-12 03:24:59.001+0000 - 8.000KiB
                                                                [system/00000000]   neostore.propertystore.db.index.keys.id: 2025-04-12 03:34:11.545+0000 - 40.00KiB
                                                                [system/00000000]   neostore.propertystore.db.strings: 2025-04-12 03:24:59.001+0000 - 8.000KiB
                                                                [system/00000000]   neostore.propertystore.db.strings.id: 2025-04-12 03:34:11.555+0000 - 40.00KiB
                                                                [system/00000000]   neostore.relationshipgroupstore.db: 2025-04-12 03:17:56.308+0000 - 8.000KiB
                                                                [system/00000000]   neostore.relationshipgroupstore.db.id: 2025-04-12 03:34:11.589+0000 - 40.00KiB
                                                                [system/00000000]   neostore.relationshipgroupstore.degrees.db: 2025-04-12 03:34:11.625+0000 - 40.00KiB
                                                                [system/00000000]   neostore.relationshipstore.db: 2025-04-12 03:24:59.000+0000 - 8.000KiB
                                                                [system/00000000]   neostore.relationshipstore.db.id: 2025-04-12 03:34:11.568+0000 - 40.00KiB
                                                                [system/00000000]   neostore.relationshiptypestore.db: 2025-04-12 03:24:59.002+0000 - 8.000KiB
                                                                [system/00000000]   neostore.relationshiptypestore.db.id: 2025-04-12 03:34:11.575+0000 - 40.00KiB
                                                                [system/00000000]   neostore.relationshiptypestore.db.names: 2025-04-12 03:24:58.996+0000 - 8.000KiB
                                                                [system/00000000]   neostore.relationshiptypestore.db.names.id: 2025-04-12 03:34:11.572+0000 - 40.00KiB
                                                                [system/00000000]   neostore.schemastore.db: 2025-04-12 03:24:58.999+0000 - 8.000KiB
                                                                [system/00000000]   neostore.schemastore.db.id: 2025-04-12 03:34:11.586+0000 - 40.00KiB
                                                                [system/00000000]   schema:
                                                                [system/00000000]     index:
                                                                [system/00000000]       range-1.0:
                                                                [system/00000000]         3:
                                                                [system/00000000]           index-3: 2025-04-12 03:26:47.420+0000 - 48.00KiB
                                                                [system/00000000]         - Total: 2025-04-12 03:17:56.951+0000 - 48.00KiB
                                                                [system/00000000]         4:
                                                                [system/00000000]           index-4: 2025-04-12 03:26:47.422+0000 - 48.00KiB
                                                                [system/00000000]         - Total: 2025-04-12 03:17:57.001+0000 - 48.00KiB
                                                                [system/00000000]         7:
                                                                [system/00000000]           index-7: 2025-04-12 03:26:47.423+0000 - 48.00KiB
                                                                [system/00000000]         - Total: 2025-04-12 03:17:57.175+0000 - 48.00KiB
                                                                [system/00000000]         8:
                                                                [system/00000000]           index-8: 2025-04-12 03:26:47.424+0000 - 48.00KiB
                                                                [system/00000000]         - Total: 2025-04-12 03:17:57.200+0000 - 48.00KiB
                                                                [system/00000000]         9:
                                                                [system/00000000]           index-9: 2025-04-12 03:26:47.425+0000 - 48.00KiB
                                                                [system/00000000]         - Total: 2025-04-12 03:17:57.227+0000 - 48.00KiB
                                                                [system/00000000]       - Total: 2025-04-12 03:17:57.226+0000 - 240.0KiB
                                                                [system/00000000]       token-lookup-1.0:
                                                                [system/00000000]         1:
                                                                [system/00000000]           index-1: 2025-04-12 03:26:47.418+0000 - 48.00KiB
                                                                [system/00000000]         - Total: 2025-04-12 03:17:56.737+0000 - 48.00KiB
                                                                [system/00000000]         2:
                                                                [system/00000000]           index-2: 2025-04-12 03:26:47.419+0000 - 48.00KiB
                                                                [system/00000000]         - Total: 2025-04-12 03:17:56.782+0000 - 48.00KiB
                                                                [system/00000000]       - Total: 2025-04-12 03:17:56.781+0000 - 96.00KiB
                                                                [system/00000000]     - Total: 2025-04-12 03:17:56.949+0000 - 336.0KiB
                                                                [system/00000000]   - Total: 2025-04-12 03:17:56.734+0000 - 336.0KiB
                                                                [system/00000000] Storage summary: 
                                                                [system/00000000]   Total size of store: 1.125MiB
                                                                [system/00000000]   Total size of mapped files: 456.0KiB
                                                                [system/00000000] 
                                                                [system/00000000] --------------------------------------------------------------------------------
                                                                [system/00000000]                               [ Transaction log ]                               
                                                                [system/00000000] --------------------------------------------------------------------------------
                                                                [system/00000000] Transaction log files stored on file store: fakeowner
                                                                [system/00000000] Transaction log metadata:
                                                                [system/00000000]  - current kernel version used in transactions: V5_25
                                                                [system/00000000]  - last committed transaction id: 41
                                                                [system/00000000] Transaction log files:
                                                                [system/00000000]  - existing transaction log versions: 0-0
                                                                [system/00000000]  - oldest append index 2 found in log with version 0
                                                                [system/00000000]  - files: (filename : creation date - size)
                                                                [system/00000000]      neostore.transaction.db.0: 2025-04-12 03:17:57.279+0000 - 23.46KiB
                                                                [system/00000000]  - total size of files: 23.46KiB
                                                                [system/00000000] Checkpoint log files:
                                                                [system/00000000]  - existing checkpoint log versions: 0-0
                                                                [system/00000000]  - last checkpoint: CheckpointInfo[oldestNotVisibleTransactionLogPosition=LogPosition{logVersion=0, byteOffset=24028}, transactionLogPosition=LogPosition{logVersion=0, byteOffset=24028}, storeId=StoreId{creationTime=1744427876314, random=2370248569237093534, storageEngineName='record', formatName='aligned', majorVersion=1, minorVersion=1}, checkpointEntryPosition=LogPosition{logVersion=0, byteOffset=592}, channelPositionAfterCheckpoint=LogPosition{logVersion=0, byteOffset=824}, checkpointFilePostReadPosition=LogPosition{logVersion=0, byteOffset=824}, kernelVersion=KernelVersion{V5_25,version=20}, kernelVersionByte=20, transactionId=TransactionId[id=41, appendIndex=41, kernelVersion=KernelVersion{V5_25,version=20}, checksum=-1777325743, commitTimestamp=1744427877277, consensusIndex=-1], appendIndex=41, reason=Checkpoint triggered by "Database shutdown" @ txId: 41, append index: 41, consensusIndexInCheckpoint=true]
                                                                [system/00000000] 
                                                                [system/00000000] --------------------------------------------------------------------------------
                                                                [system/00000000]                                   [ Id usage ]                                  
                                                                [system/00000000] --------------------------------------------------------------------------------
                                                                [system/00000000] ArrayPropertyStore[neostore.nodestore.db.labels]: used=1 high=0
                                                                [system/00000000] NodeStore[neostore.nodestore.db]: used=7 high=6
                                                                [system/00000000] StringPropertyStore[neostore.propertystore.db.index.keys]: used=47 high=46
                                                                [system/00000000] PropertyIndexStore[neostore.propertystore.db.index]: used=33 high=32
                                                                [system/00000000] StringPropertyStore[neostore.propertystore.db.strings]: used=3 high=2
                                                                [system/00000000] ArrayPropertyStore[neostore.propertystore.db.arrays]: used=1 high=0
                                                                [system/00000000] PropertyStore[neostore.propertystore.db]: used=73 high=72
                                                                [system/00000000] RelationshipStore[neostore.relationshipstore.db]: used=3 high=2
                                                                [system/00000000] StringPropertyStore[neostore.relationshiptypestore.db.names]: used=3 high=2
                                                                [system/00000000] RelationshipTypeStore[neostore.relationshiptypestore.db]: used=2 high=1
                                                                [system/00000000] StringPropertyStore[neostore.labeltokenstore.db.names]: used=6 high=5
                                                                [system/00000000] LabelTokenStore[neostore.labeltokenstore.db]: used=5 high=4
                                                                [system/00000000] SchemaStore[neostore.schemastore.db]: used=13 high=12
                                                                [system/00000000] RelationshipGroupStore[neostore.relationshipgroupstore.db]: used=1 high=0
                                                                [system/00000000] NeoStore[neostore]: used=-1 high=-1
                                                                [system/00000000] 
                                                                [system/00000000] --------------------------------------------------------------------------------
                                                                [system/00000000]                                   [ Metadata ]                                  
                                                                [system/00000000] --------------------------------------------------------------------------------
                                                                [system/00000000] EXTERNAL_STORE_UUID (Database identifier exposed as external store identity. Generated on creation and never updated): c167f2b4-f952-498f-973a-83ccefbf92b8
                                                                [system/00000000] DATABASE_ID (The last used DatabaseId for this database): null
                                                                [system/00000000] LEGACY_STORE_VERSION (Legacy store format version. This field is used from 5.0 onwards only to distinguish non-migrated pre 5.0 metadata stores.): -3523014627327384477
                                                                [system/00000000] STORE_ID (Store ID): StoreId{creationTime=1744427876314, random=2370248569237093534, storageEngineName='record', formatName='aligned', majorVersion=1, minorVersion=1}
                                                                [system/00000000] 
2025-04-12 03:34:11.863+0000 INFO  [o.n.k.i.a.i.IndexingService] [system/00000000] IndexingService.init: indexes not specifically mentioned above are ONLINE. Total 7 indexes. Processed in 59ms
2025-04-12 03:34:11.868+0000 INFO  [o.n.k.a.DatabaseAvailabilityGuard] [system/00000000] Requirement `Database unavailable` makes database system unavailable.
2025-04-12 03:34:11.869+0000 INFO  [o.n.k.a.DatabaseAvailabilityGuard] [system/00000000] DatabaseId{00000000[system]} is unavailable.
2025-04-12 03:34:11.876+0000 WARN  [o.n.k.i.t.l.f.LogFileChannelNativeAccessor] [system/00000000] Unable to advise sequential access for transaction log version: 0. Error: ErrorCode=-1, errorMessage='Incorrect file descriptor.'
2025-04-12 03:34:11.877+0000 WARN  [o.n.k.i.t.l.f.LogFileChannelNativeAccessor] [system/00000000] Unable to advise preserve data in cache for transaction log version: 0. Error: ErrorCode=-1, errorMessage='Incorrect file descriptor.'
2025-04-12 03:34:11.878+0000 INFO  [o.n.k.d.Database] [system/00000000] Starting transaction log [/data/transactions/system/neostore.transaction.db.0] at version=0
2025-04-12 03:34:11.887+0000 WARN  [o.n.k.i.t.l.f.c.CheckpointFileChannelNativeAccessor] [system/00000000] Unable to advise sequential access for transaction log version: 0. Error: ErrorCode=-1, errorMessage='Incorrect file descriptor.'
2025-04-12 03:34:11.887+0000 WARN  [o.n.k.i.t.l.f.c.CheckpointFileChannelNativeAccessor] [system/00000000] Unable to advise preserve data in cache for transaction log version: 0. Error: ErrorCode=-1, errorMessage='Incorrect file descriptor.'
2025-04-12 03:34:11.889+0000 INFO  [o.n.k.d.Database] [system/00000000] Starting transaction log [/data/transactions/system/checkpoint.0] at version=0
2025-04-12 03:34:11.894+0000 WARN  [o.n.k.i.t.l.f.c.CheckpointFileChannelNativeAccessor] [system/00000000] Unable to advise sequential access for transaction log version: 0. Error: ErrorCode=-1, errorMessage='Incorrect file descriptor.'
2025-04-12 03:34:11.894+0000 WARN  [o.n.k.i.t.l.f.c.CheckpointFileChannelNativeAccessor] [system/00000000] Unable to advise preserve data in cache for transaction log version: 0. Error: ErrorCode=-1, errorMessage='Incorrect file descriptor.'
2025-04-12 03:34:11.895+0000 INFO  [o.n.k.i.t.l.f.c.CheckpointLogFile] [system/00000000] Scanning log file with version 0 for checkpoint entries
2025-04-12 03:34:11.896+0000 WARN  [o.n.k.i.t.l.f.c.CheckpointFileChannelNativeAccessor] [system/00000000] Unable to evict transaction log from cache with version: 0. Error: ErrorCode=-1, errorMessage='Incorrect file descriptor.'
2025-04-12 03:34:11.898+0000 WARN  [o.n.k.i.t.l.f.c.CheckpointFileChannelNativeAccessor] [system/00000000] Unable to advise sequential access for transaction log version: 0. Error: ErrorCode=-1, errorMessage='Incorrect file descriptor.'
2025-04-12 03:34:11.899+0000 WARN  [o.n.k.i.t.l.f.c.CheckpointFileChannelNativeAccessor] [system/00000000] Unable to advise preserve data in cache for transaction log version: 0. Error: ErrorCode=-1, errorMessage='Incorrect file descriptor.'
2025-04-12 03:34:11.899+0000 WARN  [o.n.k.i.t.l.f.c.CheckpointFileChannelNativeAccessor] [system/00000000] Unable to evict transaction log from cache with version: 0. Error: ErrorCode=-1, errorMessage='Incorrect file descriptor.'
2025-04-12 03:34:11.900+0000 WARN  [o.n.k.i.t.l.f.LogFileChannelNativeAccessor] [system/00000000] Unable to advise sequential access for transaction log version: 0. Error: ErrorCode=-1, errorMessage='Incorrect file descriptor.'
2025-04-12 03:34:11.900+0000 WARN  [o.n.k.i.t.l.f.LogFileChannelNativeAccessor] [system/00000000] Unable to advise preserve data in cache for transaction log version: 0. Error: ErrorCode=-1, errorMessage='Incorrect file descriptor.'
2025-04-12 03:34:11.902+0000 WARN  [o.n.k.i.t.l.f.LogFileChannelNativeAccessor] [system/00000000] Unable to advise sequential access for transaction log version: 0. Error: ErrorCode=-1, errorMessage='Incorrect file descriptor.'
2025-04-12 03:34:11.902+0000 WARN  [o.n.k.i.t.l.f.LogFileChannelNativeAccessor] [system/00000000] Unable to advise preserve data in cache for transaction log version: 0. Error: ErrorCode=-1, errorMessage='Incorrect file descriptor.'
2025-04-12 03:34:11.902+0000 WARN  [o.n.k.i.t.l.f.LogFileChannelNativeAccessor] [system/00000000] Unable to evict transaction log from cache with version: 0. Error: ErrorCode=-1, errorMessage='Incorrect file descriptor.'
2025-04-12 03:34:11.903+0000 WARN  [o.n.k.i.t.l.f.LogFileChannelNativeAccessor] [system/00000000] Unable to evict transaction log from cache with version: 0. Error: ErrorCode=-1, errorMessage='Incorrect file descriptor.'
2025-04-12 03:34:11.905+0000 INFO  [o.n.k.i.a.i.IndexingService] [system/00000000] IndexingService.start: indexes not specifically mentioned above are ONLINE. Total 7 indexes. Processed in 0ms
2025-04-12 03:34:11.913+0000 INFO  [o.n.k.a.DatabaseAvailabilityGuard] [system/00000000] Fulfilling of requirement 'Database unavailable' makes database system available.
2025-04-12 03:34:11.913+0000 INFO  [o.n.k.a.DatabaseAvailabilityGuard] [system/00000000] DatabaseId{00000000[system]} is ready.
2025-04-12 03:34:12.471+0000 WARN  [o.n.k.a.p.GlobalProcedures] Failed to load `com.neo4j.gds.core.write.CypherNodePropertyExporterBuilder` from plugin jar `/plugins/graph-data-science.jar`: java.lang.NoClassDefFoundError: com/neo4j/kernel/enterprise/api/security/EnterpriseLoginContext
2025-04-12 03:34:12.715+0000 WARN  [o.n.k.a.p.GlobalProcedures] Failed to load `org.antlr.v4.gui.TreeLayoutAdaptor` from plugin jar `/plugins/apoc-extended.jar`: java.lang.NoClassDefFoundError: org/abego/treelayout/TreeForTreeLayout
2025-04-12 03:34:12.735+0000 WARN  [o.n.k.a.p.GlobalProcedures] Failed to load `com.opencsv.bean.HeaderIndex` from plugin jar `/plugins/apoc.jar`: java.lang.NoClassDefFoundError: org/apache/commons/collections4/MultiValuedMap
2025-04-12 03:34:12.781+0000 WARN  [o.n.k.a.p.GlobalProcedures] Failed to load `com.neo4j.gds.shaded.io.netty.handler.codec.spdy.SpdyHeaderBlockJZlibEncoder` from plugin jar `/plugins/graph-data-science.jar`: java.lang.NoClassDefFoundError: com/neo4j/gds/shaded/com/jcraft/jzlib/Deflater
2025-04-12 03:34:12.805+0000 WARN  [o.n.k.a.p.GlobalProcedures] Failed to load `com.opencsv.bean.BeanFieldJoin` from plugin jar `/plugins/apoc.jar`: java.lang.NoClassDefFoundError: org/apache/commons/collections4/MultiValuedMap
2025-04-12 03:34:12.975+0000 WARN  [o.n.k.a.p.GlobalProcedures] Failed to load `com.neo4j.gds.shaded.io.netty.handler.codec.compression.LzfDecoder` from plugin jar `/plugins/graph-data-science.jar`: java.lang.NoClassDefFoundError: com/neo4j/gds/shaded/com/ning/compress/lzf/ChunkDecoder
2025-04-12 03:34:13.048+0000 WARN  [o.n.k.a.p.GlobalProcedures] Failed to load `apoc.nlp.NLPHelperFunctions` from plugin jar `/plugins/apoc-extended.jar`: java.lang.NoClassDefFoundError: kotlin/Pair
2025-04-12 03:34:13.305+0000 WARN  [o.n.k.a.p.GlobalProcedures] Failed to load `com.neo4j.gds.shaded.io.netty.handler.codec.marshalling.DefaultUnmarshallerProvider` from plugin jar `/plugins/graph-data-science.jar`: java.lang.NoClassDefFoundError: com/neo4j/gds/shaded/org/jboss/marshalling/Unmarshaller
2025-04-12 03:34:13.748+0000 WARN  [o.n.k.a.p.GlobalProcedures] Failed to load `com.neo4j.gds.shaded.org.ejml.ops.MatrixIO$MflAccess$IO` from plugin jar `/plugins/graph-data-science.jar`: java.lang.NoClassDefFoundError: us/hebi/matlab/mat/types/MatFile
2025-04-12 03:34:13.827+0000 WARN  [o.n.k.a.p.GlobalProcedures] Failed to load `com.neo4j.gds.shaded.io.netty.handler.codec.protobuf.ProtobufEncoderNano` from plugin jar `/plugins/graph-data-science.jar`: java.lang.NoClassDefFoundError: com/neo4j/gds/shaded/com/google/protobuf/nano/MessageNano
2025-04-12 03:34:13.846+0000 WARN  [o.n.k.a.p.GlobalProcedures] Failed to load `com.neo4j.gds.shaded.net.bytebuddy.dynamic.loading.ClassInjector$UsingJna$Dispatcher$Windows32BitFunctionMapper` from plugin jar `/plugins/graph-data-science.jar`: java.lang.NoClassDefFoundError: com/neo4j/gds/shaded/com/sun/jna/FunctionMapper
2025-04-12 03:34:13.919+0000 WARN  [o.n.k.a.p.GlobalProcedures] Failed to load `com.jayway.jsonpath.spi.json.JakartaJsonProvider$JsonArrayProxy$1` from plugin jar `/plugins/apoc.jar`: java.lang.NoClassDefFoundError: jakarta/json/JsonValue
2025-04-12 03:34:13.920+0000 WARN  [o.n.k.a.p.GlobalProcedures] Failed to load `com.jayway.jsonpath.spi.json.JakartaJsonProvider$JsonArrayProxy$2` from plugin jar `/plugins/apoc.jar`: java.lang.NoClassDefFoundError: jakarta/json/JsonValue
2025-04-12 03:34:14.170+0000 WARN  [o.n.k.a.p.GlobalProcedures] Failed to load `net.minidev.asm.BeansAccessBuilder` from plugin jar `/plugins/apoc.jar`: java.lang.NoClassDefFoundError: org/objectweb/asm/MethodVisitor
2025-04-12 03:34:14.307+0000 WARN  [o.n.k.a.p.GlobalProcedures] Failed to load `com.neo4j.gds.ClusterExporterBuilderCatalog$ExporterBuilderCreator` from plugin jar `/plugins/graph-data-science.jar`: java.lang.NoClassDefFoundError: com/neo4j/kernel/enterprise/api/security/EnterpriseLoginContext
2025-04-12 03:34:14.442+0000 WARN  [o.n.k.a.p.GlobalProcedures] Failed to load `com.neo4j.gds.shaded.io.netty.handler.codec.compression.JZlibEncoder` from plugin jar `/plugins/graph-data-science.jar`: java.lang.NoClassDefFoundError: com/neo4j/gds/shaded/com/jcraft/jzlib/Deflater
2025-04-12 03:34:14.741+0000 WARN  [o.n.k.a.p.GlobalProcedures] Failed to load `com.neo4j.gds.metrics.projections.PrometheusMetricsForProjectionsProvider` from plugin jar `/plugins/graph-data-science.jar`: java.lang.NoClassDefFoundError: io/prometheus/client/Counter
2025-04-12 03:34:14.751+0000 WARN  [o.n.k.a.p.GlobalProcedures] Failed to load `com.neo4j.gds.shaded.io.netty.handler.ssl.JettyNpnSslEngine$1` from plugin jar `/plugins/graph-data-science.jar`: java.lang.NoClassDefFoundError: com/neo4j/gds/shaded/org/eclipse/jetty/npn/NextProtoNego$ServerProvider
2025-04-12 03:34:14.752+0000 WARN  [o.n.k.a.p.GlobalProcedures] Failed to load `com.neo4j.gds.shaded.io.netty.handler.ssl.JettyNpnSslEngine$2` from plugin jar `/plugins/graph-data-science.jar`: java.lang.NoClassDefFoundError: com/neo4j/gds/shaded/org/eclipse/jetty/npn/NextProtoNego$ClientProvider
2025-04-12 03:34:14.915+0000 WARN  [o.n.k.a.p.GlobalProcedures] Failed to load `com.neo4j.gds.core.write.CypherNodeLabelExporterBuilder` from plugin jar `/plugins/graph-data-science.jar`: java.lang.NoClassDefFoundError: com/neo4j/kernel/enterprise/api/security/EnterpriseLoginContext
2025-04-12 03:34:14.985+0000 WARN  [o.n.k.a.p.GlobalProcedures] Failed to load `apoc.data.email.ExtractEmailHandler` from plugin jar `/plugins/apoc-extended.jar`: java.lang.NoClassDefFoundError: javax/mail/internet/AddressException
2025-04-12 03:34:15.194+0000 WARN  [o.n.k.a.p.GlobalProcedures] Failed to load `apoc.couchbase.CouchbaseConfig` from plugin jar `/plugins/apoc-extended.jar`: java.lang.NoClassDefFoundError: com/couchbase/client/core/retry/RetryStrategy
2025-04-12 03:34:15.317+0000 WARN  [o.n.k.a.p.GlobalProcedures] Failed to load `apoc.couchbase.CouchbaseConnection` from plugin jar `/plugins/apoc-extended.jar`: java.lang.NoClassDefFoundError: com/couchbase/client/core/env/Authenticator
2025-04-12 03:34:15.393+0000 WARN  [o.n.k.a.p.GlobalProcedures] Failed to load `apoc.nlp.azure.AzureProcedures$entities$2` from plugin jar `/plugins/apoc-extended.jar`: java.lang.NoClassDefFoundError: kotlin/jvm/functions/Function1
2025-04-12 03:34:15.460+0000 WARN  [o.n.k.a.p.GlobalProcedures] Failed to load `com.neo4j.gds.metrics.PrometheusExecutionMetricProvider` from plugin jar `/plugins/graph-data-science.jar`: java.lang.NoClassDefFoundError: io/prometheus/client/Counter
2025-04-12 03:34:15.730+0000 WARN  [o.n.k.a.p.GlobalProcedures] Failed to load `com.neo4j.gds.shaded.io.netty.handler.codec.compression.LzmaFrameEncoder` from plugin jar `/plugins/graph-data-science.jar`: java.lang.NoClassDefFoundError: lzma/sdk/lzma/Encoder
2025-04-12 03:34:15.837+0000 WARN  [o.n.k.a.p.GlobalProcedures] Failed to load `apoc.load.LoadHtmlBrowser` from plugin jar `/plugins/apoc-extended.jar`: java.lang.NoClassDefFoundError: org/openqa/selenium/TimeoutException
2025-04-12 03:34:15.870+0000 WARN  [o.n.k.a.p.GlobalProcedures] Failed to load `com.opencsv.bean.BeanFieldJoinStringIndex` from plugin jar `/plugins/apoc.jar`: java.lang.NoClassDefFoundError: org/apache/commons/collections4/MultiValuedMap
2025-04-12 03:34:15.933+0000 WARN  [o.n.k.a.p.GlobalProcedures] Failed to load `org.antlr.v4.gui.TreeViewer$VariableExtentProvide` from plugin jar `/plugins/apoc-extended.jar`: java.lang.NoClassDefFoundError: org/abego/treelayout/NodeExtentProvider
2025-04-12 03:34:15.943+0000 WARN  [o.n.k.a.p.GlobalProcedures] Failed to load `com.opencsv.bean.concurrent.BeanExecutor` from plugin jar `/plugins/apoc.jar`: java.lang.NoClassDefFoundError: org/apache/commons/collections4/ListValuedMap
2025-04-12 03:34:16.255+0000 WARN  [o.n.k.a.p.GlobalProcedures] Failed to load `com.neo4j.gds.shaded.io.netty.util.internal.Hidden$NettyBlockHoundIntegration$1` from plugin jar `/plugins/graph-data-science.jar`: java.lang.NoClassDefFoundError: reactor/blockhound/integration/BlockHoundIntegration
2025-04-12 03:34:16.355+0000 WARN  [o.n.k.a.p.GlobalProcedures] Failed to load `com.neo4j.gds.shaded.io.netty.handler.codec.marshalling.MarshallingEncoder` from plugin jar `/plugins/graph-data-science.jar`: java.lang.NoClassDefFoundError: com/neo4j/gds/shaded/org/jboss/marshalling/ByteOutput
2025-04-12 03:34:16.382+0000 WARN  [o.n.k.a.p.GlobalProcedures] Failed to load `com.neo4j.gds.shaded.io.netty.handler.codec.marshalling.DefaultMarshallerProvider` from plugin jar `/plugins/graph-data-science.jar`: java.lang.NoClassDefFoundError: com/neo4j/gds/shaded/org/jboss/marshalling/Marshaller
2025-04-12 03:34:16.395+0000 WARN  [o.n.k.a.p.GlobalProcedures] Failed to load `com.neo4j.gds.shaded.io.netty.handler.ssl.ConscryptAlpnSslEngine$ServerEngine` from plugin jar `/plugins/graph-data-science.jar`: java.lang.NoClassDefFoundError: com/neo4j/gds/shaded/org/conscrypt/BufferAllocator
2025-04-12 03:34:16.609+0000 WARN  [o.n.k.a.p.GlobalProcedures] Failed to load `com.opencsv.bean.BeanFieldJoinIntegerIndex` from plugin jar `/plugins/apoc.jar`: java.lang.NoClassDefFoundError: org/apache/commons/collections4/MultiValuedMap
2025-04-12 03:34:16.747+0000 WARN  [o.n.k.a.p.GlobalProcedures] Failed to load `com.neo4j.gds.metrics.CreatedGraphsMetric` from plugin jar `/plugins/graph-data-science.jar`: java.lang.NoClassDefFoundError: io/prometheus/client/Collector
2025-04-12 03:34:16.801+0000 WARN  [o.n.k.a.p.GlobalProcedures] Failed to load `apoc.nlp.NLPHelperFunctions$mergeRelationship$potentialRelationship$1` from plugin jar `/plugins/apoc-extended.jar`: java.lang.NoClassDefFoundError: kotlin/jvm/functions/Function1
2025-04-12 03:34:16.802+0000 WARN  [o.n.k.a.p.GlobalProcedures] Failed to load `apoc.nlp.NLPHelperFunctions$mergeRelationship$potentialRelationship$2` from plugin jar `/plugins/apoc-extended.jar`: java.lang.NoClassDefFoundError: kotlin/jvm/functions/Function1
2025-04-12 03:34:16.849+0000 WARN  [o.n.k.a.p.GlobalProcedures] Failed to load `META-INF.versions.9.org.yaml.snakeyaml.internal.Logger$Level` from plugin jar `/plugins/apoc-extended.jar`: java.lang.NoClassDefFoundError: org/yaml/snakeyaml/internal/Logger$Level (wrong name: META-INF/versions/9/org/yaml/snakeyaml/internal/Logger$Level)
2025-04-12 03:34:16.885+0000 WARN  [o.n.k.a.p.GlobalProcedures] Failed to load `com.neo4j.gds.metrics.ShutdownFailureMetric` from plugin jar `/plugins/graph-data-science.jar`: java.lang.NoClassDefFoundError: io/prometheus/client/Collector
2025-04-12 03:34:16.961+0000 WARN  [o.n.k.a.p.GlobalProcedures] Failed to load `com.opencsv.bean.AbstractMappingStrategy` from plugin jar `/plugins/apoc.jar`: java.lang.NoClassDefFoundError: org/apache/commons/collections4/MultiValuedMap
2025-04-12 03:34:16.982+0000 WARN  [o.n.k.a.p.GlobalProcedures] Failed to load `apoc.redis.RedisConnection` from plugin jar `/plugins/apoc-extended.jar`: java.lang.NoClassDefFoundError: io/lettuce/core/RedisClient
2025-04-12 03:34:17.040+0000 WARN  [o.n.k.a.p.GlobalProcedures] Failed to load `com.neo4j.gds.extension.MetricsLifecycle` from plugin jar `/plugins/graph-data-science.jar`: java.lang.NoClassDefFoundError: com/neo4j/metrics/MetricsManager
2025-04-12 03:34:17.182+0000 WARN  [o.n.k.a.p.GlobalProcedures] Failed to load `com.neo4j.gds.shaded.io.netty.handler.ssl.ConscryptAlpnSslEngine` from plugin jar `/plugins/graph-data-science.jar`: java.lang.NoClassDefFoundError: com/neo4j/gds/shaded/org/conscrypt/AllocatedBuffer
2025-04-12 03:34:17.330+0000 WARN  [o.n.k.a.p.GlobalProcedures] Failed to load `apoc.nlp.aws.RealAWSClient` from plugin jar `/plugins/apoc-extended.jar`: java.lang.NoClassDefFoundError: com/amazonaws/services/comprehend/model/BatchDetectSentimentResult
2025-04-12 03:34:17.383+0000 WARN  [o.n.k.a.p.GlobalProcedures] Failed to load `com.neo4j.gds.shaded.io.netty.handler.ssl.JettyAlpnSslEngine$ClientEngine$1` from plugin jar `/plugins/graph-data-science.jar`: java.lang.NoClassDefFoundError: com/neo4j/gds/shaded/org/eclipse/jetty/alpn/ALPN$ClientProvider
2025-04-12 03:34:17.490+0000 WARN  [o.n.k.a.p.GlobalProcedures] Failed to load `com.neo4j.gds.metrics.PrometheusMetricWithTimer` from plugin jar `/plugins/graph-data-science.jar`: java.lang.NoClassDefFoundError: io/prometheus/client/Counter
2025-04-12 03:34:17.534+0000 WARN  [o.n.k.a.p.GlobalProcedures] Failed to load `com.neo4j.gds.shaded.io.netty.handler.codec.compression.Lz4FrameDecoder` from plugin jar `/plugins/graph-data-science.jar`: java.lang.NoClassDefFoundError: net/jpountz/lz4/LZ4Exception
2025-04-12 03:34:17.683+0000 WARN  [o.n.k.a.p.GlobalProcedures] Failed to load `com.neo4j.gds.core.write.CypherRelationshipStreamExporterBuilder` from plugin jar `/plugins/graph-data-science.jar`: java.lang.NoClassDefFoundError: com/neo4j/kernel/enterprise/api/security/EnterpriseLoginContext
2025-04-12 03:34:17.701+0000 WARN  [o.n.k.a.p.GlobalProcedures] Failed to load `com.neo4j.gds.metrics.RestoreFailureMetric` from plugin jar `/plugins/graph-data-science.jar`: java.lang.NoClassDefFoundError: io/prometheus/client/Collector
2025-04-12 03:34:17.752+0000 WARN  [o.n.k.a.p.GlobalProcedures] Failed to load `com.neo4j.gds.shaded.io.netty.handler.ssl.ConscryptAlpnSslEngine$ClientEngine` from plugin jar `/plugins/graph-data-science.jar`: java.lang.NoClassDefFoundError: com/neo4j/gds/shaded/org/conscrypt/BufferAllocator
2025-04-12 03:34:17.805+0000 WARN  [o.n.k.a.p.GlobalProcedures] Failed to load `apoc.util.s3.S3Aws$1` from plugin jar `/plugins/apoc.jar`: java.lang.NoClassDefFoundError: com/amazonaws/services/s3/model/S3ObjectInputStream
2025-04-12 03:34:17.885+0000 WARN  [o.n.k.a.p.GlobalProcedures] Failed to load `com.neo4j.gds.shaded.org.reflections.vfs.JbossFile` from plugin jar `/plugins/graph-data-science.jar`: java.lang.NoClassDefFoundError: com/neo4j/gds/shaded/org/jboss/vfs/VirtualFile
2025-04-12 03:34:17.940+0000 WARN  [o.n.k.a.p.GlobalProcedures] Failed to load `apoc.nlp.azure.AzureProcedures` from plugin jar `/plugins/apoc-extended.jar`: java.lang.NoClassDefFoundError: kotlin/jvm/functions/Function1
2025-04-12 03:34:17.955+0000 WARN  [o.n.k.a.p.GlobalProcedures] Failed to load `net.minidev.asm.ASMUtil` from plugin jar `/plugins/apoc.jar`: java.lang.NoClassDefFoundError: org/objectweb/asm/MethodVisitor
2025-04-12 03:34:17.990+0000 WARN  [o.n.k.a.p.GlobalProcedures] Failed to load `com.jayway.jsonpath.spi.json.JakartaJsonProvider$JsonObjectProxy$1` from plugin jar `/plugins/apoc.jar`: java.lang.NoClassDefFoundError: jakarta/json/JsonObject
2025-04-12 03:34:18.102+0000 WARN  [o.n.k.a.p.GlobalProcedures] Failed to load `apoc.nlp.aws.AWSVirtualSentimentVirtualGraph` from plugin jar `/plugins/apoc-extended.jar`: java.lang.NoClassDefFoundError: com/amazonaws/services/comprehend/model/BatchDetectSentimentResult
2025-04-12 03:34:18.123+0000 WARN  [o.n.k.a.p.GlobalProcedures] Failed to load `com.neo4j.gds.ClusterExporterBuilderCatalog` from plugin jar `/plugins/graph-data-science.jar`: java.lang.NoClassDefFoundError: com/neo4j/kernel/enterprise/api/security/EnterpriseLoginContext
2025-04-12 03:34:18.196+0000 WARN  [o.n.k.a.p.GlobalProcedures] Failed to load `com.opencsv.bean.CsvToBeanBuilder` from plugin jar `/plugins/apoc.jar`: java.lang.NoClassDefFoundError: org/apache/commons/collections4/ListValuedMap
2025-04-12 03:34:18.246+0000 WARN  [o.n.k.a.p.GlobalProcedures] Failed to load `com.jayway.jsonpath.spi.json.JakartaJsonProvider$JsonArrayProxy` from plugin jar `/plugins/apoc.jar`: java.lang.NoClassDefFoundError: jakarta/json/JsonArray
2025-04-12 03:34:18.305+0000 WARN  [o.n.k.a.p.GlobalProcedures] Failed to load `com.neo4j.gds.shaded.org.reflections.vfs.JbossDir` from plugin jar `/plugins/graph-data-science.jar`: java.lang.NoClassDefFoundError: com/neo4j/gds/shaded/org/jboss/vfs/VirtualFile
2025-04-12 03:34:18.362+0000 WARN  [o.n.k.a.p.GlobalProcedures] Failed to load `org.antlr.v4.gui.TreePostScriptGenerator` from plugin jar `/plugins/apoc-extended.jar`: java.lang.NoClassDefFoundError: org/abego/treelayout/NodeExtentProvider
2025-04-12 03:34:18.386+0000 WARN  [o.n.k.a.p.GlobalProcedures] Failed to load `com.neo4j.gds.shaded.io.netty.handler.codec.compression.BrotliEncoder` from plugin jar `/plugins/graph-data-science.jar`: java.lang.NoClassDefFoundError: com/neo4j/gds/shaded/com/aayushatharva/brotli4j/encoder/Encoder$Parameters
2025-04-12 03:34:18.391+0000 WARN  [o.n.k.a.p.GlobalProcedures] Failed to load `com.neo4j.gds.metrics.AuraBackupTimeMetric` from plugin jar `/plugins/graph-data-science.jar`: java.lang.NoClassDefFoundError: io/prometheus/client/Collector
2025-04-12 03:34:18.457+0000 WARN  [o.n.k.a.p.GlobalProcedures] Failed to load `com.neo4j.gds.shaded.io.netty.handler.codec.marshalling.LimitingByteInput` from plugin jar `/plugins/graph-data-science.jar`: java.lang.NoClassDefFoundError: com/neo4j/gds/shaded/org/jboss/marshalling/ByteInput
2025-04-12 03:34:18.506+0000 WARN  [o.n.k.a.p.GlobalProcedures] Failed to load `com.neo4j.gds.shaded.io.netty.handler.codec.marshalling.ThreadLocalUnmarshallerProvider` from plugin jar `/plugins/graph-data-science.jar`: java.lang.NoClassDefFoundError: com/neo4j/gds/shaded/org/jboss/marshalling/Unmarshaller
2025-04-12 03:34:18.634+0000 WARN  [o.n.k.a.p.GlobalProcedures] Failed to load `com.neo4j.gds.shaded.io.netty.util.internal.Hidden` from plugin jar `/plugins/graph-data-science.jar`: java.lang.NoClassDefFoundError: reactor/blockhound/integration/BlockHoundIntegration
2025-04-12 03:34:18.638+0000 WARN  [o.n.k.a.p.GlobalProcedures] Failed to load `com.opencsv.bean.concurrent.AccumulateCsvResults` from plugin jar `/plugins/apoc.jar`: java.lang.NoClassDefFoundError: org/apache/commons/collections4/ListValuedMap
2025-04-12 03:34:18.732+0000 WARN  [o.n.k.a.p.GlobalProcedures] Failed to load `apoc.nlp.gcp.GCPProcedures` from plugin jar `/plugins/apoc-extended.jar`: java.lang.NoClassDefFoundError: kotlin/jvm/functions/Function1
2025-04-12 03:34:18.802+0000 WARN  [o.n.k.a.p.GlobalProcedures] Failed to load `com.neo4j.gds.shaded.io.netty.handler.ssl.ConscryptAlpnSslEngine$ClientEngine$1` from plugin jar `/plugins/graph-data-science.jar`: java.lang.NoClassDefFoundError: com/neo4j/gds/shaded/org/conscrypt/HandshakeListener
2025-04-12 03:34:18.860+0000 WARN  [o.n.k.a.p.GlobalProcedures] Failed to load `com.neo4j.gds.shaded.io.netty.handler.codec.marshalling.MarshallingDecoder` from plugin jar `/plugins/graph-data-science.jar`: java.lang.NoClassDefFoundError: com/neo4j/gds/shaded/org/jboss/marshalling/ByteInput
2025-04-12 03:34:18.920+0000 WARN  [o.n.k.a.p.GlobalProcedures] Failed to load `com.jayway.jsonpath.spi.json.JakartaJsonProvider` from plugin jar `/plugins/apoc.jar`: java.lang.NoClassDefFoundError: jakarta/json/JsonObject
2025-04-12 03:34:19.010+0000 WARN  [o.n.k.a.p.GlobalProcedures] Failed to load `apoc.couchbase.document.CouchbaseUtils` from plugin jar `/plugins/apoc-extended.jar`: java.lang.NoClassDefFoundError: com/couchbase/client/core/msg/kv/MutationToken
2025-04-12 03:34:19.040+0000 WARN  [o.n.k.a.p.GlobalProcedures] Failed to load `com.opencsv.bean.FieldMapByPosition$1` from plugin jar `/plugins/apoc.jar`: java.lang.NoClassDefFoundError: org/apache/commons/collections4/iterators/LazyIteratorChain
2025-04-12 03:34:19.067+0000 WARN  [o.n.k.a.p.GlobalProcedures] Failed to load `apoc.export.xls.ExportXlsHandler` from plugin jar `/plugins/apoc-extended.jar`: java.lang.NoClassDefFoundError: org/apache/poi/ss/usermodel/Workbook
2025-04-12 03:34:19.075+0000 WARN  [o.n.k.a.p.GlobalProcedures] Failed to load `apoc.couchbase.CouchbaseConfig$TrancoderConfig` from plugin jar `/plugins/apoc-extended.jar`: java.lang.NoClassDefFoundError: com/couchbase/client/java/codec/Transcoder
2025-04-12 03:34:19.117+0000 WARN  [o.n.k.a.p.GlobalProcedures] Failed to load `com.neo4j.gds.shaded.io.netty.handler.codec.compression.BrotliOptions` from plugin jar `/plugins/graph-data-science.jar`: java.lang.NoClassDefFoundError: com/neo4j/gds/shaded/com/aayushatharva/brotli4j/encoder/Encoder$Parameters
2025-04-12 03:34:19.145+0000 WARN  [o.n.k.a.p.GlobalProcedures] Failed to load `com.neo4j.gds.metrics.procedures.PrometheusDeprecatedProceduresMetricRegistrar` from plugin jar `/plugins/graph-data-science.jar`: java.lang.NoClassDefFoundError: io/prometheus/client/Counter
2025-04-12 03:34:19.164+0000 WARN  [o.n.k.a.p.GlobalProcedures] Failed to load `com.neo4j.gds.shaded.javassist.util.HotSwapper` from plugin jar `/plugins/graph-data-science.jar`: java.lang.NoClassDefFoundError: com/neo4j/gds/shaded/com/sun/jdi/request/EventRequest
2025-04-12 03:34:19.202+0000 WARN  [o.n.k.a.p.GlobalProcedures] Failed to load `com.jayway.jsonpath.spi.json.JsonOrgJsonProvider` from plugin jar `/plugins/apoc.jar`: java.lang.NoClassDefFoundError: org/json/JSONException
2025-04-12 03:34:19.412+0000 WARN  [o.n.k.a.p.GlobalProcedures] Failed to load `apoc.util.s3.S3Aws` from plugin jar `/plugins/apoc.jar`: java.lang.NoClassDefFoundError: com/amazonaws/auth/AWSCredentials
2025-04-12 03:34:19.469+0000 WARN  [o.n.k.a.p.GlobalProcedures] Failed to load `apoc.nlp.aws.AWSVirtualEntitiesGraph` from plugin jar `/plugins/apoc-extended.jar`: java.lang.NoClassDefFoundError: com/amazonaws/services/comprehend/model/BatchDetectEntitiesResult
2025-04-12 03:34:19.613+0000 WARN  [o.n.k.a.p.GlobalProcedures] Failed to load `com.opencsv.bean.concurrent.IntolerantThreadPoolExecutor` from plugin jar `/plugins/apoc.jar`: java.lang.NoClassDefFoundError: org/apache/commons/collections4/ListValuedMap
2025-04-12 03:34:19.632+0000 WARN  [o.n.k.a.p.GlobalProcedures] Failed to load `com.neo4j.gds.shaded.io.netty.handler.codec.marshalling.MarshallerProvider` from plugin jar `/plugins/graph-data-science.jar`: java.lang.NoClassDefFoundError: com/neo4j/gds/shaded/org/jboss/marshalling/Marshaller
2025-04-12 03:34:19.637+0000 WARN  [o.n.k.a.p.GlobalProcedures] Failed to load `apoc.nlp.azure.AzureProcedures$keyPhrases$2` from plugin jar `/plugins/apoc-extended.jar`: java.lang.NoClassDefFoundError: kotlin/jvm/functions/Function1
2025-04-12 03:34:19.675+0000 WARN  [o.n.k.a.p.GlobalProcedures] Failed to load `com.neo4j.gds.shaded.io.netty.handler.codec.compression.ZstdDecoder` from plugin jar `/plugins/graph-data-science.jar`: java.lang.NoClassDefFoundError: com/neo4j/gds/shaded/com/github/luben/zstd/ZstdInputStreamNoFinalizer
2025-04-12 03:34:19.688+0000 WARN  [o.n.k.a.p.GlobalProcedures] Failed to load `com.neo4j.gds.metrics.ShutdownTimeMetric` from plugin jar `/plugins/graph-data-science.jar`: java.lang.NoClassDefFoundError: io/prometheus/client/Collector
2025-04-12 03:34:19.721+0000 WARN  [o.n.k.a.p.GlobalProcedures] Failed to load `com.opencsv.bean.customconverter.ConvertFrenchToBoolean` from plugin jar `/plugins/apoc.jar`: java.lang.NoClassDefFoundError: org/apache/commons/beanutils/ConversionException
2025-04-12 03:34:19.724+0000 WARN  [o.n.k.a.p.GlobalProcedures] Failed to load `com.jayway.jsonpath.spi.mapper.JakartaMappingProvider$JsonObjectScope` from plugin jar `/plugins/apoc.jar`: java.lang.NoClassDefFoundError: jakarta/json/JsonValue
2025-04-12 03:34:19.839+0000 WARN  [o.n.k.a.p.GlobalProcedures] Failed to load `com.neo4j.gds.shaded.com.fasterxml.jackson.databind.ext.DOMDeserializer` from plugin jar `/plugins/graph-data-science.jar`: java.lang.NoClassDefFoundError: com/neo4j/gds/shaded/org/w3c/dom/Document
2025-04-12 03:34:19.909+0000 WARN  [o.n.k.a.p.GlobalProcedures] Failed to load `com.neo4j.gds.shaded.io.netty.handler.codec.marshalling.ContextBoundUnmarshallerProvider` from plugin jar `/plugins/graph-data-science.jar`: java.lang.NoClassDefFoundError: com/neo4j/gds/shaded/org/jboss/marshalling/Unmarshaller
2025-04-12 03:34:19.946+0000 WARN  [o.n.k.a.p.GlobalProcedures] Failed to load `com.opencsv.bean.StatefulBeanToCsvBuilder` from plugin jar `/plugins/apoc.jar`: java.lang.NoClassDefFoundError: org/apache/commons/collections4/ListValuedMap
2025-04-12 03:34:20.064+0000 WARN  [o.n.k.a.p.GlobalProcedures] Failed to load `com.neo4j.gds.shaded.io.netty.handler.codec.compression.JZlibDecoder` from plugin jar `/plugins/graph-data-science.jar`: java.lang.NoClassDefFoundError: com/neo4j/gds/shaded/com/jcraft/jzlib/Inflater
2025-04-12 03:34:20.145+0000 WARN  [o.n.k.a.p.GlobalProcedures] Failed to load `apoc.util.s3.S3OutputStream$S3UploadManager` from plugin jar `/plugins/apoc.jar`: java.lang.NoClassDefFoundError: com/amazonaws/services/s3/AmazonS3
2025-04-12 03:34:20.175+0000 WARN  [o.n.k.a.p.GlobalProcedures] Failed to load `com.opencsv.bean.ConverterPrimitiveTypes` from plugin jar `/plugins/apoc.jar`: java.lang.NoClassDefFoundError: org/apache/commons/beanutils/ConversionException
2025-04-12 03:34:20.367+0000 WARN  [o.n.k.a.p.GlobalProcedures] Failed to load `com.neo4j.gds.shaded.net.bytebuddy.dynamic.loading.ClassInjector$UsingJna$Dispatcher` from plugin jar `/plugins/graph-data-science.jar`: java.lang.NoClassDefFoundError: com/neo4j/gds/shaded/com/sun/jna/Library
2025-04-12 03:34:20.378+0000 WARN  [o.n.k.a.p.GlobalProcedures] Failed to load `com.jayway.jsonpath.spi.mapper.JakartaMappingProvider$JsonStructureScope` from plugin jar `/plugins/apoc.jar`: java.lang.NoClassDefFoundError: jakarta/json/JsonValue
2025-04-12 03:34:20.501+0000 WARN  [o.n.k.a.p.GlobalProcedures] Failed to load `com.neo4j.gds.shaded.com.fasterxml.jackson.databind.ext.DOMDeserializer$NodeDeserializer` from plugin jar `/plugins/graph-data-science.jar`: java.lang.NoClassDefFoundError: com/neo4j/gds/shaded/org/w3c/dom/Node
2025-04-12 03:34:20.516+0000 WARN  [o.n.k.a.p.GlobalProcedures] Failed to load `apoc.nlp.aws.AWSProcedures$sentimentStream$2` from plugin jar `/plugins/apoc-extended.jar`: java.lang.NoClassDefFoundError: kotlin/jvm/functions/Function1
2025-04-12 03:34:20.518+0000 WARN  [o.n.k.a.p.GlobalProcedures] Failed to load `apoc.mongodb.MongoDbCollInterface` from plugin jar `/plugins/apoc-extended.jar`: java.lang.NoClassDefFoundError: org/bson/Document
2025-04-12 03:34:20.543+0000 WARN  [o.n.k.a.p.GlobalProcedures] Failed to load `org.antlr.v4.gui.TreePostScriptGenerator$VariableExtentProvide` from plugin jar `/plugins/apoc-extended.jar`: java.lang.NoClassDefFoundError: org/abego/treelayout/NodeExtentProvider
2025-04-12 03:34:20.648+0000 WARN  [o.n.k.a.p.GlobalProcedures] Failed to load `com.neo4j.gds.shaded.io.netty.handler.ssl.JettyAlpnSslEngine$ServerEngine$1` from plugin jar `/plugins/graph-data-science.jar`: java.lang.NoClassDefFoundError: com/neo4j/gds/shaded/org/eclipse/jetty/alpn/ALPN$ServerProvider
2025-04-12 03:34:20.651+0000 WARN  [o.n.k.a.p.GlobalProcedures] Failed to load `com.neo4j.gds.shaded.io.netty.handler.ssl.JettyAlpnSslEngine$ServerEngine` from plugin jar `/plugins/graph-data-science.jar`: java.lang.NoClassDefFoundError: com/neo4j/gds/shaded/org/eclipse/jetty/alpn/ALPN$Provider
2025-04-12 03:34:20.692+0000 WARN  [o.n.k.a.p.GlobalProcedures] Failed to load `apoc.nlp.aws.AWSClient` from plugin jar `/plugins/apoc-extended.jar`: java.lang.NoClassDefFoundError: com/amazonaws/services/comprehend/model/BatchDetectSentimentResult
2025-04-12 03:34:20.724+0000 WARN  [o.n.k.a.p.GlobalProcedures] Failed to load `com.opencsv.bean.HeaderColumnNameTranslateMappingStrategy` from plugin jar `/plugins/apoc.jar`: java.lang.NoClassDefFoundError: org/apache/commons/collections4/MultiValuedMap
2025-04-12 03:34:20.758+0000 WARN  [o.n.k.a.p.GlobalProcedures] Failed to load `apoc.nlp.aws.AWSVirtualKeyPhrasesGraph` from plugin jar `/plugins/apoc-extended.jar`: java.lang.NoClassDefFoundError: com/amazonaws/services/comprehend/model/BatchDetectKeyPhrasesResult
2025-04-12 03:34:20.795+0000 WARN  [o.n.k.a.p.GlobalProcedures] Failed to load `com.opencsv.bean.MappingStrategy` from plugin jar `/plugins/apoc.jar`: java.lang.NoClassDefFoundError: org/apache/commons/collections4/MultiValuedMap
2025-04-12 03:34:20.845+0000 WARN  [o.n.k.a.p.GlobalProcedures] Failed to load `com.neo4j.gds.shaded.io.netty.handler.codec.marshalling.ChannelBufferByteOutput` from plugin jar `/plugins/graph-data-science.jar`: java.lang.NoClassDefFoundError: com/neo4j/gds/shaded/org/jboss/marshalling/ByteOutput
2025-04-12 03:34:20.996+0000 WARN  [o.n.k.a.p.GlobalProcedures] Failed to load `com.neo4j.gds.metrics.GdsMetric` from plugin jar `/plugins/graph-data-science.jar`: java.lang.NoClassDefFoundError: io/prometheus/client/Collector
2025-04-12 03:34:21.040+0000 WARN  [o.n.k.a.p.GlobalProcedures] Failed to load `com.neo4j.gds.metrics.AuraBackupFailureMetric$Listener` from plugin jar `/plugins/graph-data-science.jar`: java.lang.NoClassDefFoundError: io/prometheus/client/Counter
2025-04-12 03:34:21.053+0000 WARN  [o.n.k.a.p.GlobalProcedures] Failed to load `apoc.nlp.aws.AWSProcedures` from plugin jar `/plugins/apoc-extended.jar`: java.lang.NoClassDefFoundError: kotlin/jvm/functions/Function1
2025-04-12 03:34:21.135+0000 WARN  [o.n.k.a.p.GlobalProcedures] Failed to load `com.opencsv.bean.HeaderNameBaseMappingStrategy` from plugin jar `/plugins/apoc.jar`: java.lang.NoClassDefFoundError: org/apache/commons/collections4/MultiValuedMap
2025-04-12 03:34:21.186+0000 WARN  [o.n.k.a.p.GlobalProcedures] Failed to load `com.neo4j.gds.core.write.DefaultQueryRunner` from plugin jar `/plugins/graph-data-science.jar`: java.lang.NoClassDefFoundError: com/neo4j/kernel/enterprise/api/security/EnterpriseLoginContext
2025-04-12 03:34:21.224+0000 WARN  [o.n.k.a.p.GlobalProcedures] Failed to load `com.opencsv.bean.ColumnPositionMappingStrategy` from plugin jar `/plugins/apoc.jar`: java.lang.NoClassDefFoundError: org/apache/commons/collections4/MultiValuedMap
2025-04-12 03:34:21.308+0000 WARN  [o.n.k.a.p.GlobalProcedures] Failed to load `apoc.mongodb.MongoDBUtils` from plugin jar `/plugins/apoc-extended.jar`: java.lang.NoClassDefFoundError: org/bson/Document
2025-04-12 03:34:21.333+0000 WARN  [o.n.k.a.p.GlobalProcedures] Failed to load `com.neo4j.gds.shaded.io.netty.util.internal.Hidden$NettyBlockHoundIntegration` from plugin jar `/plugins/graph-data-science.jar`: java.lang.NoClassDefFoundError: reactor/blockhound/integration/BlockHoundIntegration
2025-04-12 03:34:21.477+0000 WARN  [o.n.k.a.p.GlobalProcedures] Failed to load `com.neo4j.gds.core.write.CypherRelationshipPropertiesExporterBuilder` from plugin jar `/plugins/graph-data-science.jar`: java.lang.NoClassDefFoundError: com/neo4j/kernel/enterprise/api/security/EnterpriseLoginContext
2025-04-12 03:34:21.519+0000 WARN  [o.n.k.a.p.GlobalProcedures] Failed to load `com.neo4j.gds.metrics.StoredModelsMetric` from plugin jar `/plugins/graph-data-science.jar`: java.lang.NoClassDefFoundError: io/prometheus/client/Collector
2025-04-12 03:34:21.571+0000 WARN  [o.n.k.a.p.GlobalProcedures] Failed to load `com.neo4j.gds.metrics.GdsMetrics` from plugin jar `/plugins/graph-data-science.jar`: java.lang.NoClassDefFoundError: io/prometheus/client/CollectorRegistry
2025-04-12 03:34:21.577+0000 WARN  [o.n.k.a.p.GlobalProcedures] Failed to load `com.neo4j.gds.shaded.io.netty.handler.ssl.ConscryptAlpnSslEngine$ServerEngine$1` from plugin jar `/plugins/graph-data-science.jar`: java.lang.NoClassDefFoundError: com/neo4j/gds/shaded/org/conscrypt/HandshakeListener
2025-04-12 03:34:21.609+0000 WARN  [o.n.k.a.p.GlobalProcedures] Failed to load `schemacrawler.tools.command.text.diagram.GraphvizJavaExecutorUtility` from plugin jar `/plugins/apoc-extended.jar`: java.lang.NoClassDefFoundError: guru/nidi/graphviz/engine/Format
2025-04-12 03:34:21.722+0000 WARN  [o.n.k.a.p.GlobalProcedures] Failed to load `apoc.mongodb.MongoDBColl` from plugin jar `/plugins/apoc-extended.jar`: java.lang.NoClassDefFoundError: org/bson/conversions/Bson
2025-04-12 03:34:21.738+0000 WARN  [o.n.k.a.p.GlobalProcedures] Failed to load `apoc.mongodb.MongoDbConfig` from plugin jar `/plugins/apoc-extended.jar`: java.lang.NoClassDefFoundError: org/bson/Document
2025-04-12 03:34:21.936+0000 WARN  [o.n.k.a.p.GlobalProcedures] Failed to load `com.neo4j.gds.metrics.AuraBackupFailureMetric` from plugin jar `/plugins/graph-data-science.jar`: java.lang.NoClassDefFoundError: io/prometheus/client/Collector
2025-04-12 03:34:21.967+0000 WARN  [o.n.k.a.p.GlobalProcedures] Failed to load `com.neo4j.gds.metrics.algorithms.PrometheusMetricsForAlgorithmsProvider` from plugin jar `/plugins/graph-data-science.jar`: java.lang.NoClassDefFoundError: io/prometheus/client/Counter
2025-04-12 03:34:22.064+0000 WARN  [o.n.k.a.p.GlobalProcedures] Failed to load `com.opencsv.bean.HeaderColumnNameMappingStrategy` from plugin jar `/plugins/apoc.jar`: java.lang.NoClassDefFoundError: org/apache/commons/collections4/MultiValuedMap
2025-04-12 03:34:22.080+0000 WARN  [o.n.k.a.p.GlobalProcedures] Failed to load `apoc.redis.StringRedisConnection` from plugin jar `/plugins/apoc-extended.jar`: java.lang.NoClassDefFoundError: io/lettuce/core/codec/RedisCodec
2025-04-12 03:34:22.096+0000 WARN  [o.n.k.a.p.GlobalProcedures] Failed to load `apoc.nlp.aws.DummyAWSClient` from plugin jar `/plugins/apoc-extended.jar`: java.lang.NoClassDefFoundError: com/amazonaws/services/comprehend/model/BatchDetectSentimentResult
2025-04-12 03:34:22.160+0000 WARN  [o.n.k.a.p.GlobalProcedures] Failed to load `com.neo4j.gds.shaded.io.netty.handler.codec.compression.StandardCompressionOptions` from plugin jar `/plugins/graph-data-science.jar`: java.lang.NoClassDefFoundError: com/neo4j/gds/shaded/com/aayushatharva/brotli4j/encoder/Encoder$Parameters
2025-04-12 03:34:22.184+0000 WARN  [o.n.k.a.p.GlobalProcedures] Failed to load `com.opencsv.bean.concurrent.LineExecutor` from plugin jar `/plugins/apoc.jar`: java.lang.NoClassDefFoundError: org/apache/commons/collections4/ListValuedMap
2025-04-12 03:34:22.214+0000 WARN  [o.n.k.a.p.GlobalProcedures] Failed to load `apoc.nlp.gcp.GCPProcedures$entitiesStream$2` from plugin jar `/plugins/apoc-extended.jar`: java.lang.NoClassDefFoundError: kotlin/jvm/functions/Function1
2025-04-12 03:34:22.241+0000 WARN  [o.n.k.a.p.GlobalProcedures] Failed to load `com.neo4j.gds.arrow.server.metrics.PrometheusFlightMetrics` from plugin jar `/plugins/graph-data-science.jar`: java.lang.NoClassDefFoundError: io/prometheus/client/Counter
2025-04-12 03:34:22.328+0000 WARN  [o.n.k.a.p.GlobalProcedures] Failed to load `com.neo4j.gds.shaded.io.netty.handler.codec.marshalling.UnmarshallerProvider` from plugin jar `/plugins/graph-data-science.jar`: java.lang.NoClassDefFoundError: com/neo4j/gds/shaded/org/jboss/marshalling/Unmarshaller
2025-04-12 03:34:22.342+0000 WARN  [o.n.k.a.p.GlobalProcedures] Failed to load `org.antlr.v4.unicode.UnicodeDataTemplateController` from plugin jar `/plugins/apoc-extended.jar`: java.lang.NoClassDefFoundError: com/ibm/icu/text/UnicodeSet
2025-04-12 03:34:22.370+0000 WARN  [o.n.k.a.p.GlobalProcedures] Failed to load `com.neo4j.gds.shaded.io.netty.handler.codec.compression.Lz4FrameEncoder` from plugin jar `/plugins/graph-data-science.jar`: java.lang.NoClassDefFoundError: net/jpountz/lz4/LZ4Exception
2025-04-12 03:34:22.439+0000 WARN  [o.n.k.a.p.GlobalProcedures] Failed to load `com.neo4j.gds.shaded.io.netty.handler.ssl.ConscryptAlpnSslEngine$BufferAdapter` from plugin jar `/plugins/graph-data-science.jar`: java.lang.NoClassDefFoundError: com/neo4j/gds/shaded/org/conscrypt/AllocatedBuffer
2025-04-12 03:34:22.486+0000 WARN  [o.n.k.a.p.GlobalProcedures] Failed to load `com.neo4j.gds.shaded.net.bytebuddy.dynamic.loading.ClassInjector$UsingJna$Dispatcher$Jvm` from plugin jar `/plugins/graph-data-science.jar`: java.lang.NoClassDefFoundError: com/neo4j/gds/shaded/com/sun/jna/Library
2025-04-12 03:34:22.592+0000 WARN  [o.n.k.a.p.GlobalProcedures] Failed to load `org.antlr.v4.gui.TreeViewer` from plugin jar `/plugins/apoc-extended.jar`: java.lang.NoClassDefFoundError: org/abego/treelayout/NodeExtentProvider
2025-04-12 03:34:22.646+0000 WARN  [o.n.k.a.p.GlobalProcedures] Failed to load `apoc.load.xls.LoadXlsHandler$XLSSpliterator` from plugin jar `/plugins/apoc-extended.jar`: java.lang.NoClassDefFoundError: org/apache/poi/ss/usermodel/Sheet
2025-04-12 03:34:22.712+0000 WARN  [o.n.k.a.p.GlobalProcedures] Failed to load `apoc.load.xls.LoadXlsHandler` from plugin jar `/plugins/apoc-extended.jar`: java.lang.NoClassDefFoundError: org/apache/poi/ss/usermodel/Cell
2025-04-12 03:34:22.801+0000 WARN  [o.n.k.a.p.GlobalProcedures] Failed to load `apoc.util.s3.S3URLConnection` from plugin jar `/plugins/apoc.jar`: java.lang.NoClassDefFoundError: com/amazonaws/ClientConfiguration
2025-04-12 03:34:22.828+0000 WARN  [o.n.k.a.p.GlobalProcedures] Failed to load `com.jayway.jsonpath.spi.json.JakartaJsonProvider$JsonObjectProxy` from plugin jar `/plugins/apoc.jar`: java.lang.NoClassDefFoundError: jakarta/json/JsonObject
2025-04-12 03:34:22.923+0000 WARN  [o.n.k.a.p.GlobalProcedures] Failed to load `com.neo4j.gds.shaded.io.netty.handler.codec.compression.LzfEncoder` from plugin jar `/plugins/graph-data-science.jar`: java.lang.NoClassDefFoundError: com/neo4j/gds/shaded/com/ning/compress/lzf/ChunkEncoder
2025-04-12 03:34:22.938+0000 WARN  [o.n.k.a.p.GlobalProcedures] Failed to load `com.neo4j.gds.shaded.io.netty.handler.codec.compression.BrotliDecoder` from plugin jar `/plugins/graph-data-science.jar`: java.lang.NoClassDefFoundError: com/neo4j/gds/shaded/com/aayushatharva/brotli4j/decoder/DecoderJNI$Wrapper
2025-04-12 03:34:22.999+0000 WARN  [o.n.k.a.p.GlobalProcedures] Failed to load `apoc.nlp.azure.AzureProcedures$sentiment$2` from plugin jar `/plugins/apoc-extended.jar`: java.lang.NoClassDefFoundError: kotlin/jvm/functions/Function1
2025-04-12 03:34:23.014+0000 WARN  [o.n.k.a.p.GlobalProcedures] Failed to load `META-INF.versions.9.org.yaml.snakeyaml.internal.Logger` from plugin jar `/plugins/apoc-extended.jar`: java.lang.NoClassDefFoundError: org/yaml/snakeyaml/internal/Logger (wrong name: META-INF/versions/9/org/yaml/snakeyaml/internal/Logger)
2025-04-12 03:34:23.070+0000 WARN  [o.n.k.a.p.GlobalProcedures] Failed to load `META-INF.versions.9.module-info` from plugin jar `/plugins/apoc.jar`: java.lang.NoClassDefFoundError: META-INF/versions/9/module-info is not a class because access_flag ACC_MODULE is set
2025-04-12 03:34:23.126+0000 WARN  [o.n.k.a.p.GlobalProcedures] Failed to load `com.neo4j.gds.shaded.com.fasterxml.jackson.databind.ext.DOMSerializer` from plugin jar `/plugins/graph-data-science.jar`: java.lang.NoClassDefFoundError: com/neo4j/gds/shaded/org/w3c/dom/Node
2025-04-12 03:34:23.152+0000 WARN  [o.n.k.a.p.GlobalProcedures] Failed to load `com.opencsv.bean.customconverter.ConverterLanguageToBoolean` from plugin jar `/plugins/apoc.jar`: java.lang.NoClassDefFoundError: org/apache/commons/beanutils/ConversionException
2025-04-12 03:34:23.220+0000 WARN  [o.n.k.a.p.GlobalProcedures] Failed to load `com.neo4j.gds.shaded.io.netty.handler.ssl.BouncyCastlePemReader` from plugin jar `/plugins/graph-data-science.jar`: java.lang.NoClassDefFoundError: com/neo4j/gds/shaded/org/bouncycastle/openssl/jcajce/JcaPEMKeyConverter
2025-04-12 03:34:23.244+0000 WARN  [o.n.k.a.p.GlobalProcedures] Failed to load `com.neo4j.gds.metrics.CreatedModelsMetric` from plugin jar `/plugins/graph-data-science.jar`: java.lang.NoClassDefFoundError: io/prometheus/client/Collector
2025-04-12 03:34:23.359+0000 WARN  [o.n.k.a.p.GlobalProcedures] Failed to load `com.neo4j.gds.shaded.io.netty.handler.codec.marshalling.ThreadLocalMarshallerProvider` from plugin jar `/plugins/graph-data-science.jar`: java.lang.NoClassDefFoundError: com/neo4j/gds/shaded/org/jboss/marshalling/Marshaller
2025-04-12 03:34:23.506+0000 WARN  [o.n.k.a.p.GlobalProcedures] Failed to load `com.neo4j.gds.shaded.io.netty.util.internal.logging.CommonsLogger` from plugin jar `/plugins/graph-data-science.jar`: java.lang.NoClassDefFoundError: com/neo4j/gds/shaded/org/apache/commons/logging/Log
2025-04-12 03:34:23.509+0000 WARN  [o.n.k.a.p.GlobalProcedures] Failed to load `com.neo4j.gds.shaded.io.netty.handler.ssl.ConscryptAlpnSslEngine$BufferAllocatorAdapter` from plugin jar `/plugins/graph-data-science.jar`: java.lang.NoClassDefFoundError: com/neo4j/gds/shaded/org/conscrypt/BufferAllocator
2025-04-12 03:34:23.541+0000 WARN  [o.n.k.a.p.GlobalProcedures] Failed to load `com.neo4j.gds.metrics.LoadModelsMetric` from plugin jar `/plugins/graph-data-science.jar`: java.lang.NoClassDefFoundError: io/prometheus/client/Collector
2025-04-12 03:34:23.556+0000 WARN  [o.n.k.a.p.GlobalProcedures] Failed to load `com.jayway.jsonpath.spi.mapper.JakartaMappingProvider$JsonArrayScope` from plugin jar `/plugins/apoc.jar`: java.lang.NoClassDefFoundError: jakarta/json/JsonValue
2025-04-12 03:34:23.697+0000 WARN  [o.n.k.a.p.GlobalProcedures] Failed to load `com.neo4j.gds.shaded.io.netty.handler.ssl.JettyNpnSslEngine` from plugin jar `/plugins/graph-data-science.jar`: java.lang.NoClassDefFoundError: com/neo4j/gds/shaded/org/eclipse/jetty/npn/NextProtoNego$Provider
2025-04-12 03:34:23.706+0000 WARN  [o.n.k.a.p.GlobalProcedures] Failed to load `com.opencsv.bean.customconverter.ConvertGermanToBoolean` from plugin jar `/plugins/apoc.jar`: java.lang.NoClassDefFoundError: org/apache/commons/beanutils/ConversionException
2025-04-12 03:34:23.836+0000 WARN  [o.n.k.a.p.GlobalProcedures] Failed to load `apoc.util.google.cloud.GCStorageURLConnection` from plugin jar `/plugins/apoc.jar`: java.lang.NoClassDefFoundError: com/google/cloud/storage/Storage
2025-04-12 03:34:24.040+0000 WARN  [o.n.k.a.p.GlobalProcedures] Failed to load `com.neo4j.gds.metrics.ShutdownTimeMetric$Listener` from plugin jar `/plugins/graph-data-science.jar`: java.lang.NoClassDefFoundError: io/prometheus/client/Histogram
2025-04-12 03:34:24.041+0000 WARN  [o.n.k.a.p.GlobalProcedures] Failed to load `com.neo4j.gds.metrics.AuraBackupTimeMetric$Listener` from plugin jar `/plugins/graph-data-science.jar`: java.lang.NoClassDefFoundError: io/prometheus/client/Histogram
2025-04-12 03:34:24.047+0000 WARN  [o.n.k.a.p.GlobalProcedures] Failed to load `com.neo4j.gds.metrics.PrometheusExecutionMetricRegistrar` from plugin jar `/plugins/graph-data-science.jar`: java.lang.NoClassDefFoundError: io/prometheus/client/Counter
2025-04-12 03:34:24.097+0000 WARN  [o.n.k.a.p.GlobalProcedures] Failed to load `com.neo4j.gds.shaded.com.fasterxml.jackson.databind.ext.DOMDeserializer$DocumentDeserializer` from plugin jar `/plugins/graph-data-science.jar`: java.lang.NoClassDefFoundError: com/neo4j/gds/shaded/org/w3c/dom/Document
2025-04-12 03:34:24.100+0000 WARN  [o.n.k.a.p.GlobalProcedures] Failed to load `com.neo4j.gds.shaded.io.netty.handler.codec.compression.Lz4XXHash32` from plugin jar `/plugins/graph-data-science.jar`: java.lang.NoClassDefFoundError: net/jpountz/xxhash/XXHash32
2025-04-12 03:34:24.151+0000 WARN  [o.n.k.a.p.GlobalProcedures] Failed to load `com.neo4j.gds.shaded.io.netty.handler.codec.compression.ZlibUtil` from plugin jar `/plugins/graph-data-science.jar`: java.lang.NoClassDefFoundError: com/neo4j/gds/shaded/com/jcraft/jzlib/Inflater
2025-04-12 03:34:24.243+0000 WARN  [o.n.k.a.p.GlobalProcedures] Failed to load `apoc.nlp.aws.AWSProcedures$entitiesStream$2` from plugin jar `/plugins/apoc-extended.jar`: java.lang.NoClassDefFoundError: kotlin/jvm/functions/Function1
2025-04-12 03:34:24.279+0000 WARN  [o.n.k.a.p.GlobalProcedures] Failed to load `com.opencsv.bean.FuzzyMappingStrategy` from plugin jar `/plugins/apoc.jar`: java.lang.NoClassDefFoundError: org/apache/commons/collections4/MultiValuedMap
2025-04-12 03:34:24.298+0000 WARN  [o.n.k.a.p.GlobalProcedures] Failed to load `com.neo4j.gds.shaded.io.netty.handler.codec.marshalling.CompatibleMarshallingEncoder` from plugin jar `/plugins/graph-data-science.jar`: java.lang.NoClassDefFoundError: com/neo4j/gds/shaded/org/jboss/marshalling/ByteOutput
2025-04-12 03:34:24.305+0000 WARN  [o.n.k.a.p.GlobalProcedures] Failed to load `com.neo4j.gds.shaded.io.netty.handler.ssl.util.BouncyCastleSelfSignedCertGenerator` from plugin jar `/plugins/graph-data-science.jar`: java.lang.NoClassDefFoundError: com/neo4j/gds/shaded/org/bouncycastle/cert/X509v3CertificateBuilder
2025-04-12 03:34:24.405+0000 WARN  [o.n.k.a.p.GlobalProcedures] Failed to load `com.neo4j.gds.shaded.io.netty.handler.codec.marshalling.ChannelBufferByteInput` from plugin jar `/plugins/graph-data-science.jar`: java.lang.NoClassDefFoundError: com/neo4j/gds/shaded/org/jboss/marshalling/ByteInput
2025-04-12 03:34:24.462+0000 WARN  [o.n.k.a.p.GlobalProcedures] Failed to load `apoc.nlp.aws.AWSProcedures$keyPhrasesStream$2` from plugin jar `/plugins/apoc-extended.jar`: java.lang.NoClassDefFoundError: kotlin/jvm/functions/Function1
2025-04-12 03:34:24.522+0000 WARN  [o.n.k.a.p.GlobalProcedures] Failed to load `apoc.nlp.aws.AWSProcedures$Companion` from plugin jar `/plugins/apoc-extended.jar`: java.lang.NoClassDefFoundError: com/amazonaws/services/comprehend/model/BatchDetectSentimentResult
2025-04-12 03:34:24.676+0000 WARN  [o.n.k.a.p.GlobalProcedures] Failed to load `apoc.redis.IRedisConnection` from plugin jar `/plugins/apoc-extended.jar`: java.lang.NoClassDefFoundError: io/lettuce/core/ScriptOutputType
2025-04-12 03:34:24.718+0000 WARN  [o.n.k.a.p.GlobalProcedures] Failed to load `com.jayway.jsonpath.spi.mapper.JakartaMappingProvider$JsonStructureToParserAdapter` from plugin jar `/plugins/apoc.jar`: java.lang.NoClassDefFoundError: jakarta/json/stream/JsonParser
2025-04-12 03:34:24.726+0000 WARN  [o.n.k.a.p.GlobalProcedures] Failed to load `com.neo4j.gds.shaded.io.netty.handler.codec.compression.BrotliEncoder$Writer` from plugin jar `/plugins/graph-data-science.jar`: java.lang.NoClassDefFoundError: com/neo4j/gds/shaded/com/aayushatharva/brotli4j/encoder/BrotliEncoderChannel
2025-04-12 03:34:24.840+0000 WARN  [o.n.k.a.p.GlobalProcedures] Failed to load `com.opencsv.bean.StatefulBeanToCsv` from plugin jar `/plugins/apoc.jar`: java.lang.NoClassDefFoundError: org/apache/commons/collections4/MultiValuedMap
2025-04-12 03:34:24.870+0000 WARN  [o.n.k.a.p.GlobalProcedures] Failed to load `org.antlr.runtime.tree.DOTTreeGenerator` from plugin jar `/plugins/apoc-extended.jar`: java.lang.NoClassDefFoundError: org/antlr/stringtemplate/StringTemplate
2025-04-12 03:34:25.013+0000 WARN  [o.n.k.a.p.GlobalProcedures] Failed to load `com.neo4j.gds.core.write.CypherRelationshipExporterBuilder` from plugin jar `/plugins/graph-data-science.jar`: java.lang.NoClassDefFoundError: com/neo4j/kernel/enterprise/api/security/EnterpriseLoginContext
2025-04-12 03:34:25.061+0000 WARN  [o.n.k.a.p.GlobalProcedures] Failed to load `com.neo4j.gds.shaded.io.netty.util.internal.logging.Log4JLogger` from plugin jar `/plugins/graph-data-science.jar`: java.lang.NoClassDefFoundError: com/neo4j/gds/shaded/org/apache/log4j/Priority
2025-04-12 03:34:25.078+0000 WARN  [o.n.k.a.p.GlobalProcedures] Failed to load `com.neo4j.gds.shaded.net.bytebuddy.dynamic.loading.ClassInjector$UsingJna$Dispatcher$Enabled` from plugin jar `/plugins/graph-data-science.jar`: java.lang.NoClassDefFoundError: com/neo4j/gds/shaded/com/sun/jna/Library
2025-04-12 03:34:25.172+0000 WARN  [o.n.k.a.p.GlobalProcedures] Failed to load `apoc.nlp.aws.AWSVirtualSentimentVirtualGraph$Companion` from plugin jar `/plugins/apoc-extended.jar`: java.lang.NoClassDefFoundError: kotlin/Pair
2025-04-12 03:34:25.253+0000 WARN  [o.n.k.a.p.GlobalProcedures] Failed to load `com.jayway.jsonpath.spi.mapper.JakartaMappingProvider` from plugin jar `/plugins/apoc.jar`: java.lang.NoClassDefFoundError: jakarta/json/stream/JsonParser
2025-04-12 03:34:25.281+0000 WARN  [o.n.k.a.p.GlobalProcedures] Failed to load `com.neo4j.gds.shaded.io.netty.handler.ssl.JettyAlpnSslEngine$ClientEngine` from plugin jar `/plugins/graph-data-science.jar`: java.lang.NoClassDefFoundError: com/neo4j/gds/shaded/org/eclipse/jetty/alpn/ALPN$Provider
2025-04-12 03:34:25.433+0000 WARN  [o.n.k.a.p.GlobalProcedures] Failed to load `com.neo4j.gds.metrics.RestoreFailureMetric$Listener` from plugin jar `/plugins/graph-data-science.jar`: java.lang.NoClassDefFoundError: io/prometheus/client/Counter
2025-04-12 03:34:25.538+0000 WARN  [o.n.k.a.p.GlobalProcedures] Failed to load `apoc.redis.ByteArrayRedisConnection` from plugin jar `/plugins/apoc-extended.jar`: java.lang.NoClassDefFoundError: io/lettuce/core/codec/RedisCodec
2025-04-12 03:34:25.645+0000 WARN  [o.n.k.a.p.GlobalProcedures] Failed to load `apoc.nlp.gcp.GCPProcedures$classifyStream$2` from plugin jar `/plugins/apoc-extended.jar`: java.lang.NoClassDefFoundError: kotlin/jvm/functions/Function1
2025-04-12 03:34:25.646+0000 WARN  [o.n.k.a.p.GlobalProcedures] Failed to load `com.neo4j.gds.core.write.CypherRelationshipStreamExporter` from plugin jar `/plugins/graph-data-science.jar`: java.lang.NoClassDefFoundError: com/neo4j/kernel/enterprise/api/security/EnterpriseLoginContext
2025-04-12 03:34:25.660+0000 WARN  [o.n.k.a.p.GlobalProcedures] Failed to load `com.neo4j.gds.shaded.io.netty.util.internal.logging.Log4J2Logger` from plugin jar `/plugins/graph-data-science.jar`: java.lang.NoClassDefFoundError: com/neo4j/gds/shaded/org/apache/logging/log4j/spi/ExtendedLoggerWrapper
2025-04-12 03:34:25.685+0000 WARN  [o.n.k.a.p.GlobalProcedures] Failed to load `apoc.couchbase.CouchbaseManager` from plugin jar `/plugins/apoc-extended.jar`: java.lang.NoClassDefFoundError: com/couchbase/client/core/env/PasswordAuthenticator
2025-04-12 03:34:25.722+0000 WARN  [o.n.k.a.p.GlobalProcedures] Failed to load `com.neo4j.gds.shaded.org.reflections.serializers.XmlSerializer` from plugin jar `/plugins/graph-data-science.jar`: java.lang.NoClassDefFoundError: com/neo4j/gds/shaded/org/dom4j/Document
2025-04-12 03:34:25.751+0000 WARN  [o.n.k.a.p.GlobalProcedures] Failed to load `com.neo4j.gds.metrics.ShutdownFailureMetric$Listener` from plugin jar `/plugins/graph-data-science.jar`: java.lang.NoClassDefFoundError: io/prometheus/client/Counter
2025-04-12 03:34:25.801+0000 WARN  [o.n.k.a.p.GlobalProcedures] Failed to load `com.neo4j.gds.shaded.io.netty.handler.codec.marshalling.CompatibleMarshallingDecoder` from plugin jar `/plugins/graph-data-science.jar`: java.lang.NoClassDefFoundError: com/neo4j/gds/shaded/org/jboss/marshalling/ByteInput
2025-04-12 03:34:25.807+0000 WARN  [o.n.k.a.p.GlobalProcedures] Failed to load `apoc.couchbase.CouchbaseConfig$RetryConfig` from plugin jar `/plugins/apoc-extended.jar`: java.lang.NoClassDefFoundError: com/couchbase/client/core/retry/RetryStrategy
2025-04-12 03:34:27.923+0000 WARN  [o.n.k.a.p.GlobalProcedures] Use of @Procedure(deprecatedBy) without @Deprecated in apoc.convert.toTree
2025-04-12 03:34:28.264+0000 INFO  [o.n.s.s.s.UserSecurityGraphComponent] Performing postInitialization step for component 'security-users' with version 5 and status CURRENT
2025-04-12 03:34:28.265+0000 INFO  [o.n.s.s.s.UserSecurityGraphComponent] Updating the initial password in component 'security-users'
2025-04-12 03:34:28.296+0000 INFO  [o.n.d.d.DatabaseLifecycles] Creating 'DatabaseId{50b389a8[neo4j]}'.
2025-04-12 03:34:28.301+0000 INFO  [o.n.d.d.DatabaseLifecycles] Starting 'DatabaseId{50b389a8[neo4j]}'.
2025-04-12 03:34:28.328+0000 WARN  [o.n.k.i.t.l.f.c.CheckpointFileChannelNativeAccessor] [neo4j/50b389a8] Unable to advise sequential access for transaction log version: 0. Error: ErrorCode=-1, errorMessage='Incorrect file descriptor.'
2025-04-12 03:34:28.328+0000 WARN  [o.n.k.i.t.l.f.c.CheckpointFileChannelNativeAccessor] [neo4j/50b389a8] Unable to advise preserve data in cache for transaction log version: 0. Error: ErrorCode=-1, errorMessage='Incorrect file descriptor.'
2025-04-12 03:34:28.329+0000 INFO  [o.n.k.i.t.l.f.c.CheckpointLogFile] [neo4j/50b389a8] Scanning log file with version 0 for checkpoint entries
2025-04-12 03:34:28.329+0000 WARN  [o.n.k.i.t.l.f.c.CheckpointFileChannelNativeAccessor] [neo4j/50b389a8] Unable to evict transaction log from cache with version: 0. Error: ErrorCode=-1, errorMessage='Incorrect file descriptor.'
2025-04-12 03:34:28.331+0000 WARN  [o.n.k.i.t.l.f.c.CheckpointFileChannelNativeAccessor] [neo4j/50b389a8] Unable to advise sequential access for transaction log version: 0. Error: ErrorCode=-1, errorMessage='Incorrect file descriptor.'
2025-04-12 03:34:28.331+0000 WARN  [o.n.k.i.t.l.f.c.CheckpointFileChannelNativeAccessor] [neo4j/50b389a8] Unable to advise preserve data in cache for transaction log version: 0. Error: ErrorCode=-1, errorMessage='Incorrect file descriptor.'
2025-04-12 03:34:28.331+0000 WARN  [o.n.k.i.t.l.f.c.CheckpointFileChannelNativeAccessor] [neo4j/50b389a8] Unable to evict transaction log from cache with version: 0. Error: ErrorCode=-1, errorMessage='Incorrect file descriptor.'
2025-04-12 03:34:28.333+0000 WARN  [o.n.k.i.t.l.f.LogFileChannelNativeAccessor] [neo4j/50b389a8] Unable to advise sequential access for transaction log version: 0. Error: ErrorCode=-1, errorMessage='Incorrect file descriptor.'
2025-04-12 03:34:28.334+0000 WARN  [o.n.k.i.t.l.f.LogFileChannelNativeAccessor] [neo4j/50b389a8] Unable to advise preserve data in cache for transaction log version: 0. Error: ErrorCode=-1, errorMessage='Incorrect file descriptor.'
2025-04-12 03:34:28.335+0000 WARN  [o.n.k.i.t.l.f.LogFileChannelNativeAccessor] [neo4j/50b389a8] Unable to advise sequential access for transaction log version: 0. Error: ErrorCode=-1, errorMessage='Incorrect file descriptor.'
2025-04-12 03:34:28.336+0000 WARN  [o.n.k.i.t.l.f.LogFileChannelNativeAccessor] [neo4j/50b389a8] Unable to advise preserve data in cache for transaction log version: 0. Error: ErrorCode=-1, errorMessage='Incorrect file descriptor.'
2025-04-12 03:34:28.337+0000 WARN  [o.n.k.i.t.l.f.LogFileChannelNativeAccessor] [neo4j/50b389a8] Unable to evict transaction log from cache with version: 0. Error: ErrorCode=-1, errorMessage='Incorrect file descriptor.'
2025-04-12 03:34:28.337+0000 WARN  [o.n.k.i.t.l.f.LogFileChannelNativeAccessor] [neo4j/50b389a8] Unable to evict transaction log from cache with version: 0. Error: ErrorCode=-1, errorMessage='Incorrect file descriptor.'
2025-04-12 03:34:28.348+0000 INFO  [o.n.k.i.s.f.RecordFormatSelector] [neo4j/50b389a8] Selected RecordFormat:PageAlignedV5_0[aligned-1.1] record format from store /data/databases/neo4j
2025-04-12 03:34:28.349+0000 INFO  [o.n.k.i.s.f.RecordFormatSelector] [neo4j/50b389a8] Selected format from the store files: RecordFormat:PageAlignedV5_0[aligned-1.1]
2025-04-12 03:34:28.404+0000 WARN  [o.n.k.i.t.l.f.LogFileChannelNativeAccessor] [neo4j/50b389a8] Unable to advise sequential access for transaction log version: 0. Error: ErrorCode=-1, errorMessage='Incorrect file descriptor.'
2025-04-12 03:34:28.405+0000 WARN  [o.n.k.i.t.l.f.LogFileChannelNativeAccessor] [neo4j/50b389a8] Unable to advise preserve data in cache for transaction log version: 0. Error: ErrorCode=-1, errorMessage='Incorrect file descriptor.'
2025-04-12 03:34:28.405+0000 WARN  [o.n.k.i.t.l.f.LogFileChannelNativeAccessor] [neo4j/50b389a8] Unable to evict transaction log from cache with version: 0. Error: ErrorCode=-1, errorMessage='Incorrect file descriptor.'
2025-04-12 03:34:28.443+0000 WARN  [o.n.k.i.t.l.f.c.CheckpointFileChannelNativeAccessor] [neo4j/50b389a8] Unable to advise sequential access for transaction log version: 0. Error: ErrorCode=-1, errorMessage='Incorrect file descriptor.'
2025-04-12 03:34:28.444+0000 WARN  [o.n.k.i.t.l.f.c.CheckpointFileChannelNativeAccessor] [neo4j/50b389a8] Unable to advise preserve data in cache for transaction log version: 0. Error: ErrorCode=-1, errorMessage='Incorrect file descriptor.'
2025-04-12 03:34:28.445+0000 WARN  [o.n.k.i.t.l.f.c.CheckpointFileChannelNativeAccessor] [neo4j/50b389a8] Unable to evict transaction log from cache with version: 0. Error: ErrorCode=-1, errorMessage='Incorrect file descriptor.'
2025-04-12 03:34:28.447+0000 INFO  [o.n.i.d.DiagnosticsManager] [neo4j/50b389a8] 
                                                                [neo4j/50b389a8] ********************************************************************************
                                                                [neo4j/50b389a8]                               [ Database: neo4j ]                               
                                                                [neo4j/50b389a8] ********************************************************************************
                                                                [neo4j/50b389a8] --------------------------------------------------------------------------------
                                                                [neo4j/50b389a8]                                   [ Version ]                                   
                                                                [neo4j/50b389a8] --------------------------------------------------------------------------------
                                                                [neo4j/50b389a8] DBMS: community record-aligned-1.1
                                                                [neo4j/50b389a8] Kernel version: 5.26.0
                                                                [neo4j/50b389a8] 
                                                                [neo4j/50b389a8] --------------------------------------------------------------------------------
                                                                [neo4j/50b389a8]                                 [ Store files ]                                 
                                                                [neo4j/50b389a8] --------------------------------------------------------------------------------
                                                                [neo4j/50b389a8] Disk space on partition (Total / Free / Free %): 1000240963584 / 562606190592 / 56
                                                                [neo4j/50b389a8] Storage files stored on file store: fakeowner
                                                                [neo4j/50b389a8] Storage files: (filename : modification date - size)
                                                                [neo4j/50b389a8]   database_lock: 2025-04-12 03:17:57.365+0000 - 0B
                                                                [neo4j/50b389a8]   neostore: 2025-04-12 03:17:57.334+0000 - 8.000KiB
                                                                [neo4j/50b389a8]   neostore.counts.db: 2025-04-12 03:34:28.410+0000 - 40.00KiB
                                                                [neo4j/50b389a8]   neostore.indexstats.db: 2025-04-12 03:34:28.418+0000 - 48.00KiB
                                                                [neo4j/50b389a8]   neostore.labeltokenstore.db: 2025-04-12 03:17:57.329+0000 - 0B
                                                                [neo4j/50b389a8]   neostore.labeltokenstore.db.id: 2025-04-12 03:34:28.394+0000 - 40.00KiB
                                                                [neo4j/50b389a8]   neostore.labeltokenstore.db.names: 2025-04-12 03:17:57.327+0000 - 8.000KiB
                                                                [neo4j/50b389a8]   neostore.labeltokenstore.db.names.id: 2025-04-12 03:34:28.390+0000 - 40.00KiB
                                                                [neo4j/50b389a8]   neostore.nodestore.db: 2025-04-12 03:17:57.305+0000 - 0B
                                                                [neo4j/50b389a8]   neostore.nodestore.db.id: 2025-04-12 03:34:28.356+0000 - 40.00KiB
                                                                [neo4j/50b389a8]   neostore.nodestore.db.labels: 2025-04-12 03:17:57.303+0000 - 8.000KiB
                                                                [neo4j/50b389a8]   neostore.nodestore.db.labels.id: 2025-04-12 03:34:28.353+0000 - 40.00KiB
                                                                [neo4j/50b389a8]   neostore.propertystore.db: 2025-04-12 03:17:57.473+0000 - 8.000KiB
                                                                [neo4j/50b389a8]   neostore.propertystore.db.arrays: 2025-04-12 03:17:57.315+0000 - 8.000KiB
                                                                [neo4j/50b389a8]   neostore.propertystore.db.arrays.id: 2025-04-12 03:34:28.373+0000 - 40.00KiB
                                                                [neo4j/50b389a8]   neostore.propertystore.db.id: 2025-04-12 03:34:28.377+0000 - 40.00KiB
                                                                [neo4j/50b389a8]   neostore.propertystore.db.index: 2025-04-12 03:17:57.474+0000 - 8.000KiB
                                                                [neo4j/50b389a8]   neostore.propertystore.db.index.id: 2025-04-12 03:34:28.365+0000 - 40.00KiB
                                                                [neo4j/50b389a8]   neostore.propertystore.db.index.keys: 2025-04-12 03:17:57.475+0000 - 8.000KiB
                                                                [neo4j/50b389a8]   neostore.propertystore.db.index.keys.id: 2025-04-12 03:34:28.361+0000 - 40.00KiB
                                                                [neo4j/50b389a8]   neostore.propertystore.db.strings: 2025-04-12 03:17:57.313+0000 - 8.000KiB
                                                                [neo4j/50b389a8]   neostore.propertystore.db.strings.id: 2025-04-12 03:34:28.370+0000 - 40.00KiB
                                                                [neo4j/50b389a8]   neostore.relationshipgroupstore.db: 2025-04-12 03:17:57.333+0000 - 8.000KiB
                                                                [neo4j/50b389a8]   neostore.relationshipgroupstore.db.id: 2025-04-12 03:34:28.402+0000 - 40.00KiB
                                                                [neo4j/50b389a8]   neostore.relationshipgroupstore.degrees.db: 2025-04-12 03:34:28.413+0000 - 40.00KiB
                                                                [neo4j/50b389a8]   neostore.relationshipstore.db: 2025-04-12 03:17:57.320+0000 - 0B
                                                                [neo4j/50b389a8]   neostore.relationshipstore.db.id: 2025-04-12 03:34:28.380+0000 - 40.00KiB
                                                                [neo4j/50b389a8]   neostore.relationshiptypestore.db: 2025-04-12 03:17:57.325+0000 - 0B
                                                                [neo4j/50b389a8]   neostore.relationshiptypestore.db.id: 2025-04-12 03:34:28.386+0000 - 40.00KiB
                                                                [neo4j/50b389a8]   neostore.relationshiptypestore.db.names: 2025-04-12 03:17:57.323+0000 - 8.000KiB
                                                                [neo4j/50b389a8]   neostore.relationshiptypestore.db.names.id: 2025-04-12 03:34:28.383+0000 - 40.00KiB
                                                                [neo4j/50b389a8]   neostore.schemastore.db: 2025-04-12 03:17:57.472+0000 - 8.000KiB
                                                                [neo4j/50b389a8]   neostore.schemastore.db.id: 2025-04-12 03:34:28.397+0000 - 40.00KiB
                                                                [neo4j/50b389a8]   schema:
                                                                [neo4j/50b389a8]     index:
                                                                [neo4j/50b389a8]       token-lookup-1.0:
                                                                [neo4j/50b389a8]         1:
                                                                [neo4j/50b389a8]           index-1: 2025-04-12 03:26:44.417+0000 - 40.00KiB
                                                                [neo4j/50b389a8]         - Total: 2025-04-12 03:17:57.404+0000 - 40.00KiB
                                                                [neo4j/50b389a8]         2:
                                                                [neo4j/50b389a8]           index-2: 2025-04-12 03:26:44.419+0000 - 40.00KiB
                                                                [neo4j/50b389a8]         - Total: 2025-04-12 03:17:57.419+0000 - 40.00KiB
                                                                [neo4j/50b389a8]       - Total: 2025-04-12 03:17:57.417+0000 - 80.00KiB
                                                                [neo4j/50b389a8]     - Total: 2025-04-12 03:17:57.403+0000 - 80.00KiB
                                                                [neo4j/50b389a8]   - Total: 2025-04-12 03:17:57.403+0000 - 80.00KiB
                                                                [neo4j/50b389a8] Storage summary: 
                                                                [neo4j/50b389a8]   Total size of store: 856.0KiB
                                                                [neo4j/50b389a8]   Total size of mapped files: 168.0KiB
                                                                [neo4j/50b389a8] 
                                                                [neo4j/50b389a8] --------------------------------------------------------------------------------
                                                                [neo4j/50b389a8]                               [ Transaction log ]                               
                                                                [neo4j/50b389a8] --------------------------------------------------------------------------------
                                                                [neo4j/50b389a8] Transaction log files stored on file store: fakeowner
                                                                [neo4j/50b389a8] Transaction log metadata:
                                                                [neo4j/50b389a8]  - current kernel version used in transactions: V5_25
                                                                [neo4j/50b389a8]  - last committed transaction id: 3
                                                                [neo4j/50b389a8] Transaction log files:
                                                                [neo4j/50b389a8]  - existing transaction log versions: 0-0
                                                                [neo4j/50b389a8]  - oldest append index 2 found in log with version 0
                                                                [neo4j/50b389a8]  - files: (filename : creation date - size)
                                                                [neo4j/50b389a8]      neostore.transaction.db.0: 2025-04-12 03:17:57.400+0000 - 3.162KiB
                                                                [neo4j/50b389a8]  - total size of files: 3.162KiB
                                                                [neo4j/50b389a8] Checkpoint log files:
                                                                [neo4j/50b389a8]  - existing checkpoint log versions: 0-0
                                                                [neo4j/50b389a8]  - last checkpoint: CheckpointInfo[oldestNotVisibleTransactionLogPosition=LogPosition{logVersion=0, byteOffset=3238}, transactionLogPosition=LogPosition{logVersion=0, byteOffset=3238}, storeId=StoreId{creationTime=1744427877334, random=-1664405997626209182, storageEngineName='record', formatName='aligned', majorVersion=1, minorVersion=1}, checkpointEntryPosition=LogPosition{logVersion=0, byteOffset=592}, channelPositionAfterCheckpoint=LogPosition{logVersion=0, byteOffset=824}, checkpointFilePostReadPosition=LogPosition{logVersion=0, byteOffset=824}, kernelVersion=KernelVersion{V5_25,version=20}, kernelVersionByte=20, transactionId=TransactionId[id=3, appendIndex=3, kernelVersion=KernelVersion{V5_25,version=20}, checksum=238056564, commitTimestamp=1744427877396, consensusIndex=-1], appendIndex=3, reason=Checkpoint triggered by "Database shutdown" @ txId: 3, append index: 3, consensusIndexInCheckpoint=true]
                                                                [neo4j/50b389a8] 
                                                                [neo4j/50b389a8] --------------------------------------------------------------------------------
                                                                [neo4j/50b389a8]                                   [ Id usage ]                                  
                                                                [neo4j/50b389a8] --------------------------------------------------------------------------------
                                                                [neo4j/50b389a8] ArrayPropertyStore[neostore.nodestore.db.labels]: used=1 high=0
                                                                [neo4j/50b389a8] NodeStore[neostore.nodestore.db]: used=0 high=-1
                                                                [neo4j/50b389a8] StringPropertyStore[neostore.propertystore.db.index.keys]: used=20 high=19
                                                                [neo4j/50b389a8] PropertyIndexStore[neostore.propertystore.db.index]: used=10 high=9
                                                                [neo4j/50b389a8] StringPropertyStore[neostore.propertystore.db.strings]: used=1 high=0
                                                                [neo4j/50b389a8] ArrayPropertyStore[neostore.propertystore.db.arrays]: used=1 high=0
                                                                [neo4j/50b389a8] PropertyStore[neostore.propertystore.db]: used=8 high=7
                                                                [neo4j/50b389a8] RelationshipStore[neostore.relationshipstore.db]: used=0 high=-1
                                                                [neo4j/50b389a8] StringPropertyStore[neostore.relationshiptypestore.db.names]: used=1 high=0
                                                                [neo4j/50b389a8] RelationshipTypeStore[neostore.relationshiptypestore.db]: used=0 high=-1
                                                                [neo4j/50b389a8] StringPropertyStore[neostore.labeltokenstore.db.names]: used=1 high=0
                                                                [neo4j/50b389a8] LabelTokenStore[neostore.labeltokenstore.db]: used=0 high=-1
                                                                [neo4j/50b389a8] SchemaStore[neostore.schemastore.db]: used=3 high=2
                                                                [neo4j/50b389a8] RelationshipGroupStore[neostore.relationshipgroupstore.db]: used=1 high=0
                                                                [neo4j/50b389a8] NeoStore[neostore]: used=-1 high=-1
                                                                [neo4j/50b389a8] 
                                                                [neo4j/50b389a8] --------------------------------------------------------------------------------
                                                                [neo4j/50b389a8]                                   [ Metadata ]                                  
                                                                [neo4j/50b389a8] --------------------------------------------------------------------------------
                                                                [neo4j/50b389a8] EXTERNAL_STORE_UUID (Database identifier exposed as external store identity. Generated on creation and never updated): 64e37435-069e-48a9-8a3d-10b762762ec7
                                                                [neo4j/50b389a8] DATABASE_ID (The last used DatabaseId for this database): null
                                                                [neo4j/50b389a8] LEGACY_STORE_VERSION (Legacy store format version. This field is used from 5.0 onwards only to distinguish non-migrated pre 5.0 metadata stores.): -3523014627327384477
                                                                [neo4j/50b389a8] STORE_ID (Store ID): StoreId{creationTime=1744427877334, random=-1664405997626209182, storageEngineName='record', formatName='aligned', majorVersion=1, minorVersion=1}
                                                                [neo4j/50b389a8] 
2025-04-12 03:34:28.459+0000 INFO  [o.n.k.i.a.i.IndexingService] [neo4j/50b389a8] IndexingService.init: indexes not specifically mentioned above are ONLINE. Total 2 indexes. Processed in 8ms
2025-04-12 03:34:28.462+0000 INFO  [o.n.k.a.DatabaseAvailabilityGuard] [neo4j/50b389a8] Requirement `Database unavailable` makes database neo4j unavailable.
2025-04-12 03:34:28.462+0000 INFO  [o.n.k.a.DatabaseAvailabilityGuard] [neo4j/50b389a8] DatabaseId{50b389a8[neo4j]} is unavailable.
2025-04-12 03:34:28.465+0000 WARN  [o.n.k.i.t.l.f.LogFileChannelNativeAccessor] [neo4j/50b389a8] Unable to advise sequential access for transaction log version: 0. Error: ErrorCode=-1, errorMessage='Incorrect file descriptor.'
2025-04-12 03:34:28.465+0000 WARN  [o.n.k.i.t.l.f.LogFileChannelNativeAccessor] [neo4j/50b389a8] Unable to advise preserve data in cache for transaction log version: 0. Error: ErrorCode=-1, errorMessage='Incorrect file descriptor.'
2025-04-12 03:34:28.466+0000 INFO  [o.n.k.d.Database] [neo4j/50b389a8] Starting transaction log [/data/transactions/neo4j/neostore.transaction.db.0] at version=0
2025-04-12 03:34:28.468+0000 WARN  [o.n.k.i.t.l.f.c.CheckpointFileChannelNativeAccessor] [neo4j/50b389a8] Unable to advise sequential access for transaction log version: 0. Error: ErrorCode=-1, errorMessage='Incorrect file descriptor.'
2025-04-12 03:34:28.469+0000 WARN  [o.n.k.i.t.l.f.c.CheckpointFileChannelNativeAccessor] [neo4j/50b389a8] Unable to advise preserve data in cache for transaction log version: 0. Error: ErrorCode=-1, errorMessage='Incorrect file descriptor.'
2025-04-12 03:34:28.469+0000 INFO  [o.n.k.d.Database] [neo4j/50b389a8] Starting transaction log [/data/transactions/neo4j/checkpoint.0] at version=0
2025-04-12 03:34:28.474+0000 WARN  [o.n.k.i.t.l.f.c.CheckpointFileChannelNativeAccessor] [neo4j/50b389a8] Unable to advise sequential access for transaction log version: 0. Error: ErrorCode=-1, errorMessage='Incorrect file descriptor.'
2025-04-12 03:34:28.475+0000 WARN  [o.n.k.i.t.l.f.c.CheckpointFileChannelNativeAccessor] [neo4j/50b389a8] Unable to advise preserve data in cache for transaction log version: 0. Error: ErrorCode=-1, errorMessage='Incorrect file descriptor.'
2025-04-12 03:34:28.476+0000 INFO  [o.n.k.i.t.l.f.c.CheckpointLogFile] [neo4j/50b389a8] Scanning log file with version 0 for checkpoint entries
2025-04-12 03:34:28.476+0000 WARN  [o.n.k.i.t.l.f.c.CheckpointFileChannelNativeAccessor] [neo4j/50b389a8] Unable to evict transaction log from cache with version: 0. Error: ErrorCode=-1, errorMessage='Incorrect file descriptor.'
2025-04-12 03:34:28.478+0000 WARN  [o.n.k.i.t.l.f.c.CheckpointFileChannelNativeAccessor] [neo4j/50b389a8] Unable to advise sequential access for transaction log version: 0. Error: ErrorCode=-1, errorMessage='Incorrect file descriptor.'
2025-04-12 03:34:28.479+0000 WARN  [o.n.k.i.t.l.f.c.CheckpointFileChannelNativeAccessor] [neo4j/50b389a8] Unable to advise preserve data in cache for transaction log version: 0. Error: ErrorCode=-1, errorMessage='Incorrect file descriptor.'
2025-04-12 03:34:28.479+0000 WARN  [o.n.k.i.t.l.f.c.CheckpointFileChannelNativeAccessor] [neo4j/50b389a8] Unable to evict transaction log from cache with version: 0. Error: ErrorCode=-1, errorMessage='Incorrect file descriptor.'
2025-04-12 03:34:28.480+0000 WARN  [o.n.k.i.t.l.f.LogFileChannelNativeAccessor] [neo4j/50b389a8] Unable to advise sequential access for transaction log version: 0. Error: ErrorCode=-1, errorMessage='Incorrect file descriptor.'
2025-04-12 03:34:28.481+0000 WARN  [o.n.k.i.t.l.f.LogFileChannelNativeAccessor] [neo4j/50b389a8] Unable to advise preserve data in cache for transaction log version: 0. Error: ErrorCode=-1, errorMessage='Incorrect file descriptor.'
2025-04-12 03:34:28.482+0000 WARN  [o.n.k.i.t.l.f.LogFileChannelNativeAccessor] [neo4j/50b389a8] Unable to advise sequential access for transaction log version: 0. Error: ErrorCode=-1, errorMessage='Incorrect file descriptor.'
2025-04-12 03:34:28.483+0000 WARN  [o.n.k.i.t.l.f.LogFileChannelNativeAccessor] [neo4j/50b389a8] Unable to advise preserve data in cache for transaction log version: 0. Error: ErrorCode=-1, errorMessage='Incorrect file descriptor.'
2025-04-12 03:34:28.484+0000 WARN  [o.n.k.i.t.l.f.LogFileChannelNativeAccessor] [neo4j/50b389a8] Unable to evict transaction log from cache with version: 0. Error: ErrorCode=-1, errorMessage='Incorrect file descriptor.'
2025-04-12 03:34:28.484+0000 WARN  [o.n.k.i.t.l.f.LogFileChannelNativeAccessor] [neo4j/50b389a8] Unable to evict transaction log from cache with version: 0. Error: ErrorCode=-1, errorMessage='Incorrect file descriptor.'
2025-04-12 03:34:28.486+0000 INFO  [o.n.k.i.a.i.IndexingService] [neo4j/50b389a8] IndexingService.start: indexes not specifically mentioned above are ONLINE. Total 2 indexes. Processed in 0ms
2025-04-12 03:34:28.488+0000 INFO  [o.n.k.a.DatabaseAvailabilityGuard] [neo4j/50b389a8] Fulfilling of requirement 'Database unavailable' makes database neo4j available.
2025-04-12 03:34:28.489+0000 INFO  [o.n.k.a.DatabaseAvailabilityGuard] [neo4j/50b389a8] DatabaseId{50b389a8[neo4j]} is ready.
2025-04-12 03:34:28.491+0000 INFO  [o.n.u.UserDataCollector] Anonymous Usage Data is being sent to Neo4j, see https://neo4j.com/docs/usage-data/
2025-04-12 03:34:28.550+0000 INFO  [o.n.b.p.c.c.n.SocketNettyConnector] Bolt enabled on 0.0.0.0:7687.
2025-04-12 03:34:28.553+0000 WARN  [i.n.b.ServerBootstrap] Unknown channel option 'SO_REUSEADDR' for channel '[id: 0x4b81f5c3]'
2025-04-12 03:34:28.563+0000 INFO  [o.n.b.BoltServer] Bolt server started
2025-04-12 03:34:28.564+0000 INFO  [o.n.s.A.ServerComponentsLifecycleAdapter] Starting web server
2025-04-12 03:34:29.360+0000 INFO  [o.n.s.CommunityNeoWebServer] HTTP enabled on 0.0.0.0:7474.
2025-04-12 03:34:29.362+0000 INFO  [o.n.s.CommunityNeoWebServer] Remote interface available at http://localhost:7474/
2025-04-12 03:34:29.363+0000 INFO  [o.n.s.A.ServerComponentsLifecycleAdapter] Web server started.
2025-04-12 03:34:29.367+0000 INFO  [o.n.g.f.DatabaseManagementServiceFactory] id: 49CF2D8D3B7FD70C07A508DFEE8558ED67C621E30E97645DEE538D5C0BD578FA
2025-04-12 03:34:29.368+0000 INFO  [o.n.g.f.DatabaseManagementServiceFactory] name: system
2025-04-12 03:34:29.369+0000 INFO  [o.n.g.f.DatabaseManagementServiceFactory] creationDate: 2025-04-12T03:17:56.314Z
2025-04-12 03:35:46.840+0000 INFO  [o.n.g.f.DatabaseManagementServiceFactory] Shutdown started
2025-04-12 03:35:46.858+0000 INFO  [o.n.b.BoltServer] Requested Bolt server shutdown
2025-04-12 03:35:46.859+0000 INFO  [o.n.b.p.c.c.ConnectionRegistry] Stopping remaining idle connections for connector bolt-local
2025-04-12 03:35:46.860+0000 INFO  [o.n.b.p.c.c.ConnectionRegistry] Stopped 0 idling connections for connector bolt-local
2025-04-12 03:35:46.861+0000 INFO  [o.n.b.p.c.c.ConnectionRegistry] Stopping remaining idle connections for connector bolt
2025-04-12 03:35:46.862+0000 INFO  [o.n.b.p.c.c.ConnectionRegistry] Stopped 0 idling connections for connector bolt
2025-04-12 03:35:46.864+0000 INFO  [o.n.d.d.DatabaseLifecycles] Stopping 'DatabaseId{50b389a8[neo4j]}'.
2025-04-12 03:35:46.871+0000 INFO  [o.n.k.a.DatabaseAvailabilityGuard] [neo4j/50b389a8] Requirement `Database unavailable` makes database neo4j unavailable.
2025-04-12 03:35:46.872+0000 INFO  [o.n.k.a.DatabaseAvailabilityGuard] [neo4j/50b389a8] DatabaseId{50b389a8[neo4j]} is unavailable.
2025-04-12 03:35:46.875+0000 INFO  [o.n.k.d.Database] [neo4j/50b389a8] Waiting for closing transactions.
2025-04-12 03:35:46.876+0000 INFO  [o.n.k.d.Database] [neo4j/50b389a8] All transactions are closed.
2025-04-12 03:35:46.880+0000 INFO  [o.n.k.i.t.l.c.CheckPointerImpl] [neo4j/50b389a8] Checkpoint triggered by "Database shutdown" @ txId: 3, append index: 3 checkpoint started...
2025-04-12 03:35:46.917+0000 INFO  [o.n.k.i.t.l.c.CheckPointerImpl] [neo4j/50b389a8] Checkpoint triggered by "Database shutdown" @ txId: 3, append index: 3 checkpoint completed in 35ms. Checkpoint flushed 23 pages (0% of total available pages), in 22 IOs. Checkpoint performed with IO limit: unlimited, paused in total 0 times( 0 millis).
2025-04-12 03:35:46.921+0000 INFO  [o.n.k.i.t.l.p.LogPruningImpl] [neo4j/50b389a8] No log version pruned. The strategy used was '2 days'. 
2025-04-12 03:35:46.931+0000 WARN  [o.n.k.i.t.l.f.c.CheckpointFileChannelNativeAccessor] [neo4j/50b389a8] Unable to evict transaction log from cache with version: 0. Error: ErrorCode=-1, errorMessage='Incorrect file descriptor.'
2025-04-12 03:35:46.932+0000 WARN  [o.n.k.i.t.l.f.LogFileChannelNativeAccessor] [neo4j/50b389a8] Unable to evict transaction log from cache with version: 0. Error: ErrorCode=-1, errorMessage='Incorrect file descriptor.'
2025-04-12 03:35:46.967+0000 INFO  [o.n.d.d.DatabaseLifecycles] Stopped 'DatabaseId{50b389a8[neo4j]}' successfully.
2025-04-12 03:35:46.968+0000 INFO  [o.n.d.d.DatabaseLifecycles] Stopping 'DatabaseId{00000000[system]}'.
2025-04-12 03:35:46.969+0000 INFO  [o.n.k.a.DatabaseAvailabilityGuard] [system/00000000] Requirement `Database unavailable` makes database system unavailable.
2025-04-12 03:35:46.970+0000 INFO  [o.n.k.a.DatabaseAvailabilityGuard] [system/00000000] DatabaseId{00000000[system]} is unavailable.
2025-04-12 03:35:46.971+0000 INFO  [o.n.k.d.Database] [system/00000000] Waiting for closing transactions.
2025-04-12 03:35:46.972+0000 INFO  [o.n.k.d.Database] [system/00000000] All transactions are closed.
2025-04-12 03:35:46.973+0000 INFO  [o.n.k.i.t.l.c.CheckPointerImpl] [system/00000000] Checkpoint triggered by "Database shutdown" @ txId: 41, append index: 41 checkpoint started...
2025-04-12 03:35:47.002+0000 INFO  [o.n.k.i.t.l.c.CheckPointerImpl] [system/00000000] Checkpoint triggered by "Database shutdown" @ txId: 41, append index: 41 checkpoint completed in 28ms. Checkpoint flushed 28 pages (0% of total available pages), in 28 IOs. Checkpoint performed with IO limit: unlimited, paused in total 0 times( 0 millis).
2025-04-12 03:35:47.002+0000 INFO  [o.n.k.i.t.l.p.LogPruningImpl] [system/00000000] No log version pruned. The strategy used was '2 days'. 
2025-04-12 03:35:47.013+0000 WARN  [o.n.k.i.t.l.f.c.CheckpointFileChannelNativeAccessor] [system/00000000] Unable to evict transaction log from cache with version: 0. Error: ErrorCode=-1, errorMessage='Incorrect file descriptor.'
2025-04-12 03:35:47.013+0000 WARN  [o.n.k.i.t.l.f.LogFileChannelNativeAccessor] [system/00000000] Unable to evict transaction log from cache with version: 0. Error: ErrorCode=-1, errorMessage='Incorrect file descriptor.'
2025-04-12 03:35:47.050+0000 INFO  [o.n.d.d.DatabaseLifecycles] Stopped 'DatabaseId{00000000[system]}' successfully.
2025-04-12 03:35:47.056+0000 INFO  [o.n.b.BoltServer] Shutting down Bolt server
2025-04-12 03:36:07.163+0000 INFO  [o.n.g.f.m.GlobalModule] Logging config in use: Embedded default config 'default-server-logs.xml'
2025-04-12 03:36:07.303+0000 WARN  [o.n.k.i.JvmChecker] The max heap memory has not been configured. It is recommended that it is always explicitly configured, to ensure the system has a balanced configuration. Until then, a JVM computed heuristic of 2059403264 bytes is used instead. If you are running neo4j server, you need to configure server.memory.heap.max_size in neo4j.conf. If you are running neo4j embedded, you have to launch the JVM with -Xmx set to a value. You can run neo4j-admin server memory-recommendation for memory configuration suggestions.
2025-04-12 03:36:07.304+0000 WARN  [o.n.k.i.JvmChecker] The initial heap memory has not been configured. It is recommended that it is always explicitly configured, to ensure the system has a balanced configuration. Until then, a JVM computed heuristic of 130023424 bytes is used instead. If you are running neo4j server, you need to configure server.memory.heap.initial_size in neo4j.conf. If you are running neo4j embedded, you have to launch the JVM with -Xms set to a value. You can run neo4j-admin server memory-recommendation for memory configuration suggestions.
2025-04-12 03:36:07.439+0000 INFO  [o.n.i.d.DiagnosticsManager] 
                                                                ********************************************************************************
                                                                                             [ System diagnostics ]                             
                                                                ********************************************************************************
2025-04-12 03:36:07.439+0000 INFO  [o.n.i.d.DiagnosticsManager] 
                                                                --------------------------------------------------------------------------------
                                                                                         [ System memory information ]                          
                                                                --------------------------------------------------------------------------------
                                                                Total Physical memory: 7.667GiB
                                                                Free Physical memory: 5.629GiB
                                                                Committed virtual memory: 5.082GiB
                                                                Total swap space: 1024MiB
                                                                Free swap space: 1024MiB
                                                                
2025-04-12 03:36:07.440+0000 INFO  [o.n.i.d.DiagnosticsManager] 
                                                                --------------------------------------------------------------------------------
                                                                                           [ JVM memory information ]                           
                                                                --------------------------------------------------------------------------------
                                                                Free  memory: 87.28MiB
                                                                Total memory: 124.0MiB
                                                                Max   memory: 1.918GiB
                                                                Garbage Collector: G1 Young Generation: [G1 Eden Space, G1 Survivor Space, G1 Old Gen]
                                                                Garbage Collector: G1 Old Generation: [G1 Eden Space, G1 Survivor Space, G1 Old Gen]
                                                                Memory Pool: CodeHeap 'non-nmethods' (Non-heap memory): committed=2.438MiB, used=1.220MiB, max=5.566MiB, threshold=0B
                                                                Memory Pool: Metaspace (Non-heap memory): committed=21.94MiB, used=21.62MiB, max=-1B, threshold=0B
                                                                Memory Pool: CodeHeap 'profiled nmethods' (Non-heap memory): committed=4.625MiB, used=4.593MiB, max=117.2MiB, threshold=0B
                                                                Memory Pool: Compressed Class Space (Non-heap memory): committed=2.500MiB, used=2.336MiB, max=1.000GiB, threshold=0B
                                                                Memory Pool: G1 Eden Space (Heap memory): committed=80.00MiB, used=3.000MiB, max=-1B, threshold=?
                                                                Memory Pool: G1 Old Gen (Heap memory): committed=42.00MiB, used=31.27MiB, max=1.918GiB, threshold=0B
                                                                Memory Pool: G1 Survivor Space (Heap memory): committed=2.000MiB, used=1.950MiB, max=-1B, threshold=?
                                                                Memory Pool: CodeHeap 'non-profiled nmethods' (Non-heap memory): committed=2.438MiB, used=1.288MiB, max=117.2MiB, threshold=0B
                                                                
2025-04-12 03:36:07.440+0000 INFO  [o.n.i.d.DiagnosticsManager] 
                                                                --------------------------------------------------------------------------------
                                                                                        [ Operating system information ]                        
                                                                --------------------------------------------------------------------------------
                                                                Operating System: Linux; version: 6.5.11-linuxkit; arch: amd64; cpus: 4
                                                                Max number of file descriptors: 1048576
                                                                Number of open file descriptors: 258
                                                                Process id: 7
                                                                Byte order: LITTLE_ENDIAN
                                                                Local timezone: Etc/UTC
                                                                Memory page size: 4096
                                                                Unaligned memory access allowed: true
                                                                
2025-04-12 03:36:07.440+0000 INFO  [o.n.i.d.DiagnosticsManager] 
                                                                --------------------------------------------------------------------------------
                                                                                              [ JVM information ]                               
                                                                --------------------------------------------------------------------------------
                                                                VM Name: OpenJDK 64-Bit Server VM
                                                                VM Vendor: Eclipse Adoptium
                                                                VM Version: 17.0.13+11
                                                                JIT compiler: HotSpot 64-Bit Tiered Compilers
                                                                VM Arguments: [--add-opens=java.base/java.nio=ALL-UNNAMED, -Dfile.encoding=UTF-8]
                                                                
2025-04-12 03:36:07.441+0000 INFO  [o.n.i.d.DiagnosticsManager] 
                                                                --------------------------------------------------------------------------------
                                                                                               [ Java classpath ]                               
                                                                --------------------------------------------------------------------------------
                                                                 [classpath] /plugins/graph-data-science.jar
                                                                 [classpath] /var/lib/neo4j/lib/grpc-core-1.68.0.jar
                                                                 [classpath] /var/lib/neo4j/lib/jackson-module-jaxb-annotations-2.18.0.jar
                                                                 [classpath] /var/lib/neo4j/lib/neo4j-gql-status-5.26.0.jar
                                                                 [classpath] /var/lib/neo4j/lib/neo4j-index-5.26.0.jar
                                                                 [classpath] /var/lib/neo4j/lib/jaxb-runtime-2.3.2.jar
                                                                 [classpath] /var/lib/neo4j/lib/netty-transport-4.1.115.Final.jar
                                                                 [classpath] /var/lib/neo4j/lib/netty-codec-http2-4.1.115.Final.jar
                                                                 [classpath] /var/lib/neo4j/lib/neo4j-rewriting-5.26.0.jar
                                                                 [classpath] /var/lib/neo4j/lib/antlr4-runtime-4.13.2.jar
                                                                 [classpath] /var/lib/neo4j/lib/neo4j-cypher-expression-evaluator-5.26.0.jar
                                                                 [classpath] /var/lib/neo4j/lib/neo4j-cypher-physical-planning-5.26.0.jar
                                                                 [classpath] /var/lib/neo4j/lib/cypher-parser-common-5.26.0.jar
                                                                 [classpath] /var/lib/neo4j/lib/netty-common-4.1.115.Final.jar
                                                                 [classpath] /var/lib/neo4j/lib/neo4j-ssl-5.26.0.jar
                                                                 [classpath] /plugins/apoc-extended.jar
                                                                 [classpath] /var/lib/neo4j/lib/caffeine-3.1.8.jar
                                                                 [classpath] /var/lib/neo4j/lib/magnolia_2.13-1.1.8.jar
                                                                 [classpath] /var/lib/neo4j/lib/scala-library-2.13.11.jar
                                                                 [classpath] /var/lib/neo4j/lib/cypher-parser-ast-common-5.26.0.jar
                                                                 [classpath] /var/lib/neo4j/lib/commons-compress-1.27.1.jar
                                                                 [classpath] /var/lib/neo4j/lib/proto-google-common-protos-2.41.0.jar
                                                                 [classpath] /var/lib/neo4j/lib/protobuf-java-util-3.25.1.jar
                                                                 [classpath] /var/lib/neo4j/lib/neo4j-util-5.26.0.jar
                                                                 [classpath] /var/lib/neo4j/conf/*
                                                                 [classpath] /var/lib/neo4j/lib/parquet-column-1.14.3.jar
                                                                 [classpath] /var/lib/neo4j/lib/neo4j-common-5.26.0.jar
                                                                 [classpath] /var/lib/neo4j/lib/WMI4Java-1.6.3.jar
                                                                 [classpath] /var/lib/neo4j/lib/jakarta.xml.bind-api-2.3.2.jar
                                                                 [classpath] /var/lib/neo4j/lib/jProcesses-1.6.5.jar
                                                                 [classpath] /var/lib/neo4j/lib/grpc-stub-1.68.0.jar
                                                                 [classpath] /var/lib/neo4j/lib/neo4j-schema-5.26.0.jar
                                                                 [classpath] /var/lib/neo4j/lib/parquet-hadoop-1.14.3.jar
                                                                 [classpath] /var/lib/neo4j/lib/neo4j-fulltext-index-5.26.0.jar
                                                                 [classpath] /var/lib/neo4j/lib/netty-transport-native-epoll-4.1.115.Final-linux-aarch_64.jar
                                                                 [classpath] /var/lib/neo4j/lib/hk2-locator-2.6.1.jar
                                                                 [classpath] /var/lib/neo4j/lib/parquet-format-structures-1.14.3.jar
                                                                 [classpath] /var/lib/neo4j/lib/neo4j-consistency-check-5.26.0.jar
                                                                 [classpath] /var/lib/neo4j/lib/netty-resolver-4.1.115.Final.jar
                                                                 [classpath] /var/lib/neo4j/lib/animal-sniffer-annotations-1.24.jar
                                                                 [classpath] /var/lib/neo4j/lib/neo4j-push-to-cloud-5.26.0.jar
                                                                 [classpath] /var/lib/neo4j/lib/jetty-alpn-server-10.0.24.jar
                                                                 [classpath] /var/lib/neo4j/lib/eclipse-collections-api-11.1.0.jar
                                                                 [classpath] /var/lib/neo4j/lib/netty-codec-socks-4.1.115.Final.jar
                                                                 [classpath] /var/lib/neo4j/lib/grpc-context-1.68.0.jar
                                                                 [classpath] /var/lib/neo4j/lib/jetty-io-10.0.24.jar
                                                                 [classpath] /var/lib/neo4j/lib/neo4j-collections-5.26.0.jar
                                                                 [classpath] /var/lib/neo4j/lib/jansi-2.4.0.jar
                                                                 [classpath] /var/lib/neo4j/lib/cypher-v5-antlr-parser-5.26.0.jar
                                                                 [classpath] /var/lib/neo4j/lib/jline-terminal-3.21.0.jar
                                                                 [classpath] /var/lib/neo4j/lib/ipaddress-5.5.1.jar
                                                                 [classpath] /var/lib/neo4j/lib/neo4j-cypher-5.26.0.jar
                                                                 [classpath] /var/lib/neo4j/lib/lucene-queryparser-9.11.1.jar
                                                                 [classpath] /var/lib/neo4j/lib/neo4j-fabric-5.26.0.jar
                                                                 [classpath] /var/lib/neo4j/lib/neo4j-cypher-macros-5.26.0.jar
                                                                 [classpath] /var/lib/neo4j/lib/neo4j-import-tool-5.26.0.jar
                                                                 [classpath] /var/lib/neo4j/lib/parquet-common-1.14.3.jar
                                                                 [classpath] /var/lib/neo4j/lib/shiro-lang-2.0.1.jar
                                                                 [classpath] /var/lib/neo4j/lib/jackson-databind-2.18.0.jar
                                                                 [classpath] /var/lib/neo4j/lib/kiama_2.13-2.5.1.jar
                                                                 [classpath] /var/lib/neo4j/lib/zstd-jni-1.5.6-6.jar
                                                                 [classpath] /var/lib/neo4j/lib/jakarta.ws.rs-api-2.1.6.jar
                                                                 [classpath] /var/lib/neo4j/lib/cypher-antlr-common-5.26.0.jar
                                                                 [classpath] /var/lib/neo4j/lib/neo4j-security-5.26.0.jar
                                                                 [classpath] /var/lib/neo4j/lib/neo4j-cypher-config-5.26.0.jar
                                                                 [classpath] /var/lib/neo4j/lib/parquet-encoding-1.14.3.jar
                                                                 [classpath] /var/lib/neo4j/lib/cypher-v25-antlr-parser-5.26.0.jar
                                                                 [classpath] /var/lib/neo4j/lib/lucene-analysis-common-9.11.1.jar
                                                                 [classpath] /var/lib/neo4j/lib/neo4j-udc-5.26.0.jar
                                                                 [classpath] /var/lib/neo4j/lib/istack-commons-runtime-3.0.8.jar
                                                                 [classpath] /var/lib/neo4j/lib/jetty-servlet-api-4.0.6.jar
                                                                 [classpath] /var/lib/neo4j/lib/neo4j-cypher-runtime-util-5.26.0.jar
                                                                 [classpath] /var/lib/neo4j/lib/eclipse-collections-11.1.0.jar
                                                                 [classpath] /var/lib/neo4j/lib/cypher-antlr-ast-common-5.26.0.jar
                                                                 [classpath] /var/lib/neo4j/lib/jetty-xml-10.0.24.jar
                                                                 [classpath] /var/lib/neo4j/lib/neo4j-dbms-5.26.0.jar
                                                                 [classpath] /var/lib/neo4j/lib/commons-text-1.12.0.jar
                                                                 [classpath] /var/lib/neo4j/lib/neo4j-import-api-5.26.0.jar
                                                                 [classpath] /var/lib/neo4j/lib/neo4j-id-generator-5.26.0.jar
                                                                 [classpath] /var/lib/neo4j/lib/neo4j-csv-5.26.0.jar
                                                                 [classpath] /var/lib/neo4j/lib/neo4j-notifications-5.26.0.jar
                                                                 [classpath] /var/lib/neo4j/lib/grpc-protobuf-lite-1.68.0.jar
                                                                 [classpath] /var/lib/neo4j/lib/picocli-4.7.6.jar
                                                                 [classpath] /var/lib/neo4j/lib/jakarta.validation-api-2.0.2.jar
                                                                 [classpath] /var/lib/neo4j/lib/neo4j-import-util-5.26.0.jar
                                                                 [classpath] /var/lib/neo4j/lib/jackson-jaxrs-json-provider-2.18.0.jar
                                                                 [classpath] /var/lib/neo4j/lib/jackson-datatype-jdk8-2.17.0.jar
                                                                 [classpath] /var/lib/neo4j/lib/guava-33.3.1-jre.jar
                                                                 [classpath] /var/lib/neo4j/lib/cypher-v25-parser-listener-5.26.0.jar
                                                                 [classpath] /var/lib/neo4j/lib/hk2-utils-2.6.1.jar
                                                                 [classpath] /var/lib/neo4j/lib/stax-ex-1.8.1.jar
                                                                 [classpath] /var/lib/neo4j/lib/txw2-2.3.2.jar
                                                                 [classpath] /var/lib/neo4j/lib/log4j-api-2.20.0.jar
                                                                 [classpath] /var/lib/neo4j/lib/neo4j-spatial-index-5.26.0.jar
                                                                 [classpath] /var/lib/neo4j/lib/neo4j-cypher-planner-spi-5.26.0.jar
                                                                 [classpath] /var/lib/neo4j/lib/commons-io-2.17.0.jar
                                                                 [classpath] /var/lib/neo4j/lib/arrow-memory-core-17.0.0.jar
                                                                 [classpath] /var/lib/neo4j/lib/argparse4j-0.9.0.jar
                                                                 [classpath] /var/lib/neo4j/lib/log4j-core-2.20.0.jar
                                                                 [classpath] /var/lib/neo4j/lib/reactor-core-3.6.10.jar
                                                                 [classpath] /var/lib/neo4j/lib/neo4j-cypher-ast-factory-5.26.0.jar
                                                                 [classpath] /var/lib/neo4j/lib/grpc-protobuf-1.68.0.jar
                                                                 [classpath] /var/lib/neo4j/lib/jetty-security-10.0.24.jar
                                                                 [classpath] /var/lib/neo4j/lib/neo4j-kernel-5.26.0.jar
                                                                 [classpath] /var/lib/neo4j/lib/neo4j-cypher-cache-5.26.0.jar
                                                                 [classpath] /var/lib/neo4j/lib/neo4j-codegen-5.26.0.jar
                                                                 [classpath] /var/lib/neo4j/lib/neo4j-cypher-ir-5.26.0.jar
                                                                 [classpath] /var/lib/neo4j/lib/flight-core-17.0.0.jar
                                                                 [classpath] /var/lib/neo4j/lib/netty-handler-4.1.115.Final.jar
                                                                 [classpath] /var/lib/neo4j/lib/arrow-vector-17.0.0.jar
                                                                 [classpath] /var/lib/neo4j/lib/neo4j-kernel-api-5.26.0.jar
                                                                 [classpath] /var/lib/neo4j/lib/shiro-crypto-core-2.0.1.jar
                                                                 [classpath] /var/lib/neo4j/lib/http2-common-10.0.24.jar
                                                                 [classpath] /var/lib/neo4j/lib/lucene-backward-codecs-9.11.1.jar
                                                                 [classpath] /var/lib/neo4j/lib/neo4j-layout-5.26.0.jar
                                                                 [classpath] /var/lib/neo4j/lib/parquet-jackson-1.14.3.jar
                                                                 [classpath] /var/lib/neo4j/lib/neo4j-unsafe-5.26.0.jar
                                                                 [classpath] /var/lib/neo4j/lib/jackson-annotations-2.18.0.jar
                                                                 [classpath] /var/lib/neo4j/lib/jetty-http-10.0.24.jar
                                                                 [classpath] /var/lib/neo4j/lib/jetty-webapp-10.0.24.jar
                                                                 [classpath] /var/lib/neo4j/lib/cypher-ast-factory-5.26.0.jar
                                                                 [classpath] /var/lib/neo4j/lib/grpc-api-1.68.0.jar
                                                                 [classpath] /var/lib/neo4j/lib/neo4j-data-collector-5.26.0.jar
                                                                 [classpath] /var/lib/neo4j/lib/shiro-cache-2.0.1.jar
                                                                 [classpath] /var/lib/neo4j/lib/neo4j-cypher-interpreted-runtime-5.26.0.jar
                                                                 [classpath] /var/lib/neo4j/lib/netty-codec-4.1.115.Final.jar
                                                                 [classpath] /var/lib/neo4j/lib/netty-handler-proxy-4.1.115.Final.jar
                                                                 [classpath] /var/lib/neo4j/lib/scala-collection-contrib_2.13-0.3.0.jar
                                                                 [classpath] /var/lib/neo4j/lib/neo4j-cypher-slotted-runtime-5.26.0.jar
                                                                 [classpath] /var/lib/neo4j/lib/jersey-container-servlet-2.43.jar
                                                                 [classpath] /var/lib/neo4j/lib/neo4j-5.26.0.jar
                                                                 [classpath] /var/lib/neo4j/lib/neo4j-diagnostics-5.26.0.jar
                                                                 [classpath] /var/lib/neo4j/lib/neo4j-cloud-5.26.0.jar
                                                                 [classpath] /var/lib/neo4j/lib/commons-codec-1.17.1.jar
                                                                 [classpath] /var/lib/neo4j/lib/jetty-server-10.0.24.jar
                                                                 [classpath] /var/lib/neo4j/lib/jetty-util-10.0.24.jar
                                                                 [classpath] /var/lib/neo4j/lib/jPowerShell-3.0.jar
                                                                 [classpath] /var/lib/neo4j/lib/shiro-hashes-argon2-2.0.1.jar
                                                                 [classpath] /var/lib/neo4j/lib/neo4j-token-api-5.26.0.jar
                                                                 [classpath] /var/lib/neo4j/lib/reactive-streams-1.0.4.jar
                                                                 [classpath] /var/lib/neo4j/lib/cypher-v25-ast-factory-5.26.0.jar
                                                                 [classpath] /var/lib/neo4j/lib/neo4j-graphdb-api-5.26.0.jar
                                                                 [classpath] /var/lib/neo4j/lib/perfmark-api-0.27.0.jar
                                                                 [classpath] /var/lib/neo4j/lib/netty-transport-native-epoll-4.1.115.Final-linux-x86_64.jar
                                                                 [classpath] /var/lib/neo4j/lib/neo4j-concurrent-5.26.0.jar
                                                                 [classpath] /var/lib/neo4j/lib/netty-transport-native-unix-common-4.1.115.Final.jar
                                                                 [classpath] /var/lib/neo4j/lib/neo4j-cypher-rendering-5.26.0.jar
                                                                 [classpath] /var/lib/neo4j/lib/aircompressor-0.27.jar
                                                                 [classpath] /var/lib/neo4j/lib/cypher-v5-literal-interpreter-5.26.0.jar
                                                                 [classpath] /var/lib/neo4j/lib/http2-server-10.0.24.jar
                                                                 [classpath] /var/lib/neo4j/lib/neo4j-storage-engine-util-5.26.0.jar
                                                                 [classpath] /var/lib/neo4j/lib/neo4j-lucene-index-5.26.0.jar
                                                                 [classpath] /var/lib/neo4j/lib/shiro-crypto-hash-2.0.1.jar
                                                                 [classpath] /var/lib/neo4j/lib/arrow-memory-netty-17.0.0.jar
                                                                 [classpath] /var/lib/neo4j/lib/listenablefuture-9999.0-empty-to-avoid-conflict-with-guava.jar
                                                                 [classpath] /var/lib/neo4j/lib/failureaccess-1.0.2.jar
                                                                 [classpath] /var/lib/neo4j/lib/jaxb-api-2.2.12.jar
                                                                 [classpath] /var/lib/neo4j/lib/jersey-container-servlet-core-2.43.jar
                                                                 [classpath] /var/lib/neo4j/lib/neo4j-native-5.26.0.jar
                                                                 [classpath] /var/lib/neo4j/lib/neo4j-cypher-dsl-2024.2.0.jar
                                                                 [classpath] /var/lib/neo4j/lib/jersey-client-2.43.jar
                                                                 [classpath] /var/lib/neo4j/lib/neo4j-cypher-logical-plans-5.26.0.jar
                                                                 [classpath] /var/lib/neo4j/lib/grpc-netty-1.68.0.jar
                                                                 [classpath] /var/lib/neo4j/lib/shiro-core-2.0.1.jar
                                                                 [classpath] /var/lib/neo4j/lib/jersey-server-2.43.jar
                                                                 [classpath] /var/lib/neo4j/lib/netty-tcnative-classes-2.0.69.Final.jar
                                                                 [classpath] /var/lib/neo4j/lib/neo4j-cypher-javacc-parser-5.26.0.jar
                                                                 [classpath] /var/lib/neo4j/lib/javax.annotation-api-1.3.2.jar
                                                                 [classpath] /var/lib/neo4j/lib/neo4j-bolt-5.26.0.jar
                                                                 [classpath] /var/lib/neo4j/lib/jna-5.15.0.jar
                                                                 [classpath] /var/lib/neo4j/lib/http2-hpack-10.0.24.jar
                                                                 [classpath] /var/lib/neo4j/lib/annotations-5.26.0.jar
                                                                 [classpath] /var/lib/neo4j/lib/shiro-hashes-bcrypt-2.0.1.jar
                                                                 [classpath] /var/lib/neo4j/lib/neo4j-expressions-5.26.0.jar
                                                                 [classpath] /var/lib/neo4j/lib/netty-transport-classes-kqueue-4.1.115.Final.jar
                                                                 [classpath] /var/lib/neo4j/lib/cypher-v5-ast-factory-5.26.0.jar
                                                                 [classpath] /var/lib/neo4j/lib/neo4j-capabilities-5.26.0.jar
                                                                 [classpath] /var/lib/neo4j/lib/snappy-java-1.1.10.5.jar
                                                                 [classpath] /var/lib/neo4j/lib/netty-buffer-4.1.115.Final.jar
                                                                 [classpath] /var/lib/neo4j/lib/neo4j-slf4j-provider-5.26.0.jar
                                                                 [classpath] /var/lib/neo4j/lib/commons-configuration2-2.11.0.jar
                                                                 [classpath] /var/lib/neo4j/lib/neo4j-graph-algo-5.26.0.jar
                                                                 [classpath] /var/lib/neo4j/lib/netty-transport-native-kqueue-4.1.115.Final-osx-x86_64.jar
                                                                 [classpath] /var/lib/neo4j/lib/jline-terminal-jansi-3.21.0.jar
                                                                 [classpath] /var/lib/neo4j/lib/neo4j-server-5.26.0.jar
                                                                 [classpath] /var/lib/neo4j/lib/hk2-api-2.6.1.jar
                                                                 [classpath] /var/lib/neo4j/lib/neo4j-io-5.26.0.jar
                                                                 [classpath] /var/lib/neo4j/lib/shiro-config-core-2.0.1.jar
                                                                 [classpath] /var/lib/neo4j/lib/parquet-floor-1.47.jar
                                                                 [classpath] /var/lib/neo4j/lib/neo4j-command-line-5.26.0.jar
                                                                 [classpath] /var/lib/neo4j/lib/shiro-event-2.0.1.jar
                                                                 [classpath] /var/lib/neo4j/lib/jsr305-3.0.2.jar
                                                                 [classpath] /var/lib/neo4j/lib/neo4j-resource-5.26.0.jar
                                                                 [classpath] /var/lib/neo4j/lib/commons-logging-1.3.4.jar
                                                                 [classpath] /var/lib/neo4j/lib/jakarta.activation-api-1.2.2.jar
                                                                 [classpath] /var/lib/neo4j/lib/neo4j-values-5.26.0.jar
                                                                 [classpath] /var/lib/neo4j/lib/zstd-proxy-5.26.0.jar
                                                                 [classpath] /var/lib/neo4j/lib/commons-lang3-3.17.0.jar
                                                                 [classpath] /var/lib/neo4j/lib/neo4j-procedure-api-5.26.0.jar
                                                                 [classpath] /var/lib/neo4j/lib/jettison-1.5.4.jar
                                                                 [classpath] /var/lib/neo4j/lib/netty-codec-http-4.1.115.Final.jar
                                                                 [classpath] /var/lib/neo4j/lib/jakarta.inject-2.6.1.jar
                                                                 [classpath] /var/lib/neo4j/lib/slf4j-api-2.0.9.jar
                                                                 [classpath] /var/lib/neo4j/lib/cypher-parser-factory-5.26.0.jar
                                                                 [classpath] /var/lib/neo4j/lib/neo4j-logging-5.26.0.jar
                                                                 [classpath] /var/lib/neo4j/lib/neo4j-cypher-planner-5.26.0.jar
                                                                 [classpath] /var/lib/neo4j/lib/jline-reader-3.21.0.jar
                                                                 [classpath] /var/lib/neo4j/lib/gson-2.11.0.jar
                                                                 [classpath] /var/lib/neo4j/lib/arrow-format-17.0.0.jar
                                                                 [classpath] /var/lib/neo4j/lib/FastInfoset-1.2.16.jar
                                                                 [classpath] /var/lib/neo4j/lib/server-api-5.26.0.jar
                                                                 [classpath] /var/lib/neo4j/lib/javassist-3.30.2-GA.jar
                                                                 [classpath] /var/lib/neo4j/lib/cypher-v5-parser-listener-5.26.0.jar
                                                                 [classpath] /var/lib/neo4j/lib/neo4j-record-storage-engine-5.26.0.jar
                                                                 [classpath] /var/lib/neo4j/lib/jersey-hk2-2.43.jar
                                                                 [classpath] /var/lib/neo4j/lib/netty-transport-classes-epoll-4.1.115.Final.jar
                                                                 [classpath] /var/lib/neo4j/lib/shiro-crypto-cipher-2.0.1.jar
                                                                 [classpath] /var/lib/neo4j/lib/grpc-util-1.68.0.jar
                                                                 [classpath] /var/lib/neo4j/lib/netty-transport-native-kqueue-4.1.115.Final-osx-aarch_64.jar
                                                                 [classpath] /var/lib/neo4j/lib/flatbuffers-java-24.3.25.jar
                                                                 [classpath] /var/lib/neo4j/lib/cypher-shell-5.26.0.jar
                                                                 [classpath] /var/lib/neo4j/lib/jetty-servlet-10.0.24.jar
                                                                 [classpath] /var/lib/neo4j/lib/neo4j-ast-5.26.0.jar
                                                                 [classpath] /var/lib/neo4j/lib/neo4j-lock-5.26.0.jar
                                                                 [classpath] /var/lib/neo4j/lib/neo4j-front-end-5.26.0.jar
                                                                 [classpath] /var/lib/neo4j/lib/scala-reflect-2.13.11.jar
                                                                 [classpath] /var/lib/neo4j/lib/jetty-alpn-java-server-10.0.24.jar
                                                                 [classpath] /var/lib/neo4j/lib/neo4j-configuration-5.26.0.jar
                                                                 [classpath] /var/lib/neo4j/lib/jakarta.annotation-api-1.3.5.jar
                                                                 [classpath] /var/lib/neo4j/lib/protobuf-java-3.25.5.jar
                                                                 [classpath] /var/lib/neo4j/lib/jctools-core-4.0.5.jar
                                                                 [classpath] /var/lib/neo4j/lib/jackson-datatype-jsr310-2.17.1.jar
                                                                 [classpath] /var/lib/neo4j/lib/neo4j-procedure-5.26.0.jar
                                                                 [classpath] /var/lib/neo4j/lib/jackson-core-2.18.0.jar
                                                                 [classpath] /var/lib/neo4j/lib/neo4j-bootcheck-5.26.0.jar
                                                                 [classpath] /var/lib/neo4j/lib/neo4j-monitoring-5.26.0.jar
                                                                 [classpath] /var/lib/neo4j/lib/neo4j-query-router-5.26.0.jar
                                                                 [classpath] /var/lib/neo4j/lib/log4j-layout-template-json-2.20.0.jar
                                                                 [classpath] /var/lib/neo4j/lib/jersey-common-2.43.jar
                                                                 [classpath] /var/lib/neo4j/lib/neo4j-browser-5.26.0.jar
                                                                 [classpath] /var/lib/neo4j/lib/arrow-memory-netty-buffer-patch-17.0.0.jar
                                                                 [classpath] /var/lib/neo4j/lib/neo4j-wal-5.26.0.jar
                                                                 [classpath] /var/lib/neo4j/lib/neo4j-exceptions-5.26.0.jar
                                                                 [classpath] /var/lib/neo4j/lib/neo4j-java-driver-5.26.0.jar
                                                                 [classpath] /plugins/apoc.jar
                                                                 [classpath] /var/lib/neo4j/lib/lucene-core-9.11.1.jar
                                                                 [classpath] /var/lib/neo4j/lib/jackson-jaxrs-base-2.18.0.jar
                                                                
2025-04-12 03:36:07.441+0000 INFO  [o.n.i.d.DiagnosticsManager] 
                                                                --------------------------------------------------------------------------------
                                                                                                [ Library path ]                                
                                                                --------------------------------------------------------------------------------
                                                                /usr/java/packages/lib
                                                                /usr/lib64
                                                                /lib64
                                                                /lib
                                                                /usr/lib
                                                                
2025-04-12 03:36:07.441+0000 INFO  [o.n.i.d.DiagnosticsManager] 
                                                                --------------------------------------------------------------------------------
                                                                                             [ System properties ]                              
                                                                --------------------------------------------------------------------------------
                                                                sun.jnu.encoding = UTF-8
                                                                sun.arch.data.model = 64
                                                                user.timezone = Etc/UTC
                                                                sun.java.launcher = SUN_STANDARD
                                                                sun.boot.library.path = /opt/java/openjdk/lib
                                                                sun.java.command = org.neo4j.server.CommunityEntryPoint --home-dir=/var/lib/neo4j --config-dir=/var/lib/neo4j/conf --console-mode
                                                                jdk.debug = release
                                                                sun.cpu.endian = little
                                                                user.home = /var/lib/neo4j
                                                                user.language = en
                                                                file.separator = /
                                                                sun.management.compiler = HotSpot 64-Bit Tiered Compilers
                                                                user.name = neo4j
                                                                path.separator = :
                                                                file.encoding = UTF-8
                                                                jnidispatch.path = /var/lib/neo4j/.cache/JNA/temp/jna9896371797081189227.tmp
                                                                jna.loaded = true
                                                                user.dir = /var/lib/neo4j
                                                                native.encoding = UTF-8
                                                                sun.io.unicode.encoding = UnicodeLittle
                                                                
2025-04-12 03:36:07.442+0000 INFO  [o.n.i.d.DiagnosticsManager] 
                                                                --------------------------------------------------------------------------------
                                                                                      [ (IANA) TimeZone database version ]                      
                                                                --------------------------------------------------------------------------------
                                                                  TimeZone version: 2024a (available for 603 zone identifiers)
                                                                
2025-04-12 03:36:07.442+0000 INFO  [o.n.i.d.DiagnosticsManager] 
                                                                --------------------------------------------------------------------------------
                                                                                            [ Network information ]                             
                                                                --------------------------------------------------------------------------------
                                                                Interface eth0:
                                                                    address: 172.22.0.2
                                                                Interface lo:
                                                                    address: 127.0.0.1
                                                                
2025-04-12 03:36:07.442+0000 INFO  [o.n.i.d.DiagnosticsManager] 
                                                                --------------------------------------------------------------------------------
                                                                                         [ Native access information ]                          
                                                                --------------------------------------------------------------------------------
                                                                Native access details: Linux native access is available.
                                                                
2025-04-12 03:36:07.443+0000 INFO  [o.n.i.d.DiagnosticsManager] 
                                                                --------------------------------------------------------------------------------
                                                                                                [ DBMS config ]                                 
                                                                --------------------------------------------------------------------------------
                                                                DBMS provided settings:
                                                                client.allow_telemetry=false
                                                                dbms.security.procedures.unrestricted=gds.*,apoc.*,apoc.*
                                                                server.default_listen_address=0.0.0.0
                                                                server.directories.logs=/logs
                                                                server.directories.neo4j_home=/var/lib/neo4j
                                                                server.directories.plugins=/plugins
                                                                server.memory.pagecache.size=512.00MiB
                                                                Directories in use:
                                                                server.directories.data=/var/lib/neo4j/data
                                                                server.directories.dumps.root=/var/lib/neo4j/data/dumps
                                                                server.directories.import=/var/lib/neo4j
                                                                server.directories.lib=/var/lib/neo4j/lib
                                                                server.directories.licenses=/var/lib/neo4j/licenses
                                                                server.directories.logs=/logs
                                                                server.directories.neo4j_home=/var/lib/neo4j
                                                                server.directories.plugins=/plugins
                                                                server.directories.run=/var/lib/neo4j/run
                                                                server.directories.script.root=/var/lib/neo4j/data/scripts
                                                                server.directories.transaction.logs.root=/var/lib/neo4j/data/transactions
                                                                
2025-04-12 03:36:07.443+0000 INFO  [o.n.i.d.DiagnosticsManager] 
                                                                --------------------------------------------------------------------------------
                                                                                                 [ Packaging ]                                  
                                                                --------------------------------------------------------------------------------
                                                                Edition: Community
                                                                Package Type: docker bullseye
                                                                
2025-04-12 03:36:07.472+0000 INFO  [o.n.d.i.DefaultIdentityModule] Found ServerId on disk: ServerId{da816d0a} (da816d0a-1e8a-464a-b408-79f096fe1e05)
2025-04-12 03:36:07.474+0000 INFO  [o.n.d.i.DefaultIdentityModule] This instance is ServerId{da816d0a} (da816d0a-1e8a-464a-b408-79f096fe1e05)
2025-04-12 03:36:08.614+0000 INFO  [o.n.s.CommunityNeoWebServer] ======== Neo4j 5.26.0 ========
2025-04-12 03:36:08.639+0000 INFO  [o.n.d.d.DatabaseLifecycles] Creating 'DatabaseId{00000000[system]}'.
2025-04-12 03:36:08.728+0000 INFO  [a.ApocConfig] successfully registered ApocConfig for @Context
2025-04-12 03:36:08.884+0000 INFO  [c.n.g.e.GraphDataScienceExtension] GDS license file: null
2025-04-12 03:36:08.885+0000 INFO  [c.n.g.e.GraphDataScienceExtension] GDS license state: unlicensed
2025-04-12 03:36:08.889+0000 INFO  [c.n.g.e.GraphDataScienceExtension] Prometheus: disabled
2025-04-12 03:36:08.891+0000 WARN  [c.n.g.e.GraphDataScienceExtension] GDS metrics disabled
2025-04-12 03:36:08.902+0000 INFO  [c.n.g.e.GraphDataScienceExtension] Progress tracking: enabled
2025-04-12 03:36:08.903+0000 INFO  [c.n.g.e.GraphDataScienceExtension] Memory usage guard: minimum estimate
2025-04-12 03:36:08.910+0000 INFO  [c.n.g.e.GraphDataScienceExtension] Register GDS Memory Facade...
2025-04-12 03:36:08.912+0000 INFO  [c.n.g.e.GraphDataScienceExtension] GDS Memory Facade registered.
2025-04-12 03:36:08.923+0000 INFO  [c.n.g.e.GraphDataScienceExtension] Building Graph Data Science extension...
2025-04-12 03:36:08.931+0000 INFO  [c.n.g.e.GraphDataScienceExtension] Register Graph Data Science...
2025-04-12 03:36:08.933+0000 INFO  [c.n.g.e.GraphDataScienceExtension] Graph Data Science registered.
2025-04-12 03:36:08.935+0000 INFO  [c.n.g.e.GraphDataScienceExtension] Register Metrics...
2025-04-12 03:36:08.937+0000 INFO  [c.n.g.e.GraphDataScienceExtension] Metrics registered.
2025-04-12 03:36:08.939+0000 INFO  [c.n.g.e.GraphDataScienceExtension] Register Model Catalog...
2025-04-12 03:36:08.940+0000 INFO  [c.n.g.e.GraphDataScienceExtension] Model Catalog registered.
2025-04-12 03:36:08.942+0000 INFO  [c.n.g.e.GraphDataScienceExtension] Register Task Registry Factory...
2025-04-12 03:36:08.944+0000 INFO  [c.n.g.e.GraphDataScienceExtension] Task Registry Factory registered.
2025-04-12 03:36:08.945+0000 INFO  [c.n.g.e.GraphDataScienceExtension] Register Task Store...
2025-04-12 03:36:08.947+0000 INFO  [c.n.g.e.GraphDataScienceExtension] Task Store registered.
2025-04-12 03:36:08.948+0000 INFO  [c.n.g.e.GraphDataScienceExtension] Register User Log Registry Factory...
2025-04-12 03:36:08.950+0000 INFO  [c.n.g.e.GraphDataScienceExtension] User Log Registry Factory registered.
2025-04-12 03:36:08.951+0000 INFO  [c.n.g.e.GraphDataScienceExtension] Graph Data Science extension built.
2025-04-12 03:36:08.953+0000 INFO  [c.n.g.e.GraphDataScienceExtension] Building Graph Data Science Extras extension...
2025-04-12 03:36:08.955+0000 INFO  [c.n.g.e.GraphDataScienceExtension] Register Graph Data Science Extras...
2025-04-12 03:36:08.959+0000 INFO  [c.n.g.e.GraphDataScienceExtension] Graph Data Science Extras registered.
2025-04-12 03:36:08.960+0000 INFO  [c.n.g.e.GraphDataScienceExtension] Graph Data Science Extras extension built.
2025-04-12 03:36:08.973+0000 INFO  [a.Pools] successfully registered Pools for @Context
2025-04-12 03:36:08.977+0000 INFO  [a.ApocConfig] successfully registered ExtendedApocConfig for @Context
2025-04-12 03:36:08.996+0000 INFO  [a.ApocConfig] cannot determine conf folder from sys property org.neo4j.server.CommunityEntryPoint --home-dir=/var/lib/neo4j --config-dir=/var/lib/neo4j/conf --console-mode, assuming /var/lib/neo4j/conf
2025-04-12 03:36:08.996+0000 INFO  [a.ApocConfig] system property NEO4J_CONF set to /var/lib/neo4j/conf
2025-04-12 03:36:09.149+0000 INFO  [a.ApocConfig] setting APOC config to default value: apoc.trigger.enabled=false
2025-04-12 03:36:09.150+0000 INFO  [a.ApocConfig] setting APOC config to default value: apoc.import.file.use_neo4j_config=true
2025-04-12 03:36:09.173+0000 INFO  [a.ApocConfig] cannot determine conf folder from sys property org.neo4j.server.CommunityEntryPoint --home-dir=/var/lib/neo4j --config-dir=/var/lib/neo4j/conf --console-mode, assuming /var/lib/neo4j/conf
2025-04-12 03:36:09.174+0000 INFO  [a.ApocConfig] system property NEO4J_CONF set to /var/lib/neo4j/conf
2025-04-12 03:36:09.186+0000 INFO  [a.ApocConfig] setting APOC config to default value: apoc.ttl.schedule=PT1M
2025-04-12 03:36:09.187+0000 INFO  [a.ApocConfig] setting APOC config to default value: apoc.uuid.enabled=false
2025-04-12 03:36:09.187+0000 INFO  [a.ApocConfig] setting APOC config to default value: apoc.ttl.limit=1000
2025-04-12 03:36:09.188+0000 INFO  [a.ApocConfig] setting APOC config to default value: apoc.ttl.enabled=false
2025-04-12 03:36:09.228+0000 INFO  [o.n.b.BoltServer] Using connector transport epoll
2025-04-12 03:36:09.280+0000 INFO  [o.n.b.BoltServer] Configured external Bolt connector with listener address /0.0.0.0:7687
2025-04-12 03:36:09.281+0000 INFO  [o.n.b.BoltServer] Bolt server loaded
2025-04-12 03:36:09.300+0000 INFO  [o.n.d.d.DatabaseLifecycles] Starting 'DatabaseId{00000000[system]}'.
2025-04-12 03:36:09.970+0000 WARN  [o.n.k.i.t.l.f.c.CheckpointFileChannelNativeAccessor] [system/00000000] Unable to advise sequential access for transaction log version: 0. Error: ErrorCode=-1, errorMessage='Incorrect file descriptor.'
2025-04-12 03:36:09.971+0000 WARN  [o.n.k.i.t.l.f.c.CheckpointFileChannelNativeAccessor] [system/00000000] Unable to advise preserve data in cache for transaction log version: 0. Error: ErrorCode=-1, errorMessage='Incorrect file descriptor.'
2025-04-12 03:36:09.976+0000 INFO  [o.n.k.i.t.l.f.c.CheckpointLogFile] [system/00000000] Scanning log file with version 0 for checkpoint entries
2025-04-12 03:36:09.988+0000 WARN  [o.n.k.i.t.l.f.c.CheckpointFileChannelNativeAccessor] [system/00000000] Unable to evict transaction log from cache with version: 0. Error: ErrorCode=-1, errorMessage='Incorrect file descriptor.'
2025-04-12 03:36:09.990+0000 WARN  [o.n.k.i.t.l.f.c.CheckpointFileChannelNativeAccessor] [system/00000000] Unable to advise sequential access for transaction log version: 0. Error: ErrorCode=-1, errorMessage='Incorrect file descriptor.'
2025-04-12 03:36:09.991+0000 WARN  [o.n.k.i.t.l.f.c.CheckpointFileChannelNativeAccessor] [system/00000000] Unable to advise preserve data in cache for transaction log version: 0. Error: ErrorCode=-1, errorMessage='Incorrect file descriptor.'
2025-04-12 03:36:09.991+0000 WARN  [o.n.k.i.t.l.f.c.CheckpointFileChannelNativeAccessor] [system/00000000] Unable to evict transaction log from cache with version: 0. Error: ErrorCode=-1, errorMessage='Incorrect file descriptor.'
2025-04-12 03:36:09.995+0000 WARN  [o.n.k.i.t.l.f.LogFileChannelNativeAccessor] [system/00000000] Unable to advise sequential access for transaction log version: 0. Error: ErrorCode=-1, errorMessage='Incorrect file descriptor.'
2025-04-12 03:36:09.995+0000 WARN  [o.n.k.i.t.l.f.LogFileChannelNativeAccessor] [system/00000000] Unable to advise preserve data in cache for transaction log version: 0. Error: ErrorCode=-1, errorMessage='Incorrect file descriptor.'
2025-04-12 03:36:09.997+0000 WARN  [o.n.k.i.t.l.f.LogFileChannelNativeAccessor] [system/00000000] Unable to advise sequential access for transaction log version: 0. Error: ErrorCode=-1, errorMessage='Incorrect file descriptor.'
2025-04-12 03:36:09.997+0000 WARN  [o.n.k.i.t.l.f.LogFileChannelNativeAccessor] [system/00000000] Unable to advise preserve data in cache for transaction log version: 0. Error: ErrorCode=-1, errorMessage='Incorrect file descriptor.'
2025-04-12 03:36:09.998+0000 WARN  [o.n.k.i.t.l.f.LogFileChannelNativeAccessor] [system/00000000] Unable to evict transaction log from cache with version: 0. Error: ErrorCode=-1, errorMessage='Incorrect file descriptor.'
2025-04-12 03:36:09.998+0000 WARN  [o.n.k.i.t.l.f.LogFileChannelNativeAccessor] [system/00000000] Unable to evict transaction log from cache with version: 0. Error: ErrorCode=-1, errorMessage='Incorrect file descriptor.'
2025-04-12 03:36:10.026+0000 INFO  [o.n.k.i.s.f.RecordFormatSelector] [system/00000000] Selected RecordFormat:PageAlignedV5_0[aligned-1.1] record format from store /data/databases/system
2025-04-12 03:36:10.026+0000 INFO  [o.n.k.i.s.f.RecordFormatSelector] [system/00000000] Selected format from the store files: RecordFormat:PageAlignedV5_0[aligned-1.1]
2025-04-12 03:36:10.128+0000 WARN  [o.n.k.i.t.l.f.LogFileChannelNativeAccessor] [system/00000000] Unable to advise sequential access for transaction log version: 0. Error: ErrorCode=-1, errorMessage='Incorrect file descriptor.'
2025-04-12 03:36:10.129+0000 WARN  [o.n.k.i.t.l.f.LogFileChannelNativeAccessor] [system/00000000] Unable to advise preserve data in cache for transaction log version: 0. Error: ErrorCode=-1, errorMessage='Incorrect file descriptor.'
2025-04-12 03:36:10.129+0000 WARN  [o.n.k.i.t.l.f.LogFileChannelNativeAccessor] [system/00000000] Unable to evict transaction log from cache with version: 0. Error: ErrorCode=-1, errorMessage='Incorrect file descriptor.'
2025-04-12 03:36:10.275+0000 WARN  [o.n.k.i.t.l.f.c.CheckpointFileChannelNativeAccessor] [system/00000000] Unable to advise sequential access for transaction log version: 0. Error: ErrorCode=-1, errorMessage='Incorrect file descriptor.'
2025-04-12 03:36:10.275+0000 WARN  [o.n.k.i.t.l.f.c.CheckpointFileChannelNativeAccessor] [system/00000000] Unable to advise preserve data in cache for transaction log version: 0. Error: ErrorCode=-1, errorMessage='Incorrect file descriptor.'
2025-04-12 03:36:10.276+0000 WARN  [o.n.k.i.t.l.f.c.CheckpointFileChannelNativeAccessor] [system/00000000] Unable to evict transaction log from cache with version: 0. Error: ErrorCode=-1, errorMessage='Incorrect file descriptor.'
2025-04-12 03:36:10.292+0000 INFO  [o.n.i.d.DiagnosticsManager] [system/00000000] 
                                                                [system/00000000] ********************************************************************************
                                                                [system/00000000]                               [ Database: system ]                              
                                                                [system/00000000] ********************************************************************************
                                                                [system/00000000] --------------------------------------------------------------------------------
                                                                [system/00000000]                                   [ Version ]                                   
                                                                [system/00000000] --------------------------------------------------------------------------------
                                                                [system/00000000] DBMS: community record-aligned-1.1
                                                                [system/00000000] Kernel version: 5.26.0
                                                                [system/00000000] 
                                                                [system/00000000] --------------------------------------------------------------------------------
                                                                [system/00000000]                                 [ Store files ]                                 
                                                                [system/00000000] --------------------------------------------------------------------------------
                                                                [system/00000000] Disk space on partition (Total / Free / Free %): 1000240963584 / 562602188800 / 56
                                                                [system/00000000] Storage files stored on file store: fakeowner
                                                                [system/00000000] Storage files: (filename : modification date - size)
                                                                [system/00000000]   database_lock: 2025-04-12 03:17:56.494+0000 - 0B
                                                                [system/00000000]   neostore: 2025-04-12 03:17:56.316+0000 - 8.000KiB
                                                                [system/00000000]   neostore.counts.db: 2025-04-12 03:36:10.147+0000 - 48.00KiB
                                                                [system/00000000]   neostore.indexstats.db: 2025-04-12 03:36:10.169+0000 - 48.00KiB
                                                                [system/00000000]   neostore.labeltokenstore.db: 2025-04-12 03:24:58.997+0000 - 8.000KiB
                                                                [system/00000000]   neostore.labeltokenstore.db.id: 2025-04-12 03:36:10.119+0000 - 40.00KiB
                                                                [system/00000000]   neostore.labeltokenstore.db.names: 2025-04-12 03:24:58.999+0000 - 8.000KiB
                                                                [system/00000000]   neostore.labeltokenstore.db.names.id: 2025-04-12 03:36:10.116+0000 - 40.00KiB
                                                                [system/00000000]   neostore.nodestore.db: 2025-04-12 03:24:59.000+0000 - 8.000KiB
                                                                [system/00000000]   neostore.nodestore.db.id: 2025-04-12 03:36:10.077+0000 - 40.00KiB
                                                                [system/00000000]   neostore.nodestore.db.labels: 2025-04-12 03:17:56.249+0000 - 8.000KiB
                                                                [system/00000000]   neostore.nodestore.db.labels.id: 2025-04-12 03:36:10.068+0000 - 40.00KiB
                                                                [system/00000000]   neostore.propertystore.db: 2025-04-12 03:24:58.998+0000 - 8.000KiB
                                                                [system/00000000]   neostore.propertystore.db.arrays: 2025-04-12 03:17:56.275+0000 - 8.000KiB
                                                                [system/00000000]   neostore.propertystore.db.arrays.id: 2025-04-12 03:36:10.097+0000 - 40.00KiB
                                                                [system/00000000]   neostore.propertystore.db.id: 2025-04-12 03:36:10.101+0000 - 40.00KiB
                                                                [system/00000000]   neostore.propertystore.db.index: 2025-04-12 03:24:58.998+0000 - 8.000KiB
                                                                [system/00000000]   neostore.propertystore.db.index.id: 2025-04-12 03:36:10.087+0000 - 40.00KiB
                                                                [system/00000000]   neostore.propertystore.db.index.keys: 2025-04-12 03:24:59.001+0000 - 8.000KiB
                                                                [system/00000000]   neostore.propertystore.db.index.keys.id: 2025-04-12 03:36:10.082+0000 - 40.00KiB
                                                                [system/00000000]   neostore.propertystore.db.strings: 2025-04-12 03:24:59.001+0000 - 8.000KiB
                                                                [system/00000000]   neostore.propertystore.db.strings.id: 2025-04-12 03:36:10.092+0000 - 40.00KiB
                                                                [system/00000000]   neostore.relationshipgroupstore.db: 2025-04-12 03:17:56.308+0000 - 8.000KiB
                                                                [system/00000000]   neostore.relationshipgroupstore.db.id: 2025-04-12 03:36:10.127+0000 - 40.00KiB
                                                                [system/00000000]   neostore.relationshipgroupstore.degrees.db: 2025-04-12 03:36:10.161+0000 - 40.00KiB
                                                                [system/00000000]   neostore.relationshipstore.db: 2025-04-12 03:24:59.000+0000 - 8.000KiB
                                                                [system/00000000]   neostore.relationshipstore.db.id: 2025-04-12 03:36:10.105+0000 - 40.00KiB
                                                                [system/00000000]   neostore.relationshiptypestore.db: 2025-04-12 03:24:59.002+0000 - 8.000KiB
                                                                [system/00000000]   neostore.relationshiptypestore.db.id: 2025-04-12 03:36:10.113+0000 - 40.00KiB
                                                                [system/00000000]   neostore.relationshiptypestore.db.names: 2025-04-12 03:24:58.996+0000 - 8.000KiB
                                                                [system/00000000]   neostore.relationshiptypestore.db.names.id: 2025-04-12 03:36:10.109+0000 - 40.00KiB
                                                                [system/00000000]   neostore.schemastore.db: 2025-04-12 03:24:58.999+0000 - 8.000KiB
                                                                [system/00000000]   neostore.schemastore.db.id: 2025-04-12 03:36:10.123+0000 - 40.00KiB
                                                                [system/00000000]   schema:
                                                                [system/00000000]     index:
                                                                [system/00000000]       range-1.0:
                                                                [system/00000000]         3:
                                                                [system/00000000]           index-3: 2025-04-12 03:35:47.008+0000 - 48.00KiB
                                                                [system/00000000]         - Total: 2025-04-12 03:17:56.951+0000 - 48.00KiB
                                                                [system/00000000]         4:
                                                                [system/00000000]           index-4: 2025-04-12 03:35:47.009+0000 - 48.00KiB
                                                                [system/00000000]         - Total: 2025-04-12 03:17:57.001+0000 - 48.00KiB
                                                                [system/00000000]         7:
                                                                [system/00000000]           index-7: 2025-04-12 03:35:47.010+0000 - 48.00KiB
                                                                [system/00000000]         - Total: 2025-04-12 03:17:57.175+0000 - 48.00KiB
                                                                [system/00000000]         8:
                                                                [system/00000000]           index-8: 2025-04-12 03:35:47.011+0000 - 48.00KiB
                                                                [system/00000000]         - Total: 2025-04-12 03:17:57.200+0000 - 48.00KiB
                                                                [system/00000000]         9:
                                                                [system/00000000]           index-9: 2025-04-12 03:35:47.011+0000 - 48.00KiB
                                                                [system/00000000]         - Total: 2025-04-12 03:17:57.227+0000 - 48.00KiB
                                                                [system/00000000]       - Total: 2025-04-12 03:17:57.226+0000 - 240.0KiB
                                                                [system/00000000]       token-lookup-1.0:
                                                                [system/00000000]         1:
                                                                [system/00000000]           index-1: 2025-04-12 03:35:47.006+0000 - 48.00KiB
                                                                [system/00000000]         - Total: 2025-04-12 03:17:56.737+0000 - 48.00KiB
                                                                [system/00000000]         2:
                                                                [system/00000000]           index-2: 2025-04-12 03:35:47.007+0000 - 48.00KiB
                                                                [system/00000000]         - Total: 2025-04-12 03:17:56.782+0000 - 48.00KiB
                                                                [system/00000000]       - Total: 2025-04-12 03:17:56.781+0000 - 96.00KiB
                                                                [system/00000000]     - Total: 2025-04-12 03:17:56.949+0000 - 336.0KiB
                                                                [system/00000000]   - Total: 2025-04-12 03:17:56.734+0000 - 336.0KiB
                                                                [system/00000000] Storage summary: 
                                                                [system/00000000]   Total size of store: 1.125MiB
                                                                [system/00000000]   Total size of mapped files: 456.0KiB
                                                                [system/00000000] 
                                                                [system/00000000] --------------------------------------------------------------------------------
                                                                [system/00000000]                               [ Transaction log ]                               
                                                                [system/00000000] --------------------------------------------------------------------------------
                                                                [system/00000000] Transaction log files stored on file store: fakeowner
                                                                [system/00000000] Transaction log metadata:
                                                                [system/00000000]  - current kernel version used in transactions: V5_25
                                                                [system/00000000]  - last committed transaction id: 41
                                                                [system/00000000] Transaction log files:
                                                                [system/00000000]  - existing transaction log versions: 0-0
                                                                [system/00000000]  - oldest append index 2 found in log with version 0
                                                                [system/00000000]  - files: (filename : creation date - size)
                                                                [system/00000000]      neostore.transaction.db.0: 2025-04-12 03:17:57.279+0000 - 23.46KiB
                                                                [system/00000000]  - total size of files: 23.46KiB
                                                                [system/00000000] Checkpoint log files:
                                                                [system/00000000]  - existing checkpoint log versions: 0-0
                                                                [system/00000000]  - last checkpoint: CheckpointInfo[oldestNotVisibleTransactionLogPosition=LogPosition{logVersion=0, byteOffset=24028}, transactionLogPosition=LogPosition{logVersion=0, byteOffset=24028}, storeId=StoreId{creationTime=1744427876314, random=2370248569237093534, storageEngineName='record', formatName='aligned', majorVersion=1, minorVersion=1}, checkpointEntryPosition=LogPosition{logVersion=0, byteOffset=824}, channelPositionAfterCheckpoint=LogPosition{logVersion=0, byteOffset=1056}, checkpointFilePostReadPosition=LogPosition{logVersion=0, byteOffset=1056}, kernelVersion=KernelVersion{V5_25,version=20}, kernelVersionByte=20, transactionId=TransactionId[id=41, appendIndex=41, kernelVersion=KernelVersion{V5_25,version=20}, checksum=-1777325743, commitTimestamp=1744427877277, consensusIndex=-1], appendIndex=41, reason=Checkpoint triggered by "Database shutdown" @ txId: 41, append index: 41, consensusIndexInCheckpoint=true]
                                                                [system/00000000] 
                                                                [system/00000000] --------------------------------------------------------------------------------
                                                                [system/00000000]                                   [ Id usage ]                                  
                                                                [system/00000000] --------------------------------------------------------------------------------
                                                                [system/00000000] ArrayPropertyStore[neostore.nodestore.db.labels]: used=1 high=0
                                                                [system/00000000] NodeStore[neostore.nodestore.db]: used=7 high=6
                                                                [system/00000000] StringPropertyStore[neostore.propertystore.db.index.keys]: used=47 high=46
                                                                [system/00000000] PropertyIndexStore[neostore.propertystore.db.index]: used=33 high=32
                                                                [system/00000000] StringPropertyStore[neostore.propertystore.db.strings]: used=3 high=2
                                                                [system/00000000] ArrayPropertyStore[neostore.propertystore.db.arrays]: used=1 high=0
                                                                [system/00000000] PropertyStore[neostore.propertystore.db]: used=73 high=72
                                                                [system/00000000] RelationshipStore[neostore.relationshipstore.db]: used=3 high=2
                                                                [system/00000000] StringPropertyStore[neostore.relationshiptypestore.db.names]: used=3 high=2
                                                                [system/00000000] RelationshipTypeStore[neostore.relationshiptypestore.db]: used=2 high=1
                                                                [system/00000000] StringPropertyStore[neostore.labeltokenstore.db.names]: used=6 high=5
                                                                [system/00000000] LabelTokenStore[neostore.labeltokenstore.db]: used=5 high=4
                                                                [system/00000000] SchemaStore[neostore.schemastore.db]: used=13 high=12
                                                                [system/00000000] RelationshipGroupStore[neostore.relationshipgroupstore.db]: used=1 high=0
                                                                [system/00000000] NeoStore[neostore]: used=-1 high=-1
                                                                [system/00000000] 
                                                                [system/00000000] --------------------------------------------------------------------------------
                                                                [system/00000000]                                   [ Metadata ]                                  
                                                                [system/00000000] --------------------------------------------------------------------------------
                                                                [system/00000000] EXTERNAL_STORE_UUID (Database identifier exposed as external store identity. Generated on creation and never updated): c167f2b4-f952-498f-973a-83ccefbf92b8
                                                                [system/00000000] DATABASE_ID (The last used DatabaseId for this database): null
                                                                [system/00000000] LEGACY_STORE_VERSION (Legacy store format version. This field is used from 5.0 onwards only to distinguish non-migrated pre 5.0 metadata stores.): -3523014627327384477
                                                                [system/00000000] STORE_ID (Store ID): StoreId{creationTime=1744427876314, random=2370248569237093534, storageEngineName='record', formatName='aligned', majorVersion=1, minorVersion=1}
                                                                [system/00000000] 
2025-04-12 03:36:10.379+0000 INFO  [o.n.k.i.a.i.IndexingService] [system/00000000] IndexingService.init: indexes not specifically mentioned above are ONLINE. Total 7 indexes. Processed in 50ms
2025-04-12 03:36:10.384+0000 INFO  [o.n.k.a.DatabaseAvailabilityGuard] [system/00000000] Requirement `Database unavailable` makes database system unavailable.
2025-04-12 03:36:10.384+0000 INFO  [o.n.k.a.DatabaseAvailabilityGuard] [system/00000000] DatabaseId{00000000[system]} is unavailable.
2025-04-12 03:36:10.391+0000 WARN  [o.n.k.i.t.l.f.LogFileChannelNativeAccessor] [system/00000000] Unable to advise sequential access for transaction log version: 0. Error: ErrorCode=-1, errorMessage='Incorrect file descriptor.'
2025-04-12 03:36:10.391+0000 WARN  [o.n.k.i.t.l.f.LogFileChannelNativeAccessor] [system/00000000] Unable to advise preserve data in cache for transaction log version: 0. Error: ErrorCode=-1, errorMessage='Incorrect file descriptor.'
2025-04-12 03:36:10.393+0000 INFO  [o.n.k.d.Database] [system/00000000] Starting transaction log [/data/transactions/system/neostore.transaction.db.0] at version=0
2025-04-12 03:36:10.400+0000 WARN  [o.n.k.i.t.l.f.c.CheckpointFileChannelNativeAccessor] [system/00000000] Unable to advise sequential access for transaction log version: 0. Error: ErrorCode=-1, errorMessage='Incorrect file descriptor.'
2025-04-12 03:36:10.401+0000 WARN  [o.n.k.i.t.l.f.c.CheckpointFileChannelNativeAccessor] [system/00000000] Unable to advise preserve data in cache for transaction log version: 0. Error: ErrorCode=-1, errorMessage='Incorrect file descriptor.'
2025-04-12 03:36:10.402+0000 INFO  [o.n.k.d.Database] [system/00000000] Starting transaction log [/data/transactions/system/checkpoint.0] at version=0
2025-04-12 03:36:10.407+0000 WARN  [o.n.k.i.t.l.f.c.CheckpointFileChannelNativeAccessor] [system/00000000] Unable to advise sequential access for transaction log version: 0. Error: ErrorCode=-1, errorMessage='Incorrect file descriptor.'
2025-04-12 03:36:10.407+0000 WARN  [o.n.k.i.t.l.f.c.CheckpointFileChannelNativeAccessor] [system/00000000] Unable to advise preserve data in cache for transaction log version: 0. Error: ErrorCode=-1, errorMessage='Incorrect file descriptor.'
2025-04-12 03:36:10.408+0000 INFO  [o.n.k.i.t.l.f.c.CheckpointLogFile] [system/00000000] Scanning log file with version 0 for checkpoint entries
2025-04-12 03:36:10.409+0000 WARN  [o.n.k.i.t.l.f.c.CheckpointFileChannelNativeAccessor] [system/00000000] Unable to evict transaction log from cache with version: 0. Error: ErrorCode=-1, errorMessage='Incorrect file descriptor.'
2025-04-12 03:36:10.411+0000 WARN  [o.n.k.i.t.l.f.c.CheckpointFileChannelNativeAccessor] [system/00000000] Unable to advise sequential access for transaction log version: 0. Error: ErrorCode=-1, errorMessage='Incorrect file descriptor.'
2025-04-12 03:36:10.411+0000 WARN  [o.n.k.i.t.l.f.c.CheckpointFileChannelNativeAccessor] [system/00000000] Unable to advise preserve data in cache for transaction log version: 0. Error: ErrorCode=-1, errorMessage='Incorrect file descriptor.'
2025-04-12 03:36:10.412+0000 WARN  [o.n.k.i.t.l.f.c.CheckpointFileChannelNativeAccessor] [system/00000000] Unable to evict transaction log from cache with version: 0. Error: ErrorCode=-1, errorMessage='Incorrect file descriptor.'
2025-04-12 03:36:10.413+0000 WARN  [o.n.k.i.t.l.f.LogFileChannelNativeAccessor] [system/00000000] Unable to advise sequential access for transaction log version: 0. Error: ErrorCode=-1, errorMessage='Incorrect file descriptor.'
2025-04-12 03:36:10.413+0000 WARN  [o.n.k.i.t.l.f.LogFileChannelNativeAccessor] [system/00000000] Unable to advise preserve data in cache for transaction log version: 0. Error: ErrorCode=-1, errorMessage='Incorrect file descriptor.'
2025-04-12 03:36:10.414+0000 WARN  [o.n.k.i.t.l.f.LogFileChannelNativeAccessor] [system/00000000] Unable to advise sequential access for transaction log version: 0. Error: ErrorCode=-1, errorMessage='Incorrect file descriptor.'
2025-04-12 03:36:10.414+0000 WARN  [o.n.k.i.t.l.f.LogFileChannelNativeAccessor] [system/00000000] Unable to advise preserve data in cache for transaction log version: 0. Error: ErrorCode=-1, errorMessage='Incorrect file descriptor.'
2025-04-12 03:36:10.415+0000 WARN  [o.n.k.i.t.l.f.LogFileChannelNativeAccessor] [system/00000000] Unable to evict transaction log from cache with version: 0. Error: ErrorCode=-1, errorMessage='Incorrect file descriptor.'
2025-04-12 03:36:10.415+0000 WARN  [o.n.k.i.t.l.f.LogFileChannelNativeAccessor] [system/00000000] Unable to evict transaction log from cache with version: 0. Error: ErrorCode=-1, errorMessage='Incorrect file descriptor.'
2025-04-12 03:36:10.418+0000 INFO  [o.n.k.i.a.i.IndexingService] [system/00000000] IndexingService.start: indexes not specifically mentioned above are ONLINE. Total 7 indexes. Processed in 0ms
2025-04-12 03:36:10.425+0000 INFO  [o.n.k.a.DatabaseAvailabilityGuard] [system/00000000] Fulfilling of requirement 'Database unavailable' makes database system available.
2025-04-12 03:36:10.426+0000 INFO  [o.n.k.a.DatabaseAvailabilityGuard] [system/00000000] DatabaseId{00000000[system]} is ready.
2025-04-12 03:36:11.010+0000 WARN  [o.n.k.a.p.GlobalProcedures] Failed to load `com.neo4j.gds.core.write.CypherNodePropertyExporterBuilder` from plugin jar `/plugins/graph-data-science.jar`: java.lang.NoClassDefFoundError: com/neo4j/kernel/enterprise/api/security/EnterpriseLoginContext
2025-04-12 03:36:11.240+0000 WARN  [o.n.k.a.p.GlobalProcedures] Failed to load `org.antlr.v4.gui.TreeLayoutAdaptor` from plugin jar `/plugins/apoc-extended.jar`: java.lang.NoClassDefFoundError: org/abego/treelayout/TreeForTreeLayout
2025-04-12 03:36:11.269+0000 WARN  [o.n.k.a.p.GlobalProcedures] Failed to load `com.opencsv.bean.HeaderIndex` from plugin jar `/plugins/apoc.jar`: java.lang.NoClassDefFoundError: org/apache/commons/collections4/MultiValuedMap
2025-04-12 03:36:11.319+0000 WARN  [o.n.k.a.p.GlobalProcedures] Failed to load `com.neo4j.gds.shaded.io.netty.handler.codec.spdy.SpdyHeaderBlockJZlibEncoder` from plugin jar `/plugins/graph-data-science.jar`: java.lang.NoClassDefFoundError: com/neo4j/gds/shaded/com/jcraft/jzlib/Deflater
2025-04-12 03:36:11.348+0000 WARN  [o.n.k.a.p.GlobalProcedures] Failed to load `com.opencsv.bean.BeanFieldJoin` from plugin jar `/plugins/apoc.jar`: java.lang.NoClassDefFoundError: org/apache/commons/collections4/MultiValuedMap
2025-04-12 03:36:11.510+0000 WARN  [o.n.k.a.p.GlobalProcedures] Failed to load `com.neo4j.gds.shaded.io.netty.handler.codec.compression.LzfDecoder` from plugin jar `/plugins/graph-data-science.jar`: java.lang.NoClassDefFoundError: com/neo4j/gds/shaded/com/ning/compress/lzf/ChunkDecoder
2025-04-12 03:36:11.567+0000 WARN  [o.n.k.a.p.GlobalProcedures] Failed to load `apoc.nlp.NLPHelperFunctions` from plugin jar `/plugins/apoc-extended.jar`: java.lang.NoClassDefFoundError: kotlin/Pair
2025-04-12 03:36:11.830+0000 WARN  [o.n.k.a.p.GlobalProcedures] Failed to load `com.neo4j.gds.shaded.io.netty.handler.codec.marshalling.DefaultUnmarshallerProvider` from plugin jar `/plugins/graph-data-science.jar`: java.lang.NoClassDefFoundError: com/neo4j/gds/shaded/org/jboss/marshalling/Unmarshaller
2025-04-12 03:36:12.267+0000 WARN  [o.n.k.a.p.GlobalProcedures] Failed to load `com.neo4j.gds.shaded.org.ejml.ops.MatrixIO$MflAccess$IO` from plugin jar `/plugins/graph-data-science.jar`: java.lang.NoClassDefFoundError: us/hebi/matlab/mat/types/MatFile
2025-04-12 03:36:12.346+0000 WARN  [o.n.k.a.p.GlobalProcedures] Failed to load `com.neo4j.gds.shaded.io.netty.handler.codec.protobuf.ProtobufEncoderNano` from plugin jar `/plugins/graph-data-science.jar`: java.lang.NoClassDefFoundError: com/neo4j/gds/shaded/com/google/protobuf/nano/MessageNano
2025-04-12 03:36:12.364+0000 WARN  [o.n.k.a.p.GlobalProcedures] Failed to load `com.neo4j.gds.shaded.net.bytebuddy.dynamic.loading.ClassInjector$UsingJna$Dispatcher$Windows32BitFunctionMapper` from plugin jar `/plugins/graph-data-science.jar`: java.lang.NoClassDefFoundError: com/neo4j/gds/shaded/com/sun/jna/FunctionMapper
2025-04-12 03:36:12.452+0000 WARN  [o.n.k.a.p.GlobalProcedures] Failed to load `com.jayway.jsonpath.spi.json.JakartaJsonProvider$JsonArrayProxy$1` from plugin jar `/plugins/apoc.jar`: java.lang.NoClassDefFoundError: jakarta/json/JsonValue
2025-04-12 03:36:12.453+0000 WARN  [o.n.k.a.p.GlobalProcedures] Failed to load `com.jayway.jsonpath.spi.json.JakartaJsonProvider$JsonArrayProxy$2` from plugin jar `/plugins/apoc.jar`: java.lang.NoClassDefFoundError: jakarta/json/JsonValue
2025-04-12 03:36:12.685+0000 WARN  [o.n.k.a.p.GlobalProcedures] Failed to load `net.minidev.asm.BeansAccessBuilder` from plugin jar `/plugins/apoc.jar`: java.lang.NoClassDefFoundError: org/objectweb/asm/MethodVisitor
2025-04-12 03:36:12.839+0000 WARN  [o.n.k.a.p.GlobalProcedures] Failed to load `com.neo4j.gds.ClusterExporterBuilderCatalog$ExporterBuilderCreator` from plugin jar `/plugins/graph-data-science.jar`: java.lang.NoClassDefFoundError: com/neo4j/kernel/enterprise/api/security/EnterpriseLoginContext
2025-04-12 03:36:12.992+0000 WARN  [o.n.k.a.p.GlobalProcedures] Failed to load `com.neo4j.gds.shaded.io.netty.handler.codec.compression.JZlibEncoder` from plugin jar `/plugins/graph-data-science.jar`: java.lang.NoClassDefFoundError: com/neo4j/gds/shaded/com/jcraft/jzlib/Deflater
2025-04-12 03:36:13.294+0000 WARN  [o.n.k.a.p.GlobalProcedures] Failed to load `com.neo4j.gds.metrics.projections.PrometheusMetricsForProjectionsProvider` from plugin jar `/plugins/graph-data-science.jar`: java.lang.NoClassDefFoundError: io/prometheus/client/Histogram
2025-04-12 03:36:13.306+0000 WARN  [o.n.k.a.p.GlobalProcedures] Failed to load `com.neo4j.gds.shaded.io.netty.handler.ssl.JettyNpnSslEngine$1` from plugin jar `/plugins/graph-data-science.jar`: java.lang.NoClassDefFoundError: com/neo4j/gds/shaded/org/eclipse/jetty/npn/NextProtoNego$ServerProvider
2025-04-12 03:36:13.307+0000 WARN  [o.n.k.a.p.GlobalProcedures] Failed to load `com.neo4j.gds.shaded.io.netty.handler.ssl.JettyNpnSslEngine$2` from plugin jar `/plugins/graph-data-science.jar`: java.lang.NoClassDefFoundError: com/neo4j/gds/shaded/org/eclipse/jetty/npn/NextProtoNego$ClientProvider
2025-04-12 03:36:13.471+0000 WARN  [o.n.k.a.p.GlobalProcedures] Failed to load `com.neo4j.gds.core.write.CypherNodeLabelExporterBuilder` from plugin jar `/plugins/graph-data-science.jar`: java.lang.NoClassDefFoundError: com/neo4j/kernel/enterprise/api/security/EnterpriseLoginContext
2025-04-12 03:36:13.537+0000 WARN  [o.n.k.a.p.GlobalProcedures] Failed to load `apoc.data.email.ExtractEmailHandler` from plugin jar `/plugins/apoc-extended.jar`: java.lang.NoClassDefFoundError: javax/mail/internet/AddressException
2025-04-12 03:36:13.780+0000 WARN  [o.n.k.a.p.GlobalProcedures] Failed to load `apoc.couchbase.CouchbaseConfig` from plugin jar `/plugins/apoc-extended.jar`: java.lang.NoClassDefFoundError: com/couchbase/client/core/retry/RetryStrategy
2025-04-12 03:36:13.884+0000 WARN  [o.n.k.a.p.GlobalProcedures] Failed to load `apoc.couchbase.CouchbaseConnection` from plugin jar `/plugins/apoc-extended.jar`: java.lang.NoClassDefFoundError: com/couchbase/client/core/env/Authenticator
2025-04-12 03:36:13.970+0000 WARN  [o.n.k.a.p.GlobalProcedures] Failed to load `apoc.nlp.azure.AzureProcedures$entities$2` from plugin jar `/plugins/apoc-extended.jar`: java.lang.NoClassDefFoundError: kotlin/jvm/functions/Function1
2025-04-12 03:36:14.043+0000 WARN  [o.n.k.a.p.GlobalProcedures] Failed to load `com.neo4j.gds.metrics.PrometheusExecutionMetricProvider` from plugin jar `/plugins/graph-data-science.jar`: java.lang.NoClassDefFoundError: io/prometheus/client/Histogram
2025-04-12 03:36:14.322+0000 WARN  [o.n.k.a.p.GlobalProcedures] Failed to load `com.neo4j.gds.shaded.io.netty.handler.codec.compression.LzmaFrameEncoder` from plugin jar `/plugins/graph-data-science.jar`: java.lang.NoClassDefFoundError: lzma/sdk/lzma/Encoder
2025-04-12 03:36:14.430+0000 WARN  [o.n.k.a.p.GlobalProcedures] Failed to load `apoc.load.LoadHtmlBrowser` from plugin jar `/plugins/apoc-extended.jar`: java.lang.NoClassDefFoundError: org/openqa/selenium/TimeoutException
2025-04-12 03:36:14.463+0000 WARN  [o.n.k.a.p.GlobalProcedures] Failed to load `com.opencsv.bean.BeanFieldJoinStringIndex` from plugin jar `/plugins/apoc.jar`: java.lang.NoClassDefFoundError: org/apache/commons/collections4/MultiValuedMap
2025-04-12 03:36:14.526+0000 WARN  [o.n.k.a.p.GlobalProcedures] Failed to load `org.antlr.v4.gui.TreeViewer$VariableExtentProvide` from plugin jar `/plugins/apoc-extended.jar`: java.lang.NoClassDefFoundError: org/abego/treelayout/NodeExtentProvider
2025-04-12 03:36:14.535+0000 WARN  [o.n.k.a.p.GlobalProcedures] Failed to load `com.opencsv.bean.concurrent.BeanExecutor` from plugin jar `/plugins/apoc.jar`: java.lang.NoClassDefFoundError: org/apache/commons/collections4/ListValuedMap
2025-04-12 03:36:14.868+0000 WARN  [o.n.k.a.p.GlobalProcedures] Failed to load `com.neo4j.gds.shaded.io.netty.util.internal.Hidden$NettyBlockHoundIntegration$1` from plugin jar `/plugins/graph-data-science.jar`: java.lang.NoClassDefFoundError: reactor/blockhound/integration/BlockHoundIntegration
2025-04-12 03:36:14.958+0000 WARN  [o.n.k.a.p.GlobalProcedures] Failed to load `com.neo4j.gds.shaded.io.netty.handler.codec.marshalling.MarshallingEncoder` from plugin jar `/plugins/graph-data-science.jar`: java.lang.NoClassDefFoundError: com/neo4j/gds/shaded/org/jboss/marshalling/ByteOutput
2025-04-12 03:36:14.985+0000 WARN  [o.n.k.a.p.GlobalProcedures] Failed to load `com.neo4j.gds.shaded.io.netty.handler.codec.marshalling.DefaultMarshallerProvider` from plugin jar `/plugins/graph-data-science.jar`: java.lang.NoClassDefFoundError: com/neo4j/gds/shaded/org/jboss/marshalling/Marshaller
2025-04-12 03:36:14.998+0000 WARN  [o.n.k.a.p.GlobalProcedures] Failed to load `com.neo4j.gds.shaded.io.netty.handler.ssl.ConscryptAlpnSslEngine$ServerEngine` from plugin jar `/plugins/graph-data-science.jar`: java.lang.NoClassDefFoundError: com/neo4j/gds/shaded/org/conscrypt/BufferAllocator
2025-04-12 03:36:15.224+0000 WARN  [o.n.k.a.p.GlobalProcedures] Failed to load `com.opencsv.bean.BeanFieldJoinIntegerIndex` from plugin jar `/plugins/apoc.jar`: java.lang.NoClassDefFoundError: org/apache/commons/collections4/MultiValuedMap
2025-04-12 03:36:15.371+0000 WARN  [o.n.k.a.p.GlobalProcedures] Failed to load `com.neo4j.gds.metrics.CreatedGraphsMetric` from plugin jar `/plugins/graph-data-science.jar`: java.lang.NoClassDefFoundError: io/prometheus/client/Collector
2025-04-12 03:36:15.427+0000 WARN  [o.n.k.a.p.GlobalProcedures] Failed to load `apoc.nlp.NLPHelperFunctions$mergeRelationship$potentialRelationship$1` from plugin jar `/plugins/apoc-extended.jar`: java.lang.NoClassDefFoundError: kotlin/jvm/functions/Function1
2025-04-12 03:36:15.428+0000 WARN  [o.n.k.a.p.GlobalProcedures] Failed to load `apoc.nlp.NLPHelperFunctions$mergeRelationship$potentialRelationship$2` from plugin jar `/plugins/apoc-extended.jar`: java.lang.NoClassDefFoundError: kotlin/jvm/functions/Function1
2025-04-12 03:36:15.471+0000 WARN  [o.n.k.a.p.GlobalProcedures] Failed to load `META-INF.versions.9.org.yaml.snakeyaml.internal.Logger$Level` from plugin jar `/plugins/apoc-extended.jar`: java.lang.NoClassDefFoundError: org/yaml/snakeyaml/internal/Logger$Level (wrong name: META-INF/versions/9/org/yaml/snakeyaml/internal/Logger$Level)
2025-04-12 03:36:15.506+0000 WARN  [o.n.k.a.p.GlobalProcedures] Failed to load `com.neo4j.gds.metrics.ShutdownFailureMetric` from plugin jar `/plugins/graph-data-science.jar`: java.lang.NoClassDefFoundError: io/prometheus/client/Collector
2025-04-12 03:36:15.582+0000 WARN  [o.n.k.a.p.GlobalProcedures] Failed to load `com.opencsv.bean.AbstractMappingStrategy` from plugin jar `/plugins/apoc.jar`: java.lang.NoClassDefFoundError: org/apache/commons/collections4/MultiValuedMap
2025-04-12 03:36:15.601+0000 WARN  [o.n.k.a.p.GlobalProcedures] Failed to load `apoc.redis.RedisConnection` from plugin jar `/plugins/apoc-extended.jar`: java.lang.NoClassDefFoundError: io/lettuce/core/RedisClient
2025-04-12 03:36:15.655+0000 WARN  [o.n.k.a.p.GlobalProcedures] Failed to load `com.neo4j.gds.extension.MetricsLifecycle` from plugin jar `/plugins/graph-data-science.jar`: java.lang.NoClassDefFoundError: com/neo4j/metrics/MetricsManager
2025-04-12 03:36:15.803+0000 WARN  [o.n.k.a.p.GlobalProcedures] Failed to load `com.neo4j.gds.shaded.io.netty.handler.ssl.ConscryptAlpnSslEngine` from plugin jar `/plugins/graph-data-science.jar`: java.lang.NoClassDefFoundError: com/neo4j/gds/shaded/org/conscrypt/AllocatedBuffer
2025-04-12 03:36:15.952+0000 WARN  [o.n.k.a.p.GlobalProcedures] Failed to load `apoc.nlp.aws.RealAWSClient` from plugin jar `/plugins/apoc-extended.jar`: java.lang.NoClassDefFoundError: com/amazonaws/services/comprehend/model/BatchDetectSentimentResult
2025-04-12 03:36:15.996+0000 WARN  [o.n.k.a.p.GlobalProcedures] Failed to load `com.neo4j.gds.shaded.io.netty.handler.ssl.JettyAlpnSslEngine$ClientEngine$1` from plugin jar `/plugins/graph-data-science.jar`: java.lang.NoClassDefFoundError: com/neo4j/gds/shaded/org/eclipse/jetty/alpn/ALPN$ClientProvider
2025-04-12 03:36:16.106+0000 WARN  [o.n.k.a.p.GlobalProcedures] Failed to load `com.neo4j.gds.metrics.PrometheusMetricWithTimer` from plugin jar `/plugins/graph-data-science.jar`: java.lang.NoClassDefFoundError: io/prometheus/client/Counter
2025-04-12 03:36:16.149+0000 WARN  [o.n.k.a.p.GlobalProcedures] Failed to load `com.neo4j.gds.shaded.io.netty.handler.codec.compression.Lz4FrameDecoder` from plugin jar `/plugins/graph-data-science.jar`: java.lang.NoClassDefFoundError: net/jpountz/lz4/LZ4Exception
2025-04-12 03:36:16.299+0000 WARN  [o.n.k.a.p.GlobalProcedures] Failed to load `com.neo4j.gds.core.write.CypherRelationshipStreamExporterBuilder` from plugin jar `/plugins/graph-data-science.jar`: java.lang.NoClassDefFoundError: com/neo4j/kernel/enterprise/api/security/EnterpriseLoginContext
2025-04-12 03:36:16.317+0000 WARN  [o.n.k.a.p.GlobalProcedures] Failed to load `com.neo4j.gds.metrics.RestoreFailureMetric` from plugin jar `/plugins/graph-data-science.jar`: java.lang.NoClassDefFoundError: io/prometheus/client/Collector
2025-04-12 03:36:16.370+0000 WARN  [o.n.k.a.p.GlobalProcedures] Failed to load `com.neo4j.gds.shaded.io.netty.handler.ssl.ConscryptAlpnSslEngine$ClientEngine` from plugin jar `/plugins/graph-data-science.jar`: java.lang.NoClassDefFoundError: com/neo4j/gds/shaded/org/conscrypt/BufferAllocator
2025-04-12 03:36:16.432+0000 WARN  [o.n.k.a.p.GlobalProcedures] Failed to load `apoc.util.s3.S3Aws$1` from plugin jar `/plugins/apoc.jar`: java.lang.NoClassDefFoundError: com/amazonaws/services/s3/model/S3ObjectInputStream
2025-04-12 03:36:16.510+0000 WARN  [o.n.k.a.p.GlobalProcedures] Failed to load `com.neo4j.gds.shaded.org.reflections.vfs.JbossFile` from plugin jar `/plugins/graph-data-science.jar`: java.lang.NoClassDefFoundError: com/neo4j/gds/shaded/org/jboss/vfs/VirtualFile
2025-04-12 03:36:16.560+0000 WARN  [o.n.k.a.p.GlobalProcedures] Failed to load `apoc.nlp.azure.AzureProcedures` from plugin jar `/plugins/apoc-extended.jar`: java.lang.NoClassDefFoundError: kotlin/jvm/functions/Function1
2025-04-12 03:36:16.587+0000 WARN  [o.n.k.a.p.GlobalProcedures] Failed to load `net.minidev.asm.ASMUtil` from plugin jar `/plugins/apoc.jar`: java.lang.NoClassDefFoundError: org/objectweb/asm/MethodVisitor
2025-04-12 03:36:16.623+0000 WARN  [o.n.k.a.p.GlobalProcedures] Failed to load `com.jayway.jsonpath.spi.json.JakartaJsonProvider$JsonObjectProxy$1` from plugin jar `/plugins/apoc.jar`: java.lang.NoClassDefFoundError: jakarta/json/JsonObject
2025-04-12 03:36:16.740+0000 WARN  [o.n.k.a.p.GlobalProcedures] Failed to load `apoc.nlp.aws.AWSVirtualSentimentVirtualGraph` from plugin jar `/plugins/apoc-extended.jar`: java.lang.NoClassDefFoundError: com/amazonaws/services/comprehend/model/BatchDetectSentimentResult
2025-04-12 03:36:16.762+0000 WARN  [o.n.k.a.p.GlobalProcedures] Failed to load `com.neo4j.gds.ClusterExporterBuilderCatalog` from plugin jar `/plugins/graph-data-science.jar`: java.lang.NoClassDefFoundError: com/neo4j/kernel/enterprise/api/security/EnterpriseLoginContext
2025-04-12 03:36:16.840+0000 WARN  [o.n.k.a.p.GlobalProcedures] Failed to load `com.opencsv.bean.CsvToBeanBuilder` from plugin jar `/plugins/apoc.jar`: java.lang.NoClassDefFoundError: org/apache/commons/collections4/ListValuedMap
2025-04-12 03:36:16.892+0000 WARN  [o.n.k.a.p.GlobalProcedures] Failed to load `com.jayway.jsonpath.spi.json.JakartaJsonProvider$JsonArrayProxy` from plugin jar `/plugins/apoc.jar`: java.lang.NoClassDefFoundError: jakarta/json/JsonArray
2025-04-12 03:36:16.956+0000 WARN  [o.n.k.a.p.GlobalProcedures] Failed to load `com.neo4j.gds.shaded.org.reflections.vfs.JbossDir` from plugin jar `/plugins/graph-data-science.jar`: java.lang.NoClassDefFoundError: com/neo4j/gds/shaded/org/jboss/vfs/VirtualFile
2025-04-12 03:36:17.009+0000 WARN  [o.n.k.a.p.GlobalProcedures] Failed to load `org.antlr.v4.gui.TreePostScriptGenerator` from plugin jar `/plugins/apoc-extended.jar`: java.lang.NoClassDefFoundError: org/abego/treelayout/NodeExtentProvider
2025-04-12 03:36:17.034+0000 WARN  [o.n.k.a.p.GlobalProcedures] Failed to load `com.neo4j.gds.shaded.io.netty.handler.codec.compression.BrotliEncoder` from plugin jar `/plugins/graph-data-science.jar`: java.lang.NoClassDefFoundError: com/neo4j/gds/shaded/com/aayushatharva/brotli4j/encoder/Encoder$Parameters
2025-04-12 03:36:17.038+0000 WARN  [o.n.k.a.p.GlobalProcedures] Failed to load `com.neo4j.gds.metrics.AuraBackupTimeMetric` from plugin jar `/plugins/graph-data-science.jar`: java.lang.NoClassDefFoundError: io/prometheus/client/Collector
2025-04-12 03:36:17.105+0000 WARN  [o.n.k.a.p.GlobalProcedures] Failed to load `com.neo4j.gds.shaded.io.netty.handler.codec.marshalling.LimitingByteInput` from plugin jar `/plugins/graph-data-science.jar`: java.lang.NoClassDefFoundError: com/neo4j/gds/shaded/org/jboss/marshalling/ByteInput
2025-04-12 03:36:17.159+0000 WARN  [o.n.k.a.p.GlobalProcedures] Failed to load `com.neo4j.gds.shaded.io.netty.handler.codec.marshalling.ThreadLocalUnmarshallerProvider` from plugin jar `/plugins/graph-data-science.jar`: java.lang.NoClassDefFoundError: com/neo4j/gds/shaded/org/jboss/marshalling/Unmarshaller
2025-04-12 03:36:17.286+0000 WARN  [o.n.k.a.p.GlobalProcedures] Failed to load `com.neo4j.gds.shaded.io.netty.util.internal.Hidden` from plugin jar `/plugins/graph-data-science.jar`: java.lang.NoClassDefFoundError: reactor/blockhound/integration/BlockHoundIntegration
2025-04-12 03:36:17.290+0000 WARN  [o.n.k.a.p.GlobalProcedures] Failed to load `com.opencsv.bean.concurrent.AccumulateCsvResults` from plugin jar `/plugins/apoc.jar`: java.lang.NoClassDefFoundError: org/apache/commons/collections4/ListValuedMap
2025-04-12 03:36:17.387+0000 WARN  [o.n.k.a.p.GlobalProcedures] Failed to load `apoc.nlp.gcp.GCPProcedures` from plugin jar `/plugins/apoc-extended.jar`: java.lang.NoClassDefFoundError: kotlin/jvm/functions/Function1
2025-04-12 03:36:17.462+0000 WARN  [o.n.k.a.p.GlobalProcedures] Failed to load `com.neo4j.gds.shaded.io.netty.handler.ssl.ConscryptAlpnSslEngine$ClientEngine$1` from plugin jar `/plugins/graph-data-science.jar`: java.lang.NoClassDefFoundError: com/neo4j/gds/shaded/org/conscrypt/HandshakeListener
2025-04-12 03:36:17.532+0000 WARN  [o.n.k.a.p.GlobalProcedures] Failed to load `com.neo4j.gds.shaded.io.netty.handler.codec.marshalling.MarshallingDecoder` from plugin jar `/plugins/graph-data-science.jar`: java.lang.NoClassDefFoundError: com/neo4j/gds/shaded/org/jboss/marshalling/ByteInput
2025-04-12 03:36:17.592+0000 WARN  [o.n.k.a.p.GlobalProcedures] Failed to load `com.jayway.jsonpath.spi.json.JakartaJsonProvider` from plugin jar `/plugins/apoc.jar`: java.lang.NoClassDefFoundError: jakarta/json/JsonObject
2025-04-12 03:36:17.682+0000 WARN  [o.n.k.a.p.GlobalProcedures] Failed to load `apoc.couchbase.document.CouchbaseUtils` from plugin jar `/plugins/apoc-extended.jar`: java.lang.NoClassDefFoundError: com/couchbase/client/core/msg/kv/MutationToken
2025-04-12 03:36:17.712+0000 WARN  [o.n.k.a.p.GlobalProcedures] Failed to load `com.opencsv.bean.FieldMapByPosition$1` from plugin jar `/plugins/apoc.jar`: java.lang.NoClassDefFoundError: org/apache/commons/collections4/iterators/LazyIteratorChain
2025-04-12 03:36:17.737+0000 WARN  [o.n.k.a.p.GlobalProcedures] Failed to load `apoc.export.xls.ExportXlsHandler` from plugin jar `/plugins/apoc-extended.jar`: java.lang.NoClassDefFoundError: org/apache/poi/ss/usermodel/Workbook
2025-04-12 03:36:17.744+0000 WARN  [o.n.k.a.p.GlobalProcedures] Failed to load `apoc.couchbase.CouchbaseConfig$TrancoderConfig` from plugin jar `/plugins/apoc-extended.jar`: java.lang.NoClassDefFoundError: com/couchbase/client/java/codec/Transcoder
2025-04-12 03:36:17.784+0000 WARN  [o.n.k.a.p.GlobalProcedures] Failed to load `com.neo4j.gds.shaded.io.netty.handler.codec.compression.BrotliOptions` from plugin jar `/plugins/graph-data-science.jar`: java.lang.NoClassDefFoundError: com/neo4j/gds/shaded/com/aayushatharva/brotli4j/encoder/Encoder$Parameters
2025-04-12 03:36:17.811+0000 WARN  [o.n.k.a.p.GlobalProcedures] Failed to load `com.neo4j.gds.metrics.procedures.PrometheusDeprecatedProceduresMetricRegistrar` from plugin jar `/plugins/graph-data-science.jar`: java.lang.NoClassDefFoundError: io/prometheus/client/Counter
2025-04-12 03:36:17.830+0000 WARN  [o.n.k.a.p.GlobalProcedures] Failed to load `com.neo4j.gds.shaded.javassist.util.HotSwapper` from plugin jar `/plugins/graph-data-science.jar`: java.lang.NoClassDefFoundError: com/neo4j/gds/shaded/com/sun/jdi/request/EventRequest
2025-04-12 03:36:17.867+0000 WARN  [o.n.k.a.p.GlobalProcedures] Failed to load `com.jayway.jsonpath.spi.json.JsonOrgJsonProvider` from plugin jar `/plugins/apoc.jar`: java.lang.NoClassDefFoundError: org/json/JSONException
2025-04-12 03:36:18.059+0000 WARN  [o.n.k.a.p.GlobalProcedures] Failed to load `apoc.util.s3.S3Aws` from plugin jar `/plugins/apoc.jar`: java.lang.NoClassDefFoundError: com/amazonaws/auth/AWSCredentials
2025-04-12 03:36:18.121+0000 WARN  [o.n.k.a.p.GlobalProcedures] Failed to load `apoc.nlp.aws.AWSVirtualEntitiesGraph` from plugin jar `/plugins/apoc-extended.jar`: java.lang.NoClassDefFoundError: com/amazonaws/services/comprehend/model/BatchDetectEntitiesResult
2025-04-12 03:36:18.277+0000 WARN  [o.n.k.a.p.GlobalProcedures] Failed to load `com.opencsv.bean.concurrent.IntolerantThreadPoolExecutor` from plugin jar `/plugins/apoc.jar`: java.lang.NoClassDefFoundError: org/apache/commons/collections4/ListValuedMap
2025-04-12 03:36:18.308+0000 WARN  [o.n.k.a.p.GlobalProcedures] Failed to load `com.neo4j.gds.shaded.io.netty.handler.codec.marshalling.MarshallerProvider` from plugin jar `/plugins/graph-data-science.jar`: java.lang.NoClassDefFoundError: com/neo4j/gds/shaded/org/jboss/marshalling/Marshaller
2025-04-12 03:36:18.314+0000 WARN  [o.n.k.a.p.GlobalProcedures] Failed to load `apoc.nlp.azure.AzureProcedures$keyPhrases$2` from plugin jar `/plugins/apoc-extended.jar`: java.lang.NoClassDefFoundError: kotlin/jvm/functions/Function1
2025-04-12 03:36:18.357+0000 WARN  [o.n.k.a.p.GlobalProcedures] Failed to load `com.neo4j.gds.shaded.io.netty.handler.codec.compression.ZstdDecoder` from plugin jar `/plugins/graph-data-science.jar`: java.lang.NoClassDefFoundError: com/neo4j/gds/shaded/com/github/luben/zstd/ZstdInputStreamNoFinalizer
2025-04-12 03:36:18.373+0000 WARN  [o.n.k.a.p.GlobalProcedures] Failed to load `com.neo4j.gds.metrics.ShutdownTimeMetric` from plugin jar `/plugins/graph-data-science.jar`: java.lang.NoClassDefFoundError: io/prometheus/client/Collector
2025-04-12 03:36:18.416+0000 WARN  [o.n.k.a.p.GlobalProcedures] Failed to load `com.opencsv.bean.customconverter.ConvertFrenchToBoolean` from plugin jar `/plugins/apoc.jar`: java.lang.NoClassDefFoundError: org/apache/commons/beanutils/ConversionException
2025-04-12 03:36:18.419+0000 WARN  [o.n.k.a.p.GlobalProcedures] Failed to load `com.jayway.jsonpath.spi.mapper.JakartaMappingProvider$JsonObjectScope` from plugin jar `/plugins/apoc.jar`: java.lang.NoClassDefFoundError: jakarta/json/JsonValue
2025-04-12 03:36:18.548+0000 WARN  [o.n.k.a.p.GlobalProcedures] Failed to load `com.neo4j.gds.shaded.com.fasterxml.jackson.databind.ext.DOMDeserializer` from plugin jar `/plugins/graph-data-science.jar`: java.lang.NoClassDefFoundError: com/neo4j/gds/shaded/org/w3c/dom/Document
2025-04-12 03:36:18.626+0000 WARN  [o.n.k.a.p.GlobalProcedures] Failed to load `com.neo4j.gds.shaded.io.netty.handler.codec.marshalling.ContextBoundUnmarshallerProvider` from plugin jar `/plugins/graph-data-science.jar`: java.lang.NoClassDefFoundError: com/neo4j/gds/shaded/org/jboss/marshalling/Unmarshaller
2025-04-12 03:36:18.667+0000 WARN  [o.n.k.a.p.GlobalProcedures] Failed to load `com.opencsv.bean.StatefulBeanToCsvBuilder` from plugin jar `/plugins/apoc.jar`: java.lang.NoClassDefFoundError: org/apache/commons/collections4/ListValuedMap
2025-04-12 03:36:18.786+0000 WARN  [o.n.k.a.p.GlobalProcedures] Failed to load `com.neo4j.gds.shaded.io.netty.handler.codec.compression.JZlibDecoder` from plugin jar `/plugins/graph-data-science.jar`: java.lang.NoClassDefFoundError: com/neo4j/gds/shaded/com/jcraft/jzlib/Inflater
2025-04-12 03:36:18.846+0000 WARN  [o.n.k.a.p.GlobalProcedures] Failed to load `apoc.util.s3.S3OutputStream$S3UploadManager` from plugin jar `/plugins/apoc.jar`: java.lang.NoClassDefFoundError: com/amazonaws/services/s3/AmazonS3
2025-04-12 03:36:18.878+0000 WARN  [o.n.k.a.p.GlobalProcedures] Failed to load `com.opencsv.bean.ConverterPrimitiveTypes` from plugin jar `/plugins/apoc.jar`: java.lang.NoClassDefFoundError: org/apache/commons/beanutils/ConversionException
2025-04-12 03:36:19.082+0000 WARN  [o.n.k.a.p.GlobalProcedures] Failed to load `com.neo4j.gds.shaded.net.bytebuddy.dynamic.loading.ClassInjector$UsingJna$Dispatcher` from plugin jar `/plugins/graph-data-science.jar`: java.lang.NoClassDefFoundError: com/neo4j/gds/shaded/com/sun/jna/Library
2025-04-12 03:36:19.093+0000 WARN  [o.n.k.a.p.GlobalProcedures] Failed to load `com.jayway.jsonpath.spi.mapper.JakartaMappingProvider$JsonStructureScope` from plugin jar `/plugins/apoc.jar`: java.lang.NoClassDefFoundError: jakarta/json/JsonValue
2025-04-12 03:36:19.238+0000 WARN  [o.n.k.a.p.GlobalProcedures] Failed to load `com.neo4j.gds.shaded.com.fasterxml.jackson.databind.ext.DOMDeserializer$NodeDeserializer` from plugin jar `/plugins/graph-data-science.jar`: java.lang.NoClassDefFoundError: com/neo4j/gds/shaded/org/w3c/dom/Node
2025-04-12 03:36:19.255+0000 WARN  [o.n.k.a.p.GlobalProcedures] Failed to load `apoc.nlp.aws.AWSProcedures$sentimentStream$2` from plugin jar `/plugins/apoc-extended.jar`: java.lang.NoClassDefFoundError: kotlin/jvm/functions/Function1
2025-04-12 03:36:19.256+0000 WARN  [o.n.k.a.p.GlobalProcedures] Failed to load `apoc.mongodb.MongoDbCollInterface` from plugin jar `/plugins/apoc-extended.jar`: java.lang.NoClassDefFoundError: org/bson/Document
2025-04-12 03:36:19.283+0000 WARN  [o.n.k.a.p.GlobalProcedures] Failed to load `org.antlr.v4.gui.TreePostScriptGenerator$VariableExtentProvide` from plugin jar `/plugins/apoc-extended.jar`: java.lang.NoClassDefFoundError: org/abego/treelayout/NodeExtentProvider
2025-04-12 03:36:19.383+0000 WARN  [o.n.k.a.p.GlobalProcedures] Failed to load `com.neo4j.gds.shaded.io.netty.handler.ssl.JettyAlpnSslEngine$ServerEngine$1` from plugin jar `/plugins/graph-data-science.jar`: java.lang.NoClassDefFoundError: com/neo4j/gds/shaded/org/eclipse/jetty/alpn/ALPN$ServerProvider
2025-04-12 03:36:19.385+0000 WARN  [o.n.k.a.p.GlobalProcedures] Failed to load `com.neo4j.gds.shaded.io.netty.handler.ssl.JettyAlpnSslEngine$ServerEngine` from plugin jar `/plugins/graph-data-science.jar`: java.lang.NoClassDefFoundError: com/neo4j/gds/shaded/org/eclipse/jetty/alpn/ALPN$Provider
2025-04-12 03:36:19.422+0000 WARN  [o.n.k.a.p.GlobalProcedures] Failed to load `apoc.nlp.aws.AWSClient` from plugin jar `/plugins/apoc-extended.jar`: java.lang.NoClassDefFoundError: com/amazonaws/services/comprehend/model/BatchDetectSentimentResult
2025-04-12 03:36:19.453+0000 WARN  [o.n.k.a.p.GlobalProcedures] Failed to load `com.opencsv.bean.HeaderColumnNameTranslateMappingStrategy` from plugin jar `/plugins/apoc.jar`: java.lang.NoClassDefFoundError: org/apache/commons/collections4/MultiValuedMap
2025-04-12 03:36:19.487+0000 WARN  [o.n.k.a.p.GlobalProcedures] Failed to load `apoc.nlp.aws.AWSVirtualKeyPhrasesGraph` from plugin jar `/plugins/apoc-extended.jar`: java.lang.NoClassDefFoundError: com/amazonaws/services/comprehend/model/BatchDetectKeyPhrasesResult
2025-04-12 03:36:19.525+0000 WARN  [o.n.k.a.p.GlobalProcedures] Failed to load `com.opencsv.bean.MappingStrategy` from plugin jar `/plugins/apoc.jar`: java.lang.NoClassDefFoundError: org/apache/commons/collections4/MultiValuedMap
2025-04-12 03:36:19.577+0000 WARN  [o.n.k.a.p.GlobalProcedures] Failed to load `com.neo4j.gds.shaded.io.netty.handler.codec.marshalling.ChannelBufferByteOutput` from plugin jar `/plugins/graph-data-science.jar`: java.lang.NoClassDefFoundError: com/neo4j/gds/shaded/org/jboss/marshalling/ByteOutput
2025-04-12 03:36:19.714+0000 WARN  [o.n.k.a.p.GlobalProcedures] Failed to load `com.neo4j.gds.metrics.GdsMetric` from plugin jar `/plugins/graph-data-science.jar`: java.lang.NoClassDefFoundError: io/prometheus/client/Collector
2025-04-12 03:36:19.757+0000 WARN  [o.n.k.a.p.GlobalProcedures] Failed to load `com.neo4j.gds.metrics.AuraBackupFailureMetric$Listener` from plugin jar `/plugins/graph-data-science.jar`: java.lang.NoClassDefFoundError: io/prometheus/client/Counter
2025-04-12 03:36:19.771+0000 WARN  [o.n.k.a.p.GlobalProcedures] Failed to load `apoc.nlp.aws.AWSProcedures` from plugin jar `/plugins/apoc-extended.jar`: java.lang.NoClassDefFoundError: kotlin/jvm/functions/Function1
2025-04-12 03:36:19.863+0000 WARN  [o.n.k.a.p.GlobalProcedures] Failed to load `com.opencsv.bean.HeaderNameBaseMappingStrategy` from plugin jar `/plugins/apoc.jar`: java.lang.NoClassDefFoundError: org/apache/commons/collections4/MultiValuedMap
2025-04-12 03:36:19.914+0000 WARN  [o.n.k.a.p.GlobalProcedures] Failed to load `com.neo4j.gds.core.write.DefaultQueryRunner` from plugin jar `/plugins/graph-data-science.jar`: java.lang.NoClassDefFoundError: com/neo4j/kernel/enterprise/api/security/EnterpriseLoginContext
2025-04-12 03:36:19.958+0000 WARN  [o.n.k.a.p.GlobalProcedures] Failed to load `com.opencsv.bean.ColumnPositionMappingStrategy` from plugin jar `/plugins/apoc.jar`: java.lang.NoClassDefFoundError: org/apache/commons/collections4/MultiValuedMap
2025-04-12 03:36:20.042+0000 WARN  [o.n.k.a.p.GlobalProcedures] Failed to load `apoc.mongodb.MongoDBUtils` from plugin jar `/plugins/apoc-extended.jar`: java.lang.NoClassDefFoundError: org/bson/Document
2025-04-12 03:36:20.067+0000 WARN  [o.n.k.a.p.GlobalProcedures] Failed to load `com.neo4j.gds.shaded.io.netty.util.internal.Hidden$NettyBlockHoundIntegration` from plugin jar `/plugins/graph-data-science.jar`: java.lang.NoClassDefFoundError: reactor/blockhound/integration/BlockHoundIntegration
2025-04-12 03:36:20.211+0000 WARN  [o.n.k.a.p.GlobalProcedures] Failed to load `com.neo4j.gds.core.write.CypherRelationshipPropertiesExporterBuilder` from plugin jar `/plugins/graph-data-science.jar`: java.lang.NoClassDefFoundError: com/neo4j/kernel/enterprise/api/security/EnterpriseLoginContext
2025-04-12 03:36:20.255+0000 WARN  [o.n.k.a.p.GlobalProcedures] Failed to load `com.neo4j.gds.metrics.StoredModelsMetric` from plugin jar `/plugins/graph-data-science.jar`: java.lang.NoClassDefFoundError: io/prometheus/client/Collector
2025-04-12 03:36:20.312+0000 WARN  [o.n.k.a.p.GlobalProcedures] Failed to load `com.neo4j.gds.metrics.GdsMetrics` from plugin jar `/plugins/graph-data-science.jar`: java.lang.NoClassDefFoundError: io/prometheus/client/CollectorRegistry
2025-04-12 03:36:20.319+0000 WARN  [o.n.k.a.p.GlobalProcedures] Failed to load `com.neo4j.gds.shaded.io.netty.handler.ssl.ConscryptAlpnSslEngine$ServerEngine$1` from plugin jar `/plugins/graph-data-science.jar`: java.lang.NoClassDefFoundError: com/neo4j/gds/shaded/org/conscrypt/HandshakeListener
2025-04-12 03:36:20.352+0000 WARN  [o.n.k.a.p.GlobalProcedures] Failed to load `schemacrawler.tools.command.text.diagram.GraphvizJavaExecutorUtility` from plugin jar `/plugins/apoc-extended.jar`: java.lang.NoClassDefFoundError: guru/nidi/graphviz/engine/Format
2025-04-12 03:36:20.477+0000 WARN  [o.n.k.a.p.GlobalProcedures] Failed to load `apoc.mongodb.MongoDBColl` from plugin jar `/plugins/apoc-extended.jar`: java.lang.NoClassDefFoundError: org/bson/conversions/Bson
2025-04-12 03:36:20.493+0000 WARN  [o.n.k.a.p.GlobalProcedures] Failed to load `apoc.mongodb.MongoDbConfig` from plugin jar `/plugins/apoc-extended.jar`: java.lang.NoClassDefFoundError: org/bson/Document
2025-04-12 03:36:20.707+0000 WARN  [o.n.k.a.p.GlobalProcedures] Failed to load `com.neo4j.gds.metrics.AuraBackupFailureMetric` from plugin jar `/plugins/graph-data-science.jar`: java.lang.NoClassDefFoundError: io/prometheus/client/Collector
2025-04-12 03:36:20.738+0000 WARN  [o.n.k.a.p.GlobalProcedures] Failed to load `com.neo4j.gds.metrics.algorithms.PrometheusMetricsForAlgorithmsProvider` from plugin jar `/plugins/graph-data-science.jar`: java.lang.NoClassDefFoundError: io/prometheus/client/Histogram
2025-04-12 03:36:20.838+0000 WARN  [o.n.k.a.p.GlobalProcedures] Failed to load `com.opencsv.bean.HeaderColumnNameMappingStrategy` from plugin jar `/plugins/apoc.jar`: java.lang.NoClassDefFoundError: org/apache/commons/collections4/MultiValuedMap
2025-04-12 03:36:20.855+0000 WARN  [o.n.k.a.p.GlobalProcedures] Failed to load `apoc.redis.StringRedisConnection` from plugin jar `/plugins/apoc-extended.jar`: java.lang.NoClassDefFoundError: io/lettuce/core/codec/RedisCodec
2025-04-12 03:36:20.871+0000 WARN  [o.n.k.a.p.GlobalProcedures] Failed to load `apoc.nlp.aws.DummyAWSClient` from plugin jar `/plugins/apoc-extended.jar`: java.lang.NoClassDefFoundError: com/amazonaws/services/comprehend/model/BatchDetectSentimentResult
2025-04-12 03:36:20.935+0000 WARN  [o.n.k.a.p.GlobalProcedures] Failed to load `com.neo4j.gds.shaded.io.netty.handler.codec.compression.StandardCompressionOptions` from plugin jar `/plugins/graph-data-science.jar`: java.lang.NoClassDefFoundError: com/neo4j/gds/shaded/com/aayushatharva/brotli4j/encoder/Encoder$Parameters
2025-04-12 03:36:20.958+0000 WARN  [o.n.k.a.p.GlobalProcedures] Failed to load `com.opencsv.bean.concurrent.LineExecutor` from plugin jar `/plugins/apoc.jar`: java.lang.NoClassDefFoundError: org/apache/commons/collections4/ListValuedMap
2025-04-12 03:36:20.986+0000 WARN  [o.n.k.a.p.GlobalProcedures] Failed to load `apoc.nlp.gcp.GCPProcedures$entitiesStream$2` from plugin jar `/plugins/apoc-extended.jar`: java.lang.NoClassDefFoundError: kotlin/jvm/functions/Function1
2025-04-12 03:36:21.017+0000 WARN  [o.n.k.a.p.GlobalProcedures] Failed to load `com.neo4j.gds.arrow.server.metrics.PrometheusFlightMetrics` from plugin jar `/plugins/graph-data-science.jar`: java.lang.NoClassDefFoundError: io/prometheus/client/Counter
2025-04-12 03:36:21.142+0000 WARN  [o.n.k.a.p.GlobalProcedures] Failed to load `com.neo4j.gds.shaded.io.netty.handler.codec.marshalling.UnmarshallerProvider` from plugin jar `/plugins/graph-data-science.jar`: java.lang.NoClassDefFoundError: com/neo4j/gds/shaded/org/jboss/marshalling/Unmarshaller
2025-04-12 03:36:21.159+0000 WARN  [o.n.k.a.p.GlobalProcedures] Failed to load `org.antlr.v4.unicode.UnicodeDataTemplateController` from plugin jar `/plugins/apoc-extended.jar`: java.lang.NoClassDefFoundError: com/ibm/icu/text/UnicodeSet
2025-04-12 03:36:21.189+0000 WARN  [o.n.k.a.p.GlobalProcedures] Failed to load `com.neo4j.gds.shaded.io.netty.handler.codec.compression.Lz4FrameEncoder` from plugin jar `/plugins/graph-data-science.jar`: java.lang.NoClassDefFoundError: net/jpountz/lz4/LZ4Exception
2025-04-12 03:36:21.266+0000 WARN  [o.n.k.a.p.GlobalProcedures] Failed to load `com.neo4j.gds.shaded.io.netty.handler.ssl.ConscryptAlpnSslEngine$BufferAdapter` from plugin jar `/plugins/graph-data-science.jar`: java.lang.NoClassDefFoundError: com/neo4j/gds/shaded/org/conscrypt/AllocatedBuffer
2025-04-12 03:36:21.328+0000 WARN  [o.n.k.a.p.GlobalProcedures] Failed to load `com.neo4j.gds.shaded.net.bytebuddy.dynamic.loading.ClassInjector$UsingJna$Dispatcher$Jvm` from plugin jar `/plugins/graph-data-science.jar`: java.lang.NoClassDefFoundError: com/neo4j/gds/shaded/com/sun/jna/Library
2025-04-12 03:36:21.455+0000 WARN  [o.n.k.a.p.GlobalProcedures] Failed to load `org.antlr.v4.gui.TreeViewer` from plugin jar `/plugins/apoc-extended.jar`: java.lang.NoClassDefFoundError: org/abego/treelayout/NodeExtentProvider
2025-04-12 03:36:21.524+0000 WARN  [o.n.k.a.p.GlobalProcedures] Failed to load `apoc.load.xls.LoadXlsHandler$XLSSpliterator` from plugin jar `/plugins/apoc-extended.jar`: java.lang.NoClassDefFoundError: org/apache/poi/ss/usermodel/Sheet
2025-04-12 03:36:21.598+0000 WARN  [o.n.k.a.p.GlobalProcedures] Failed to load `apoc.load.xls.LoadXlsHandler` from plugin jar `/plugins/apoc-extended.jar`: java.lang.NoClassDefFoundError: org/apache/poi/ss/usermodel/Cell
2025-04-12 03:36:21.692+0000 WARN  [o.n.k.a.p.GlobalProcedures] Failed to load `apoc.util.s3.S3URLConnection` from plugin jar `/plugins/apoc.jar`: java.lang.NoClassDefFoundError: com/amazonaws/ClientConfiguration
2025-04-12 03:36:21.720+0000 WARN  [o.n.k.a.p.GlobalProcedures] Failed to load `com.jayway.jsonpath.spi.json.JakartaJsonProvider$JsonObjectProxy` from plugin jar `/plugins/apoc.jar`: java.lang.NoClassDefFoundError: jakarta/json/JsonObject
2025-04-12 03:36:21.818+0000 WARN  [o.n.k.a.p.GlobalProcedures] Failed to load `com.neo4j.gds.shaded.io.netty.handler.codec.compression.LzfEncoder` from plugin jar `/plugins/graph-data-science.jar`: java.lang.NoClassDefFoundError: com/neo4j/gds/shaded/com/ning/compress/lzf/ChunkEncoder
2025-04-12 03:36:21.834+0000 WARN  [o.n.k.a.p.GlobalProcedures] Failed to load `com.neo4j.gds.shaded.io.netty.handler.codec.compression.BrotliDecoder` from plugin jar `/plugins/graph-data-science.jar`: java.lang.NoClassDefFoundError: com/neo4j/gds/shaded/com/aayushatharva/brotli4j/decoder/DecoderJNI$Wrapper
2025-04-12 03:36:21.899+0000 WARN  [o.n.k.a.p.GlobalProcedures] Failed to load `apoc.nlp.azure.AzureProcedures$sentiment$2` from plugin jar `/plugins/apoc-extended.jar`: java.lang.NoClassDefFoundError: kotlin/jvm/functions/Function1
2025-04-12 03:36:21.915+0000 WARN  [o.n.k.a.p.GlobalProcedures] Failed to load `META-INF.versions.9.org.yaml.snakeyaml.internal.Logger` from plugin jar `/plugins/apoc-extended.jar`: java.lang.NoClassDefFoundError: org/yaml/snakeyaml/internal/Logger (wrong name: META-INF/versions/9/org/yaml/snakeyaml/internal/Logger)
2025-04-12 03:36:21.978+0000 WARN  [o.n.k.a.p.GlobalProcedures] Failed to load `META-INF.versions.9.module-info` from plugin jar `/plugins/apoc.jar`: java.lang.NoClassDefFoundError: META-INF/versions/9/module-info is not a class because access_flag ACC_MODULE is set
2025-04-12 03:36:22.034+0000 WARN  [o.n.k.a.p.GlobalProcedures] Failed to load `com.neo4j.gds.shaded.com.fasterxml.jackson.databind.ext.DOMSerializer` from plugin jar `/plugins/graph-data-science.jar`: java.lang.NoClassDefFoundError: com/neo4j/gds/shaded/org/w3c/dom/Node
2025-04-12 03:36:22.056+0000 WARN  [o.n.k.a.p.GlobalProcedures] Failed to load `com.opencsv.bean.customconverter.ConverterLanguageToBoolean` from plugin jar `/plugins/apoc.jar`: java.lang.NoClassDefFoundError: org/apache/commons/beanutils/ConversionException
2025-04-12 03:36:22.118+0000 WARN  [o.n.k.a.p.GlobalProcedures] Failed to load `com.neo4j.gds.shaded.io.netty.handler.ssl.BouncyCastlePemReader` from plugin jar `/plugins/graph-data-science.jar`: java.lang.NoClassDefFoundError: com/neo4j/gds/shaded/org/bouncycastle/openssl/jcajce/JcaPEMKeyConverter
2025-04-12 03:36:22.140+0000 WARN  [o.n.k.a.p.GlobalProcedures] Failed to load `com.neo4j.gds.metrics.CreatedModelsMetric` from plugin jar `/plugins/graph-data-science.jar`: java.lang.NoClassDefFoundError: io/prometheus/client/Collector
2025-04-12 03:36:22.251+0000 WARN  [o.n.k.a.p.GlobalProcedures] Failed to load `com.neo4j.gds.shaded.io.netty.handler.codec.marshalling.ThreadLocalMarshallerProvider` from plugin jar `/plugins/graph-data-science.jar`: java.lang.NoClassDefFoundError: com/neo4j/gds/shaded/org/jboss/marshalling/Marshaller
2025-04-12 03:36:22.402+0000 WARN  [o.n.k.a.p.GlobalProcedures] Failed to load `com.neo4j.gds.shaded.io.netty.util.internal.logging.CommonsLogger` from plugin jar `/plugins/graph-data-science.jar`: java.lang.NoClassDefFoundError: com/neo4j/gds/shaded/org/apache/commons/logging/Log
2025-04-12 03:36:22.404+0000 WARN  [o.n.k.a.p.GlobalProcedures] Failed to load `com.neo4j.gds.shaded.io.netty.handler.ssl.ConscryptAlpnSslEngine$BufferAllocatorAdapter` from plugin jar `/plugins/graph-data-science.jar`: java.lang.NoClassDefFoundError: com/neo4j/gds/shaded/org/conscrypt/BufferAllocator
2025-04-12 03:36:22.442+0000 WARN  [o.n.k.a.p.GlobalProcedures] Failed to load `com.neo4j.gds.metrics.LoadModelsMetric` from plugin jar `/plugins/graph-data-science.jar`: java.lang.NoClassDefFoundError: io/prometheus/client/Collector
2025-04-12 03:36:22.459+0000 WARN  [o.n.k.a.p.GlobalProcedures] Failed to load `com.jayway.jsonpath.spi.mapper.JakartaMappingProvider$JsonArrayScope` from plugin jar `/plugins/apoc.jar`: java.lang.NoClassDefFoundError: jakarta/json/JsonValue
2025-04-12 03:36:22.612+0000 WARN  [o.n.k.a.p.GlobalProcedures] Failed to load `com.neo4j.gds.shaded.io.netty.handler.ssl.JettyNpnSslEngine` from plugin jar `/plugins/graph-data-science.jar`: java.lang.NoClassDefFoundError: com/neo4j/gds/shaded/org/eclipse/jetty/npn/NextProtoNego$Provider
2025-04-12 03:36:22.622+0000 WARN  [o.n.k.a.p.GlobalProcedures] Failed to load `com.opencsv.bean.customconverter.ConvertGermanToBoolean` from plugin jar `/plugins/apoc.jar`: java.lang.NoClassDefFoundError: org/apache/commons/beanutils/ConversionException
2025-04-12 03:36:22.765+0000 WARN  [o.n.k.a.p.GlobalProcedures] Failed to load `apoc.util.google.cloud.GCStorageURLConnection` from plugin jar `/plugins/apoc.jar`: java.lang.NoClassDefFoundError: com/google/cloud/storage/Storage
2025-04-12 03:36:22.979+0000 WARN  [o.n.k.a.p.GlobalProcedures] Failed to load `com.neo4j.gds.metrics.ShutdownTimeMetric$Listener` from plugin jar `/plugins/graph-data-science.jar`: java.lang.NoClassDefFoundError: io/prometheus/client/Histogram
2025-04-12 03:36:22.981+0000 WARN  [o.n.k.a.p.GlobalProcedures] Failed to load `com.neo4j.gds.metrics.AuraBackupTimeMetric$Listener` from plugin jar `/plugins/graph-data-science.jar`: java.lang.NoClassDefFoundError: io/prometheus/client/Histogram
2025-04-12 03:36:22.988+0000 WARN  [o.n.k.a.p.GlobalProcedures] Failed to load `com.neo4j.gds.metrics.PrometheusExecutionMetricRegistrar` from plugin jar `/plugins/graph-data-science.jar`: java.lang.NoClassDefFoundError: io/prometheus/client/Counter
2025-04-12 03:36:23.050+0000 WARN  [o.n.k.a.p.GlobalProcedures] Failed to load `com.neo4j.gds.shaded.com.fasterxml.jackson.databind.ext.DOMDeserializer$DocumentDeserializer` from plugin jar `/plugins/graph-data-science.jar`: java.lang.NoClassDefFoundError: com/neo4j/gds/shaded/org/w3c/dom/Document
2025-04-12 03:36:23.055+0000 WARN  [o.n.k.a.p.GlobalProcedures] Failed to load `com.neo4j.gds.shaded.io.netty.handler.codec.compression.Lz4XXHash32` from plugin jar `/plugins/graph-data-science.jar`: java.lang.NoClassDefFoundError: net/jpountz/xxhash/XXHash32
2025-04-12 03:36:23.131+0000 WARN  [o.n.k.a.p.GlobalProcedures] Failed to load `com.neo4j.gds.shaded.io.netty.handler.codec.compression.ZlibUtil` from plugin jar `/plugins/graph-data-science.jar`: java.lang.NoClassDefFoundError: com/neo4j/gds/shaded/com/jcraft/jzlib/Inflater
2025-04-12 03:36:23.238+0000 WARN  [o.n.k.a.p.GlobalProcedures] Failed to load `apoc.nlp.aws.AWSProcedures$entitiesStream$2` from plugin jar `/plugins/apoc-extended.jar`: java.lang.NoClassDefFoundError: kotlin/jvm/functions/Function1
2025-04-12 03:36:23.277+0000 WARN  [o.n.k.a.p.GlobalProcedures] Failed to load `com.opencsv.bean.FuzzyMappingStrategy` from plugin jar `/plugins/apoc.jar`: java.lang.NoClassDefFoundError: org/apache/commons/collections4/MultiValuedMap
2025-04-12 03:36:23.297+0000 WARN  [o.n.k.a.p.GlobalProcedures] Failed to load `com.neo4j.gds.shaded.io.netty.handler.codec.marshalling.CompatibleMarshallingEncoder` from plugin jar `/plugins/graph-data-science.jar`: java.lang.NoClassDefFoundError: com/neo4j/gds/shaded/org/jboss/marshalling/ByteOutput
2025-04-12 03:36:23.306+0000 WARN  [o.n.k.a.p.GlobalProcedures] Failed to load `com.neo4j.gds.shaded.io.netty.handler.ssl.util.BouncyCastleSelfSignedCertGenerator` from plugin jar `/plugins/graph-data-science.jar`: java.lang.NoClassDefFoundError: com/neo4j/gds/shaded/org/bouncycastle/cert/X509v3CertificateBuilder
2025-04-12 03:36:23.416+0000 WARN  [o.n.k.a.p.GlobalProcedures] Failed to load `com.neo4j.gds.shaded.io.netty.handler.codec.marshalling.ChannelBufferByteInput` from plugin jar `/plugins/graph-data-science.jar`: java.lang.NoClassDefFoundError: com/neo4j/gds/shaded/org/jboss/marshalling/ByteInput
2025-04-12 03:36:23.478+0000 WARN  [o.n.k.a.p.GlobalProcedures] Failed to load `apoc.nlp.aws.AWSProcedures$keyPhrasesStream$2` from plugin jar `/plugins/apoc-extended.jar`: java.lang.NoClassDefFoundError: kotlin/jvm/functions/Function1
2025-04-12 03:36:23.543+0000 WARN  [o.n.k.a.p.GlobalProcedures] Failed to load `apoc.nlp.aws.AWSProcedures$Companion` from plugin jar `/plugins/apoc-extended.jar`: java.lang.NoClassDefFoundError: com/amazonaws/services/comprehend/model/BatchDetectSentimentResult
2025-04-12 03:36:23.708+0000 WARN  [o.n.k.a.p.GlobalProcedures] Failed to load `apoc.redis.IRedisConnection` from plugin jar `/plugins/apoc-extended.jar`: java.lang.NoClassDefFoundError: io/lettuce/core/ScriptOutputType
2025-04-12 03:36:23.753+0000 WARN  [o.n.k.a.p.GlobalProcedures] Failed to load `com.jayway.jsonpath.spi.mapper.JakartaMappingProvider$JsonStructureToParserAdapter` from plugin jar `/plugins/apoc.jar`: java.lang.NoClassDefFoundError: jakarta/json/stream/JsonParser
2025-04-12 03:36:23.762+0000 WARN  [o.n.k.a.p.GlobalProcedures] Failed to load `com.neo4j.gds.shaded.io.netty.handler.codec.compression.BrotliEncoder$Writer` from plugin jar `/plugins/graph-data-science.jar`: java.lang.NoClassDefFoundError: com/neo4j/gds/shaded/com/aayushatharva/brotli4j/encoder/BrotliEncoderChannel
2025-04-12 03:36:23.886+0000 WARN  [o.n.k.a.p.GlobalProcedures] Failed to load `com.opencsv.bean.StatefulBeanToCsv` from plugin jar `/plugins/apoc.jar`: java.lang.NoClassDefFoundError: org/apache/commons/collections4/MultiValuedMap
2025-04-12 03:36:23.918+0000 WARN  [o.n.k.a.p.GlobalProcedures] Failed to load `org.antlr.runtime.tree.DOTTreeGenerator` from plugin jar `/plugins/apoc-extended.jar`: java.lang.NoClassDefFoundError: org/antlr/stringtemplate/StringTemplate
2025-04-12 03:36:24.067+0000 WARN  [o.n.k.a.p.GlobalProcedures] Failed to load `com.neo4j.gds.core.write.CypherRelationshipExporterBuilder` from plugin jar `/plugins/graph-data-science.jar`: java.lang.NoClassDefFoundError: com/neo4j/kernel/enterprise/api/security/EnterpriseLoginContext
2025-04-12 03:36:24.117+0000 WARN  [o.n.k.a.p.GlobalProcedures] Failed to load `com.neo4j.gds.shaded.io.netty.util.internal.logging.Log4JLogger` from plugin jar `/plugins/graph-data-science.jar`: java.lang.NoClassDefFoundError: com/neo4j/gds/shaded/org/apache/log4j/Priority
2025-04-12 03:36:24.134+0000 WARN  [o.n.k.a.p.GlobalProcedures] Failed to load `com.neo4j.gds.shaded.net.bytebuddy.dynamic.loading.ClassInjector$UsingJna$Dispatcher$Enabled` from plugin jar `/plugins/graph-data-science.jar`: java.lang.NoClassDefFoundError: com/neo4j/gds/shaded/com/sun/jna/Library
2025-04-12 03:36:24.232+0000 WARN  [o.n.k.a.p.GlobalProcedures] Failed to load `apoc.nlp.aws.AWSVirtualSentimentVirtualGraph$Companion` from plugin jar `/plugins/apoc-extended.jar`: java.lang.NoClassDefFoundError: kotlin/Pair
2025-04-12 03:36:24.311+0000 WARN  [o.n.k.a.p.GlobalProcedures] Failed to load `com.jayway.jsonpath.spi.mapper.JakartaMappingProvider` from plugin jar `/plugins/apoc.jar`: java.lang.NoClassDefFoundError: jakarta/json/stream/JsonParser
2025-04-12 03:36:24.338+0000 WARN  [o.n.k.a.p.GlobalProcedures] Failed to load `com.neo4j.gds.shaded.io.netty.handler.ssl.JettyAlpnSslEngine$ClientEngine` from plugin jar `/plugins/graph-data-science.jar`: java.lang.NoClassDefFoundError: com/neo4j/gds/shaded/org/eclipse/jetty/alpn/ALPN$Provider
2025-04-12 03:36:24.441+0000 WARN  [o.n.k.a.p.GlobalProcedures] Failed to load `com.neo4j.gds.metrics.RestoreFailureMetric$Listener` from plugin jar `/plugins/graph-data-science.jar`: java.lang.NoClassDefFoundError: io/prometheus/client/Counter
2025-04-12 03:36:24.551+0000 WARN  [o.n.k.a.p.GlobalProcedures] Failed to load `apoc.redis.ByteArrayRedisConnection` from plugin jar `/plugins/apoc-extended.jar`: java.lang.NoClassDefFoundError: io/lettuce/core/codec/RedisCodec
2025-04-12 03:36:24.662+0000 WARN  [o.n.k.a.p.GlobalProcedures] Failed to load `apoc.nlp.gcp.GCPProcedures$classifyStream$2` from plugin jar `/plugins/apoc-extended.jar`: java.lang.NoClassDefFoundError: kotlin/jvm/functions/Function1
2025-04-12 03:36:24.664+0000 WARN  [o.n.k.a.p.GlobalProcedures] Failed to load `com.neo4j.gds.core.write.CypherRelationshipStreamExporter` from plugin jar `/plugins/graph-data-science.jar`: java.lang.NoClassDefFoundError: com/neo4j/kernel/enterprise/api/security/EnterpriseLoginContext
2025-04-12 03:36:24.679+0000 WARN  [o.n.k.a.p.GlobalProcedures] Failed to load `com.neo4j.gds.shaded.io.netty.util.internal.logging.Log4J2Logger` from plugin jar `/plugins/graph-data-science.jar`: java.lang.NoClassDefFoundError: com/neo4j/gds/shaded/org/apache/logging/log4j/spi/ExtendedLoggerWrapper
2025-04-12 03:36:24.704+0000 WARN  [o.n.k.a.p.GlobalProcedures] Failed to load `apoc.couchbase.CouchbaseManager` from plugin jar `/plugins/apoc-extended.jar`: java.lang.NoClassDefFoundError: com/couchbase/client/core/env/PasswordAuthenticator
2025-04-12 03:36:24.741+0000 WARN  [o.n.k.a.p.GlobalProcedures] Failed to load `com.neo4j.gds.shaded.org.reflections.serializers.XmlSerializer` from plugin jar `/plugins/graph-data-science.jar`: java.lang.NoClassDefFoundError: com/neo4j/gds/shaded/org/dom4j/Document
2025-04-12 03:36:24.771+0000 WARN  [o.n.k.a.p.GlobalProcedures] Failed to load `com.neo4j.gds.metrics.ShutdownFailureMetric$Listener` from plugin jar `/plugins/graph-data-science.jar`: java.lang.NoClassDefFoundError: io/prometheus/client/Counter
2025-04-12 03:36:24.822+0000 WARN  [o.n.k.a.p.GlobalProcedures] Failed to load `com.neo4j.gds.shaded.io.netty.handler.codec.marshalling.CompatibleMarshallingDecoder` from plugin jar `/plugins/graph-data-science.jar`: java.lang.NoClassDefFoundError: com/neo4j/gds/shaded/org/jboss/marshalling/ByteInput
2025-04-12 03:36:24.828+0000 WARN  [o.n.k.a.p.GlobalProcedures] Failed to load `apoc.couchbase.CouchbaseConfig$RetryConfig` from plugin jar `/plugins/apoc-extended.jar`: java.lang.NoClassDefFoundError: com/couchbase/client/core/retry/RetryStrategy
2025-04-12 03:36:27.574+0000 WARN  [o.n.k.a.p.GlobalProcedures] Use of @Procedure(deprecatedBy) without @Deprecated in apoc.convert.toTree
2025-04-12 03:36:27.981+0000 INFO  [o.n.s.s.s.UserSecurityGraphComponent] Performing postInitialization step for component 'security-users' with version 5 and status CURRENT
2025-04-12 03:36:27.981+0000 INFO  [o.n.s.s.s.UserSecurityGraphComponent] Updating the initial password in component 'security-users'
2025-04-12 03:36:28.016+0000 INFO  [o.n.d.d.DatabaseLifecycles] Creating 'DatabaseId{50b389a8[neo4j]}'.
2025-04-12 03:36:28.021+0000 INFO  [o.n.d.d.DatabaseLifecycles] Starting 'DatabaseId{50b389a8[neo4j]}'.
2025-04-12 03:36:28.050+0000 WARN  [o.n.k.i.t.l.f.c.CheckpointFileChannelNativeAccessor] [neo4j/50b389a8] Unable to advise sequential access for transaction log version: 0. Error: ErrorCode=-1, errorMessage='Incorrect file descriptor.'
2025-04-12 03:36:28.051+0000 WARN  [o.n.k.i.t.l.f.c.CheckpointFileChannelNativeAccessor] [neo4j/50b389a8] Unable to advise preserve data in cache for transaction log version: 0. Error: ErrorCode=-1, errorMessage='Incorrect file descriptor.'
2025-04-12 03:36:28.052+0000 INFO  [o.n.k.i.t.l.f.c.CheckpointLogFile] [neo4j/50b389a8] Scanning log file with version 0 for checkpoint entries
2025-04-12 03:36:28.053+0000 WARN  [o.n.k.i.t.l.f.c.CheckpointFileChannelNativeAccessor] [neo4j/50b389a8] Unable to evict transaction log from cache with version: 0. Error: ErrorCode=-1, errorMessage='Incorrect file descriptor.'
2025-04-12 03:36:28.055+0000 WARN  [o.n.k.i.t.l.f.c.CheckpointFileChannelNativeAccessor] [neo4j/50b389a8] Unable to advise sequential access for transaction log version: 0. Error: ErrorCode=-1, errorMessage='Incorrect file descriptor.'
2025-04-12 03:36:28.055+0000 WARN  [o.n.k.i.t.l.f.c.CheckpointFileChannelNativeAccessor] [neo4j/50b389a8] Unable to advise preserve data in cache for transaction log version: 0. Error: ErrorCode=-1, errorMessage='Incorrect file descriptor.'
2025-04-12 03:36:28.056+0000 WARN  [o.n.k.i.t.l.f.c.CheckpointFileChannelNativeAccessor] [neo4j/50b389a8] Unable to evict transaction log from cache with version: 0. Error: ErrorCode=-1, errorMessage='Incorrect file descriptor.'
2025-04-12 03:36:28.057+0000 WARN  [o.n.k.i.t.l.f.LogFileChannelNativeAccessor] [neo4j/50b389a8] Unable to advise sequential access for transaction log version: 0. Error: ErrorCode=-1, errorMessage='Incorrect file descriptor.'
2025-04-12 03:36:28.058+0000 WARN  [o.n.k.i.t.l.f.LogFileChannelNativeAccessor] [neo4j/50b389a8] Unable to advise preserve data in cache for transaction log version: 0. Error: ErrorCode=-1, errorMessage='Incorrect file descriptor.'
2025-04-12 03:36:28.060+0000 WARN  [o.n.k.i.t.l.f.LogFileChannelNativeAccessor] [neo4j/50b389a8] Unable to advise sequential access for transaction log version: 0. Error: ErrorCode=-1, errorMessage='Incorrect file descriptor.'
2025-04-12 03:36:28.060+0000 WARN  [o.n.k.i.t.l.f.LogFileChannelNativeAccessor] [neo4j/50b389a8] Unable to advise preserve data in cache for transaction log version: 0. Error: ErrorCode=-1, errorMessage='Incorrect file descriptor.'
2025-04-12 03:36:28.061+0000 WARN  [o.n.k.i.t.l.f.LogFileChannelNativeAccessor] [neo4j/50b389a8] Unable to evict transaction log from cache with version: 0. Error: ErrorCode=-1, errorMessage='Incorrect file descriptor.'
2025-04-12 03:36:28.061+0000 WARN  [o.n.k.i.t.l.f.LogFileChannelNativeAccessor] [neo4j/50b389a8] Unable to evict transaction log from cache with version: 0. Error: ErrorCode=-1, errorMessage='Incorrect file descriptor.'
2025-04-12 03:36:28.071+0000 INFO  [o.n.k.i.s.f.RecordFormatSelector] [neo4j/50b389a8] Selected RecordFormat:PageAlignedV5_0[aligned-1.1] record format from store /data/databases/neo4j
2025-04-12 03:36:28.072+0000 INFO  [o.n.k.i.s.f.RecordFormatSelector] [neo4j/50b389a8] Selected format from the store files: RecordFormat:PageAlignedV5_0[aligned-1.1]
2025-04-12 03:36:28.119+0000 WARN  [o.n.k.i.t.l.f.LogFileChannelNativeAccessor] [neo4j/50b389a8] Unable to advise sequential access for transaction log version: 0. Error: ErrorCode=-1, errorMessage='Incorrect file descriptor.'
2025-04-12 03:36:28.120+0000 WARN  [o.n.k.i.t.l.f.LogFileChannelNativeAccessor] [neo4j/50b389a8] Unable to advise preserve data in cache for transaction log version: 0. Error: ErrorCode=-1, errorMessage='Incorrect file descriptor.'
2025-04-12 03:36:28.120+0000 WARN  [o.n.k.i.t.l.f.LogFileChannelNativeAccessor] [neo4j/50b389a8] Unable to evict transaction log from cache with version: 0. Error: ErrorCode=-1, errorMessage='Incorrect file descriptor.'
2025-04-12 03:36:28.159+0000 WARN  [o.n.k.i.t.l.f.c.CheckpointFileChannelNativeAccessor] [neo4j/50b389a8] Unable to advise sequential access for transaction log version: 0. Error: ErrorCode=-1, errorMessage='Incorrect file descriptor.'
2025-04-12 03:36:28.160+0000 WARN  [o.n.k.i.t.l.f.c.CheckpointFileChannelNativeAccessor] [neo4j/50b389a8] Unable to advise preserve data in cache for transaction log version: 0. Error: ErrorCode=-1, errorMessage='Incorrect file descriptor.'
2025-04-12 03:36:28.161+0000 WARN  [o.n.k.i.t.l.f.c.CheckpointFileChannelNativeAccessor] [neo4j/50b389a8] Unable to evict transaction log from cache with version: 0. Error: ErrorCode=-1, errorMessage='Incorrect file descriptor.'
2025-04-12 03:36:28.163+0000 INFO  [o.n.i.d.DiagnosticsManager] [neo4j/50b389a8] 
                                                                [neo4j/50b389a8] ********************************************************************************
                                                                [neo4j/50b389a8]                               [ Database: neo4j ]                               
                                                                [neo4j/50b389a8] ********************************************************************************
                                                                [neo4j/50b389a8] --------------------------------------------------------------------------------
                                                                [neo4j/50b389a8]                                   [ Version ]                                   
                                                                [neo4j/50b389a8] --------------------------------------------------------------------------------
                                                                [neo4j/50b389a8] DBMS: community record-aligned-1.1
                                                                [neo4j/50b389a8] Kernel version: 5.26.0
                                                                [neo4j/50b389a8] 
                                                                [neo4j/50b389a8] --------------------------------------------------------------------------------
                                                                [neo4j/50b389a8]                                 [ Store files ]                                 
                                                                [neo4j/50b389a8] --------------------------------------------------------------------------------
                                                                [neo4j/50b389a8] Disk space on partition (Total / Free / Free %): 1000240963584 / 562606379008 / 56
                                                                [neo4j/50b389a8] Storage files stored on file store: fakeowner
                                                                [neo4j/50b389a8] Storage files: (filename : modification date - size)
                                                                [neo4j/50b389a8]   database_lock: 2025-04-12 03:17:57.365+0000 - 0B
                                                                [neo4j/50b389a8]   neostore: 2025-04-12 03:17:57.334+0000 - 8.000KiB
                                                                [neo4j/50b389a8]   neostore.counts.db: 2025-04-12 03:36:28.124+0000 - 40.00KiB
                                                                [neo4j/50b389a8]   neostore.indexstats.db: 2025-04-12 03:36:28.129+0000 - 48.00KiB
                                                                [neo4j/50b389a8]   neostore.labeltokenstore.db: 2025-04-12 03:17:57.329+0000 - 0B
                                                                [neo4j/50b389a8]   neostore.labeltokenstore.db.id: 2025-04-12 03:36:28.112+0000 - 40.00KiB
                                                                [neo4j/50b389a8]   neostore.labeltokenstore.db.names: 2025-04-12 03:17:57.327+0000 - 8.000KiB
                                                                [neo4j/50b389a8]   neostore.labeltokenstore.db.names.id: 2025-04-12 03:36:28.109+0000 - 40.00KiB
                                                                [neo4j/50b389a8]   neostore.nodestore.db: 2025-04-12 03:17:57.305+0000 - 0B
                                                                [neo4j/50b389a8]   neostore.nodestore.db.id: 2025-04-12 03:36:28.078+0000 - 40.00KiB
                                                                [neo4j/50b389a8]   neostore.nodestore.db.labels: 2025-04-12 03:17:57.303+0000 - 8.000KiB
                                                                [neo4j/50b389a8]   neostore.nodestore.db.labels.id: 2025-04-12 03:36:28.075+0000 - 40.00KiB
                                                                [neo4j/50b389a8]   neostore.propertystore.db: 2025-04-12 03:17:57.473+0000 - 8.000KiB
                                                                [neo4j/50b389a8]   neostore.propertystore.db.arrays: 2025-04-12 03:17:57.315+0000 - 8.000KiB
                                                                [neo4j/50b389a8]   neostore.propertystore.db.arrays.id: 2025-04-12 03:36:28.089+0000 - 40.00KiB
                                                                [neo4j/50b389a8]   neostore.propertystore.db.id: 2025-04-12 03:36:28.091+0000 - 40.00KiB
                                                                [neo4j/50b389a8]   neostore.propertystore.db.index: 2025-04-12 03:17:57.474+0000 - 8.000KiB
                                                                [neo4j/50b389a8]   neostore.propertystore.db.index.id: 2025-04-12 03:36:28.082+0000 - 40.00KiB
                                                                [neo4j/50b389a8]   neostore.propertystore.db.index.keys: 2025-04-12 03:17:57.475+0000 - 8.000KiB
                                                                [neo4j/50b389a8]   neostore.propertystore.db.index.keys.id: 2025-04-12 03:36:28.080+0000 - 40.00KiB
                                                                [neo4j/50b389a8]   neostore.propertystore.db.strings: 2025-04-12 03:17:57.313+0000 - 8.000KiB
                                                                [neo4j/50b389a8]   neostore.propertystore.db.strings.id: 2025-04-12 03:36:28.086+0000 - 40.00KiB
                                                                [neo4j/50b389a8]   neostore.relationshipgroupstore.db: 2025-04-12 03:17:57.333+0000 - 8.000KiB
                                                                [neo4j/50b389a8]   neostore.relationshipgroupstore.db.id: 2025-04-12 03:36:28.118+0000 - 40.00KiB
                                                                [neo4j/50b389a8]   neostore.relationshipgroupstore.degrees.db: 2025-04-12 03:36:28.126+0000 - 40.00KiB
                                                                [neo4j/50b389a8]   neostore.relationshipstore.db: 2025-04-12 03:17:57.320+0000 - 0B
                                                                [neo4j/50b389a8]   neostore.relationshipstore.db.id: 2025-04-12 03:36:28.095+0000 - 40.00KiB
                                                                [neo4j/50b389a8]   neostore.relationshiptypestore.db: 2025-04-12 03:17:57.325+0000 - 0B
                                                                [neo4j/50b389a8]   neostore.relationshiptypestore.db.id: 2025-04-12 03:36:28.104+0000 - 40.00KiB
                                                                [neo4j/50b389a8]   neostore.relationshiptypestore.db.names: 2025-04-12 03:17:57.323+0000 - 8.000KiB
                                                                [neo4j/50b389a8]   neostore.relationshiptypestore.db.names.id: 2025-04-12 03:36:28.100+0000 - 40.00KiB
                                                                [neo4j/50b389a8]   neostore.schemastore.db: 2025-04-12 03:17:57.472+0000 - 8.000KiB
                                                                [neo4j/50b389a8]   neostore.schemastore.db.id: 2025-04-12 03:36:28.115+0000 - 40.00KiB
                                                                [neo4j/50b389a8]   schema:
                                                                [neo4j/50b389a8]     index:
                                                                [neo4j/50b389a8]       token-lookup-1.0:
                                                                [neo4j/50b389a8]         1:
                                                                [neo4j/50b389a8]           index-1: 2025-04-12 03:35:46.927+0000 - 40.00KiB
                                                                [neo4j/50b389a8]         - Total: 2025-04-12 03:17:57.404+0000 - 40.00KiB
                                                                [neo4j/50b389a8]         2:
                                                                [neo4j/50b389a8]           index-2: 2025-04-12 03:35:46.929+0000 - 40.00KiB
                                                                [neo4j/50b389a8]         - Total: 2025-04-12 03:17:57.419+0000 - 40.00KiB
                                                                [neo4j/50b389a8]       - Total: 2025-04-12 03:17:57.417+0000 - 80.00KiB
                                                                [neo4j/50b389a8]     - Total: 2025-04-12 03:17:57.403+0000 - 80.00KiB
                                                                [neo4j/50b389a8]   - Total: 2025-04-12 03:17:57.403+0000 - 80.00KiB
                                                                [neo4j/50b389a8] Storage summary: 
                                                                [neo4j/50b389a8]   Total size of store: 856.0KiB
                                                                [neo4j/50b389a8]   Total size of mapped files: 168.0KiB
                                                                [neo4j/50b389a8] 
                                                                [neo4j/50b389a8] --------------------------------------------------------------------------------
                                                                [neo4j/50b389a8]                               [ Transaction log ]                               
                                                                [neo4j/50b389a8] --------------------------------------------------------------------------------
                                                                [neo4j/50b389a8] Transaction log files stored on file store: fakeowner
                                                                [neo4j/50b389a8] Transaction log metadata:
                                                                [neo4j/50b389a8]  - current kernel version used in transactions: V5_25
                                                                [neo4j/50b389a8]  - last committed transaction id: 3
                                                                [neo4j/50b389a8] Transaction log files:
                                                                [neo4j/50b389a8]  - existing transaction log versions: 0-0
                                                                [neo4j/50b389a8]  - oldest append index 2 found in log with version 0
                                                                [neo4j/50b389a8]  - files: (filename : creation date - size)
                                                                [neo4j/50b389a8]      neostore.transaction.db.0: 2025-04-12 03:17:57.400+0000 - 3.162KiB
                                                                [neo4j/50b389a8]  - total size of files: 3.162KiB
                                                                [neo4j/50b389a8] Checkpoint log files:
                                                                [neo4j/50b389a8]  - existing checkpoint log versions: 0-0
                                                                [neo4j/50b389a8]  - last checkpoint: CheckpointInfo[oldestNotVisibleTransactionLogPosition=LogPosition{logVersion=0, byteOffset=3238}, transactionLogPosition=LogPosition{logVersion=0, byteOffset=3238}, storeId=StoreId{creationTime=1744427877334, random=-1664405997626209182, storageEngineName='record', formatName='aligned', majorVersion=1, minorVersion=1}, checkpointEntryPosition=LogPosition{logVersion=0, byteOffset=824}, channelPositionAfterCheckpoint=LogPosition{logVersion=0, byteOffset=1056}, checkpointFilePostReadPosition=LogPosition{logVersion=0, byteOffset=1056}, kernelVersion=KernelVersion{V5_25,version=20}, kernelVersionByte=20, transactionId=TransactionId[id=3, appendIndex=3, kernelVersion=KernelVersion{V5_25,version=20}, checksum=238056564, commitTimestamp=1744427877396, consensusIndex=-1], appendIndex=3, reason=Checkpoint triggered by "Database shutdown" @ txId: 3, append index: 3, consensusIndexInCheckpoint=true]
                                                                [neo4j/50b389a8] 
                                                                [neo4j/50b389a8] --------------------------------------------------------------------------------
                                                                [neo4j/50b389a8]                                   [ Id usage ]                                  
                                                                [neo4j/50b389a8] --------------------------------------------------------------------------------
                                                                [neo4j/50b389a8] ArrayPropertyStore[neostore.nodestore.db.labels]: used=1 high=0
                                                                [neo4j/50b389a8] NodeStore[neostore.nodestore.db]: used=0 high=-1
                                                                [neo4j/50b389a8] StringPropertyStore[neostore.propertystore.db.index.keys]: used=20 high=19
                                                                [neo4j/50b389a8] PropertyIndexStore[neostore.propertystore.db.index]: used=10 high=9
                                                                [neo4j/50b389a8] StringPropertyStore[neostore.propertystore.db.strings]: used=1 high=0
                                                                [neo4j/50b389a8] ArrayPropertyStore[neostore.propertystore.db.arrays]: used=1 high=0
                                                                [neo4j/50b389a8] PropertyStore[neostore.propertystore.db]: used=8 high=7
                                                                [neo4j/50b389a8] RelationshipStore[neostore.relationshipstore.db]: used=0 high=-1
                                                                [neo4j/50b389a8] StringPropertyStore[neostore.relationshiptypestore.db.names]: used=1 high=0
                                                                [neo4j/50b389a8] RelationshipTypeStore[neostore.relationshiptypestore.db]: used=0 high=-1
                                                                [neo4j/50b389a8] StringPropertyStore[neostore.labeltokenstore.db.names]: used=1 high=0
                                                                [neo4j/50b389a8] LabelTokenStore[neostore.labeltokenstore.db]: used=0 high=-1
                                                                [neo4j/50b389a8] SchemaStore[neostore.schemastore.db]: used=3 high=2
                                                                [neo4j/50b389a8] RelationshipGroupStore[neostore.relationshipgroupstore.db]: used=1 high=0
                                                                [neo4j/50b389a8] NeoStore[neostore]: used=-1 high=-1
                                                                [neo4j/50b389a8] 
                                                                [neo4j/50b389a8] --------------------------------------------------------------------------------
                                                                [neo4j/50b389a8]                                   [ Metadata ]                                  
                                                                [neo4j/50b389a8] --------------------------------------------------------------------------------
                                                                [neo4j/50b389a8] EXTERNAL_STORE_UUID (Database identifier exposed as external store identity. Generated on creation and never updated): 64e37435-069e-48a9-8a3d-10b762762ec7
                                                                [neo4j/50b389a8] DATABASE_ID (The last used DatabaseId for this database): null
                                                                [neo4j/50b389a8] LEGACY_STORE_VERSION (Legacy store format version. This field is used from 5.0 onwards only to distinguish non-migrated pre 5.0 metadata stores.): -3523014627327384477
                                                                [neo4j/50b389a8] STORE_ID (Store ID): StoreId{creationTime=1744427877334, random=-1664405997626209182, storageEngineName='record', formatName='aligned', majorVersion=1, minorVersion=1}
                                                                [neo4j/50b389a8] 
2025-04-12 03:36:28.174+0000 INFO  [o.n.k.i.a.i.IndexingService] [neo4j/50b389a8] IndexingService.init: indexes not specifically mentioned above are ONLINE. Total 2 indexes. Processed in 6ms
2025-04-12 03:36:28.177+0000 INFO  [o.n.k.a.DatabaseAvailabilityGuard] [neo4j/50b389a8] Requirement `Database unavailable` makes database neo4j unavailable.
2025-04-12 03:36:28.178+0000 INFO  [o.n.k.a.DatabaseAvailabilityGuard] [neo4j/50b389a8] DatabaseId{50b389a8[neo4j]} is unavailable.
2025-04-12 03:36:28.180+0000 WARN  [o.n.k.i.t.l.f.LogFileChannelNativeAccessor] [neo4j/50b389a8] Unable to advise sequential access for transaction log version: 0. Error: ErrorCode=-1, errorMessage='Incorrect file descriptor.'
2025-04-12 03:36:28.180+0000 WARN  [o.n.k.i.t.l.f.LogFileChannelNativeAccessor] [neo4j/50b389a8] Unable to advise preserve data in cache for transaction log version: 0. Error: ErrorCode=-1, errorMessage='Incorrect file descriptor.'
2025-04-12 03:36:28.181+0000 INFO  [o.n.k.d.Database] [neo4j/50b389a8] Starting transaction log [/data/transactions/neo4j/neostore.transaction.db.0] at version=0
2025-04-12 03:36:28.183+0000 WARN  [o.n.k.i.t.l.f.c.CheckpointFileChannelNativeAccessor] [neo4j/50b389a8] Unable to advise sequential access for transaction log version: 0. Error: ErrorCode=-1, errorMessage='Incorrect file descriptor.'
2025-04-12 03:36:28.184+0000 WARN  [o.n.k.i.t.l.f.c.CheckpointFileChannelNativeAccessor] [neo4j/50b389a8] Unable to advise preserve data in cache for transaction log version: 0. Error: ErrorCode=-1, errorMessage='Incorrect file descriptor.'
2025-04-12 03:36:28.184+0000 INFO  [o.n.k.d.Database] [neo4j/50b389a8] Starting transaction log [/data/transactions/neo4j/checkpoint.0] at version=0
2025-04-12 03:36:28.188+0000 WARN  [o.n.k.i.t.l.f.c.CheckpointFileChannelNativeAccessor] [neo4j/50b389a8] Unable to advise sequential access for transaction log version: 0. Error: ErrorCode=-1, errorMessage='Incorrect file descriptor.'
2025-04-12 03:36:28.188+0000 WARN  [o.n.k.i.t.l.f.c.CheckpointFileChannelNativeAccessor] [neo4j/50b389a8] Unable to advise preserve data in cache for transaction log version: 0. Error: ErrorCode=-1, errorMessage='Incorrect file descriptor.'
2025-04-12 03:36:28.189+0000 INFO  [o.n.k.i.t.l.f.c.CheckpointLogFile] [neo4j/50b389a8] Scanning log file with version 0 for checkpoint entries
2025-04-12 03:36:28.190+0000 WARN  [o.n.k.i.t.l.f.c.CheckpointFileChannelNativeAccessor] [neo4j/50b389a8] Unable to evict transaction log from cache with version: 0. Error: ErrorCode=-1, errorMessage='Incorrect file descriptor.'
2025-04-12 03:36:28.192+0000 WARN  [o.n.k.i.t.l.f.c.CheckpointFileChannelNativeAccessor] [neo4j/50b389a8] Unable to advise sequential access for transaction log version: 0. Error: ErrorCode=-1, errorMessage='Incorrect file descriptor.'
2025-04-12 03:36:28.192+0000 WARN  [o.n.k.i.t.l.f.c.CheckpointFileChannelNativeAccessor] [neo4j/50b389a8] Unable to advise preserve data in cache for transaction log version: 0. Error: ErrorCode=-1, errorMessage='Incorrect file descriptor.'
2025-04-12 03:36:28.193+0000 WARN  [o.n.k.i.t.l.f.c.CheckpointFileChannelNativeAccessor] [neo4j/50b389a8] Unable to evict transaction log from cache with version: 0. Error: ErrorCode=-1, errorMessage='Incorrect file descriptor.'
2025-04-12 03:36:28.194+0000 WARN  [o.n.k.i.t.l.f.LogFileChannelNativeAccessor] [neo4j/50b389a8] Unable to advise sequential access for transaction log version: 0. Error: ErrorCode=-1, errorMessage='Incorrect file descriptor.'
2025-04-12 03:36:28.194+0000 WARN  [o.n.k.i.t.l.f.LogFileChannelNativeAccessor] [neo4j/50b389a8] Unable to advise preserve data in cache for transaction log version: 0. Error: ErrorCode=-1, errorMessage='Incorrect file descriptor.'
2025-04-12 03:36:28.196+0000 WARN  [o.n.k.i.t.l.f.LogFileChannelNativeAccessor] [neo4j/50b389a8] Unable to advise sequential access for transaction log version: 0. Error: ErrorCode=-1, errorMessage='Incorrect file descriptor.'
2025-04-12 03:36:28.196+0000 WARN  [o.n.k.i.t.l.f.LogFileChannelNativeAccessor] [neo4j/50b389a8] Unable to advise preserve data in cache for transaction log version: 0. Error: ErrorCode=-1, errorMessage='Incorrect file descriptor.'
2025-04-12 03:36:28.197+0000 WARN  [o.n.k.i.t.l.f.LogFileChannelNativeAccessor] [neo4j/50b389a8] Unable to evict transaction log from cache with version: 0. Error: ErrorCode=-1, errorMessage='Incorrect file descriptor.'
2025-04-12 03:36:28.197+0000 WARN  [o.n.k.i.t.l.f.LogFileChannelNativeAccessor] [neo4j/50b389a8] Unable to evict transaction log from cache with version: 0. Error: ErrorCode=-1, errorMessage='Incorrect file descriptor.'
2025-04-12 03:36:28.200+0000 INFO  [o.n.k.i.a.i.IndexingService] [neo4j/50b389a8] IndexingService.start: indexes not specifically mentioned above are ONLINE. Total 2 indexes. Processed in 0ms
2025-04-12 03:36:28.202+0000 INFO  [o.n.k.a.DatabaseAvailabilityGuard] [neo4j/50b389a8] Fulfilling of requirement 'Database unavailable' makes database neo4j available.
2025-04-12 03:36:28.203+0000 INFO  [o.n.k.a.DatabaseAvailabilityGuard] [neo4j/50b389a8] DatabaseId{50b389a8[neo4j]} is ready.
2025-04-12 03:36:28.205+0000 INFO  [o.n.u.UserDataCollector] Anonymous Usage Data is being sent to Neo4j, see https://neo4j.com/docs/usage-data/
2025-04-12 03:36:28.304+0000 INFO  [o.n.b.p.c.c.n.SocketNettyConnector] Bolt enabled on 0.0.0.0:7687.
2025-04-12 03:36:28.307+0000 WARN  [i.n.b.ServerBootstrap] Unknown channel option 'SO_REUSEADDR' for channel '[id: 0xf3acc135]'
2025-04-12 03:36:28.317+0000 INFO  [o.n.b.BoltServer] Bolt server started
2025-04-12 03:36:28.318+0000 INFO  [o.n.s.A.ServerComponentsLifecycleAdapter] Starting web server
2025-04-12 03:36:29.458+0000 INFO  [o.n.s.CommunityNeoWebServer] HTTP enabled on 0.0.0.0:7474.
2025-04-12 03:36:29.459+0000 INFO  [o.n.s.CommunityNeoWebServer] Remote interface available at http://localhost:7474/
2025-04-12 03:36:29.460+0000 INFO  [o.n.s.A.ServerComponentsLifecycleAdapter] Web server started.
2025-04-12 03:36:29.466+0000 INFO  [o.n.g.f.DatabaseManagementServiceFactory] id: 49CF2D8D3B7FD70C07A508DFEE8558ED67C621E30E97645DEE538D5C0BD578FA
2025-04-12 03:36:29.469+0000 INFO  [o.n.g.f.DatabaseManagementServiceFactory] name: system
2025-04-12 03:36:29.471+0000 INFO  [o.n.g.f.DatabaseManagementServiceFactory] creationDate: 2025-04-12T03:17:56.314Z
2025-04-12 03:38:14.758+0000 INFO  [o.n.g.f.DatabaseManagementServiceFactory] Shutdown started
2025-04-12 03:38:14.778+0000 INFO  [o.n.b.BoltServer] Requested Bolt server shutdown
2025-04-12 03:38:14.779+0000 INFO  [o.n.b.p.c.c.ConnectionRegistry] Stopping remaining idle connections for connector bolt-local
2025-04-12 03:38:14.781+0000 INFO  [o.n.b.p.c.c.ConnectionRegistry] Stopped 0 idling connections for connector bolt-local
2025-04-12 03:38:14.782+0000 INFO  [o.n.b.p.c.c.ConnectionRegistry] Stopping remaining idle connections for connector bolt
2025-04-12 03:38:14.783+0000 INFO  [o.n.b.p.c.c.ConnectionRegistry] Stopped 6 idling connections for connector bolt
2025-04-12 03:38:14.786+0000 INFO  [o.n.d.d.DatabaseLifecycles] Stopping 'DatabaseId{50b389a8[neo4j]}'.
2025-04-12 03:38:14.908+0000 INFO  [o.n.k.a.DatabaseAvailabilityGuard] [neo4j/50b389a8] Requirement `Database unavailable` makes database neo4j unavailable.
2025-04-12 03:38:14.908+0000 INFO  [o.n.k.a.DatabaseAvailabilityGuard] [neo4j/50b389a8] DatabaseId{50b389a8[neo4j]} is unavailable.
2025-04-12 03:38:14.911+0000 INFO  [o.n.k.d.Database] [neo4j/50b389a8] Waiting for closing transactions.
2025-04-12 03:38:14.912+0000 INFO  [o.n.k.d.Database] [neo4j/50b389a8] All transactions are closed.
2025-04-12 03:38:14.916+0000 INFO  [o.n.k.i.t.l.c.CheckPointerImpl] [neo4j/50b389a8] Checkpoint triggered by "Database shutdown" @ txId: 3, append index: 3 checkpoint started...
2025-04-12 03:38:14.951+0000 INFO  [o.n.k.i.t.l.c.CheckPointerImpl] [neo4j/50b389a8] Checkpoint triggered by "Database shutdown" @ txId: 3, append index: 3 checkpoint completed in 33ms. Checkpoint flushed 23 pages (0% of total available pages), in 23 IOs. Checkpoint performed with IO limit: unlimited, paused in total 0 times( 0 millis).
2025-04-12 03:38:14.955+0000 INFO  [o.n.k.i.t.l.p.LogPruningImpl] [neo4j/50b389a8] No log version pruned. The strategy used was '2 days'. 
2025-04-12 03:38:14.964+0000 WARN  [o.n.k.i.t.l.f.c.CheckpointFileChannelNativeAccessor] [neo4j/50b389a8] Unable to evict transaction log from cache with version: 0. Error: ErrorCode=-1, errorMessage='Incorrect file descriptor.'
2025-04-12 03:38:14.964+0000 WARN  [o.n.k.i.t.l.f.LogFileChannelNativeAccessor] [neo4j/50b389a8] Unable to evict transaction log from cache with version: 0. Error: ErrorCode=-1, errorMessage='Incorrect file descriptor.'
2025-04-12 03:38:14.997+0000 INFO  [o.n.d.d.DatabaseLifecycles] Stopped 'DatabaseId{50b389a8[neo4j]}' successfully.
2025-04-12 03:38:14.997+0000 INFO  [o.n.d.d.DatabaseLifecycles] Stopping 'DatabaseId{00000000[system]}'.
2025-04-12 03:38:15.000+0000 INFO  [o.n.k.a.DatabaseAvailabilityGuard] [system/00000000] Requirement `Database unavailable` makes database system unavailable.
2025-04-12 03:38:15.000+0000 INFO  [o.n.k.a.DatabaseAvailabilityGuard] [system/00000000] DatabaseId{00000000[system]} is unavailable.
2025-04-12 03:38:15.003+0000 INFO  [o.n.k.d.Database] [system/00000000] Waiting for closing transactions.
2025-04-12 03:38:15.003+0000 INFO  [o.n.k.d.Database] [system/00000000] All transactions are closed.
2025-04-12 03:38:15.004+0000 INFO  [o.n.k.i.t.l.c.CheckPointerImpl] [system/00000000] Checkpoint triggered by "Database shutdown" @ txId: 41, append index: 41 checkpoint started...
2025-04-12 03:38:15.031+0000 INFO  [o.n.k.i.t.l.c.CheckPointerImpl] [system/00000000] Checkpoint triggered by "Database shutdown" @ txId: 41, append index: 41 checkpoint completed in 26ms. Checkpoint flushed 28 pages (0% of total available pages), in 28 IOs. Checkpoint performed with IO limit: unlimited, paused in total 0 times( 0 millis).
2025-04-12 03:38:15.032+0000 INFO  [o.n.k.i.t.l.p.LogPruningImpl] [system/00000000] No log version pruned. The strategy used was '2 days'. 
2025-04-12 03:38:15.043+0000 WARN  [o.n.k.i.t.l.f.c.CheckpointFileChannelNativeAccessor] [system/00000000] Unable to evict transaction log from cache with version: 0. Error: ErrorCode=-1, errorMessage='Incorrect file descriptor.'
2025-04-12 03:38:15.043+0000 WARN  [o.n.k.i.t.l.f.LogFileChannelNativeAccessor] [system/00000000] Unable to evict transaction log from cache with version: 0. Error: ErrorCode=-1, errorMessage='Incorrect file descriptor.'
2025-04-12 03:38:15.075+0000 INFO  [o.n.d.d.DatabaseLifecycles] Stopped 'DatabaseId{00000000[system]}' successfully.
2025-04-12 03:38:15.077+0000 INFO  [o.n.b.BoltServer] Shutting down Bolt server
2025-04-12 03:38:20.106+0000 INFO  [o.n.b.p.c.c.ConnectionRegistry] Stopping 0 connections for connector bolt-local
2025-04-12 03:38:20.108+0000 INFO  [o.n.b.p.c.c.ConnectionRegistry] Stopped all remaining connections for connector bolt-local
2025-04-12 03:38:20.109+0000 INFO  [o.n.b.p.c.c.ConnectionRegistry] Stopping 0 connections for connector bolt
2025-04-12 03:38:20.109+0000 INFO  [o.n.b.p.c.c.ConnectionRegistry] Stopped all remaining connections for connector bolt
